-- Fake data generated for auction project
BEGIN;

TRUNCATE shipment, payment, bid, auction, item, users CASCADE;

INSERT INTO users VALUES ('buyer1', 'password123', '555-7669', 'Buyer Address buyer1', 'Buyer', 'Clothing');
INSERT INTO users VALUES ('buyer2', 'password123', '555-1199', 'Buyer Address buyer2', 'Buyer', 'Art');
INSERT INTO users VALUES ('buyer3', 'password123', '555-1574', 'Buyer Address buyer3', 'Buyer', 'Toys');
INSERT INTO users VALUES ('buyer4', 'password123', '555-7035', 'Buyer Address buyer4', 'Buyer', 'Games');
INSERT INTO users VALUES ('buyer5', 'password123', '555-4265', 'Buyer Address buyer5', 'Buyer', 'Home');
INSERT INTO users VALUES ('buyer6', 'password123', '555-1168', 'Buyer Address buyer6', 'Buyer', 'Clothing');
INSERT INTO users VALUES ('buyer7', 'password123', '555-2574', 'Buyer Address buyer7', 'Buyer', 'Games');
INSERT INTO users VALUES ('buyer8', 'password123', '555-7330', 'Buyer Address buyer8', 'Buyer', 'Sports');
INSERT INTO users VALUES ('buyer9', 'password123', '555-1026', 'Buyer Address buyer9', 'Buyer', 'Books');
INSERT INTO users VALUES ('buyer10', 'password123', '555-5353', 'Buyer Address buyer10', 'Buyer', 'Clothing');
INSERT INTO users VALUES ('buyer11', 'password123', '555-8937', 'Buyer Address buyer11', 'Buyer', 'Sports');
INSERT INTO users VALUES ('buyer12', 'password123', '555-6226', 'Buyer Address buyer12', 'Buyer', 'Clothing');
INSERT INTO users VALUES ('buyer13', 'password123', '555-5501', 'Buyer Address buyer13', 'Buyer', 'Games');
INSERT INTO users VALUES ('buyer14', 'password123', '555-9543', 'Buyer Address buyer14', 'Buyer', 'Sports');
INSERT INTO users VALUES ('buyer15', 'password123', '555-4867', 'Buyer Address buyer15', 'Buyer', 'Clothing');
INSERT INTO users VALUES ('buyer16', 'password123', '555-9773', 'Buyer Address buyer16', 'Buyer', 'Games');
INSERT INTO users VALUES ('buyer17', 'password123', '555-5348', 'Buyer Address buyer17', 'Buyer', 'Electronics');
INSERT INTO users VALUES ('buyer18', 'password123', '555-5391', 'Buyer Address buyer18', 'Buyer', 'Games');
INSERT INTO users VALUES ('buyer19', 'password123', '555-5983', 'Buyer Address buyer19', 'Buyer', 'Clothing');
INSERT INTO users VALUES ('buyer20', 'password123', '555-2739', 'Buyer Address buyer20', 'Buyer', 'Electronics');
INSERT INTO users VALUES ('buyer21', 'password123', '555-2325', 'Buyer Address buyer21', 'Buyer', 'Games');
INSERT INTO users VALUES ('buyer22', 'password123', '555-1074', 'Buyer Address buyer22', 'Buyer', 'Sports');
INSERT INTO users VALUES ('buyer23', 'password123', '555-7103', 'Buyer Address buyer23', 'Buyer', 'Art');
INSERT INTO users VALUES ('buyer24', 'password123', '555-9077', 'Buyer Address buyer24', 'Buyer', 'Toys');
INSERT INTO users VALUES ('buyer25', 'password123', '555-6448', 'Buyer Address buyer25', 'Buyer', 'Art');
INSERT INTO users VALUES ('buyer26', 'password123', '555-7999', 'Buyer Address buyer26', 'Buyer', 'Home');
INSERT INTO users VALUES ('buyer27', 'password123', '555-9444', 'Buyer Address buyer27', 'Buyer', 'Sports');
INSERT INTO users VALUES ('buyer28', 'password123', '555-8254', 'Buyer Address buyer28', 'Buyer', 'Home');
INSERT INTO users VALUES ('buyer29', 'password123', '555-2823', 'Buyer Address buyer29', 'Buyer', 'Toys');
INSERT INTO users VALUES ('buyer30', 'password123', '555-6168', 'Buyer Address buyer30', 'Buyer', 'Electronics');
INSERT INTO users VALUES ('buyer31', 'password123', '555-6755', 'Buyer Address buyer31', 'Buyer', 'Art');
INSERT INTO users VALUES ('buyer32', 'password123', '555-3331', 'Buyer Address buyer32', 'Buyer', 'Toys');
INSERT INTO users VALUES ('buyer33', 'password123', '555-9640', 'Buyer Address buyer33', 'Buyer', 'Art');
INSERT INTO users VALUES ('buyer34', 'password123', '555-4264', 'Buyer Address buyer34', 'Buyer', 'Home');
INSERT INTO users VALUES ('buyer35', 'password123', '555-1613', 'Buyer Address buyer35', 'Buyer', 'Home');
INSERT INTO users VALUES ('buyer36', 'password123', '555-4247', 'Buyer Address buyer36', 'Buyer', 'Electronics');
INSERT INTO users VALUES ('buyer37', 'password123', '555-7512', 'Buyer Address buyer37', 'Buyer', 'Games');
INSERT INTO users VALUES ('buyer38', 'password123', '555-2115', 'Buyer Address buyer38', 'Buyer', 'Sports');
INSERT INTO users VALUES ('buyer39', 'password123', '555-2195', 'Buyer Address buyer39', 'Buyer', 'Clothing');
INSERT INTO users VALUES ('buyer40', 'password123', '555-6220', 'Buyer Address buyer40', 'Buyer', 'Games');
INSERT INTO users VALUES ('buyer41', 'password123', '555-8308', 'Buyer Address buyer41', 'Buyer', 'Clothing');
INSERT INTO users VALUES ('buyer42', 'password123', '555-8962', 'Buyer Address buyer42', 'Buyer', 'Books');
INSERT INTO users VALUES ('buyer43', 'password123', '555-4000', 'Buyer Address buyer43', 'Buyer', 'Books');
INSERT INTO users VALUES ('buyer44', 'password123', '555-6724', 'Buyer Address buyer44', 'Buyer', 'Art');
INSERT INTO users VALUES ('buyer45', 'password123', '555-8517', 'Buyer Address buyer45', 'Buyer', 'Books');
INSERT INTO users VALUES ('buyer46', 'password123', '555-3733', 'Buyer Address buyer46', 'Buyer', 'Sports');
INSERT INTO users VALUES ('buyer47', 'password123', '555-3312', 'Buyer Address buyer47', 'Buyer', 'Electronics');
INSERT INTO users VALUES ('buyer48', 'password123', '555-6149', 'Buyer Address buyer48', 'Buyer', 'Games');
INSERT INTO users VALUES ('buyer49', 'password123', '555-9247', 'Buyer Address buyer49', 'Buyer', 'Electronics');
INSERT INTO users VALUES ('buyer50', 'password123', '555-4820', 'Buyer Address buyer50', 'Buyer', 'Art');
INSERT INTO users VALUES ('buyer51', 'password123', '555-4774', 'Buyer Address buyer51', 'Buyer', 'Art');
INSERT INTO users VALUES ('buyer52', 'password123', '555-8334', 'Buyer Address buyer52', 'Buyer', 'Electronics');
INSERT INTO users VALUES ('buyer53', 'password123', '555-4988', 'Buyer Address buyer53', 'Buyer', 'Games');
INSERT INTO users VALUES ('buyer54', 'password123', '555-8308', 'Buyer Address buyer54', 'Buyer', 'Electronics');
INSERT INTO users VALUES ('buyer55', 'password123', '555-6091', 'Buyer Address buyer55', 'Buyer', 'Electronics');
INSERT INTO users VALUES ('buyer56', 'password123', '555-9882', 'Buyer Address buyer56', 'Buyer', 'Toys');
INSERT INTO users VALUES ('buyer57', 'password123', '555-6019', 'Buyer Address buyer57', 'Buyer', 'Home');
INSERT INTO users VALUES ('buyer58', 'password123', '555-4987', 'Buyer Address buyer58', 'Buyer', 'Art');
INSERT INTO users VALUES ('buyer59', 'password123', '555-5227', 'Buyer Address buyer59', 'Buyer', 'Games');
INSERT INTO users VALUES ('buyer60', 'password123', '555-1973', 'Buyer Address buyer60', 'Buyer', 'Clothing');
INSERT INTO users VALUES ('buyer61', 'password123', '555-6025', 'Buyer Address buyer61', 'Buyer', 'Home');
INSERT INTO users VALUES ('buyer62', 'password123', '555-6811', 'Buyer Address buyer62', 'Buyer', 'Electronics');
INSERT INTO users VALUES ('buyer63', 'password123', '555-2113', 'Buyer Address buyer63', 'Buyer', 'Games');
INSERT INTO users VALUES ('buyer64', 'password123', '555-9393', 'Buyer Address buyer64', 'Buyer', 'Books');
INSERT INTO users VALUES ('buyer65', 'password123', '555-1920', 'Buyer Address buyer65', 'Buyer', 'Home');
INSERT INTO users VALUES ('buyer66', 'password123', '555-7484', 'Buyer Address buyer66', 'Buyer', 'Home');
INSERT INTO users VALUES ('buyer67', 'password123', '555-8417', 'Buyer Address buyer67', 'Buyer', 'Sports');
INSERT INTO users VALUES ('buyer68', 'password123', '555-3267', 'Buyer Address buyer68', 'Buyer', 'Games');
INSERT INTO users VALUES ('buyer69', 'password123', '555-4703', 'Buyer Address buyer69', 'Buyer', 'Games');
INSERT INTO users VALUES ('buyer70', 'password123', '555-6213', 'Buyer Address buyer70', 'Buyer', 'Sports');
INSERT INTO users VALUES ('buyer71', 'password123', '555-3573', 'Buyer Address buyer71', 'Buyer', 'Home');
INSERT INTO users VALUES ('buyer72', 'password123', '555-2001', 'Buyer Address buyer72', 'Buyer', 'Sports');
INSERT INTO users VALUES ('buyer73', 'password123', '555-6495', 'Buyer Address buyer73', 'Buyer', 'Sports');
INSERT INTO users VALUES ('buyer74', 'password123', '555-7916', 'Buyer Address buyer74', 'Buyer', 'Sports');
INSERT INTO users VALUES ('buyer75', 'password123', '555-2460', 'Buyer Address buyer75', 'Buyer', 'Clothing');
INSERT INTO users VALUES ('buyer76', 'password123', '555-6965', 'Buyer Address buyer76', 'Buyer', 'Home');
INSERT INTO users VALUES ('buyer77', 'password123', '555-1656', 'Buyer Address buyer77', 'Buyer', 'Clothing');
INSERT INTO users VALUES ('buyer78', 'password123', '555-7730', 'Buyer Address buyer78', 'Buyer', 'Toys');
INSERT INTO users VALUES ('buyer79', 'password123', '555-9010', 'Buyer Address buyer79', 'Buyer', 'Toys');
INSERT INTO users VALUES ('buyer80', 'password123', '555-3633', 'Buyer Address buyer80', 'Buyer', 'Electronics');
INSERT INTO users VALUES ('buyer81', 'password123', '555-3096', 'Buyer Address buyer81', 'Buyer', 'Art');
INSERT INTO users VALUES ('buyer82', 'password123', '555-7865', 'Buyer Address buyer82', 'Buyer', 'Home');
INSERT INTO users VALUES ('buyer83', 'password123', '555-1209', 'Buyer Address buyer83', 'Buyer', 'Sports');
INSERT INTO users VALUES ('buyer84', 'password123', '555-1511', 'Buyer Address buyer84', 'Buyer', 'Books');
INSERT INTO users VALUES ('buyer85', 'password123', '555-6247', 'Buyer Address buyer85', 'Buyer', 'Games');
INSERT INTO users VALUES ('buyer86', 'password123', '555-7171', 'Buyer Address buyer86', 'Buyer', 'Books');
INSERT INTO users VALUES ('buyer87', 'password123', '555-5316', 'Buyer Address buyer87', 'Buyer', 'Art');
INSERT INTO users VALUES ('buyer88', 'password123', '555-7878', 'Buyer Address buyer88', 'Buyer', 'Books');
INSERT INTO users VALUES ('buyer89', 'password123', '555-4418', 'Buyer Address buyer89', 'Buyer', 'Clothing');
INSERT INTO users VALUES ('buyer90', 'password123', '555-4190', 'Buyer Address buyer90', 'Buyer', 'Art');
INSERT INTO users VALUES ('buyer91', 'password123', '555-8956', 'Buyer Address buyer91', 'Buyer', 'Home');
INSERT INTO users VALUES ('buyer92', 'password123', '555-7056', 'Buyer Address buyer92', 'Buyer', 'Toys');
INSERT INTO users VALUES ('buyer93', 'password123', '555-5177', 'Buyer Address buyer93', 'Buyer', 'Art');
INSERT INTO users VALUES ('buyer94', 'password123', '555-1158', 'Buyer Address buyer94', 'Buyer', 'Home');
INSERT INTO users VALUES ('buyer95', 'password123', '555-1237', 'Buyer Address buyer95', 'Buyer', 'Clothing');
INSERT INTO users VALUES ('buyer96', 'password123', '555-4625', 'Buyer Address buyer96', 'Buyer', 'Toys');
INSERT INTO users VALUES ('buyer97', 'password123', '555-8982', 'Buyer Address buyer97', 'Buyer', 'Games');
INSERT INTO users VALUES ('buyer98', 'password123', '555-6973', 'Buyer Address buyer98', 'Buyer', 'Toys');
INSERT INTO users VALUES ('buyer99', 'password123', '555-3627', 'Buyer Address buyer99', 'Buyer', 'Home');
INSERT INTO users VALUES ('buyer100', 'password123', '555-9050', 'Buyer Address buyer100', 'Buyer', 'Toys');
INSERT INTO users VALUES ('buyer101', 'password123', '555-1715', 'Buyer Address buyer101', 'Buyer', 'Home');
INSERT INTO users VALUES ('buyer102', 'password123', '555-8868', 'Buyer Address buyer102', 'Buyer', 'Books');
INSERT INTO users VALUES ('buyer103', 'password123', '555-9787', 'Buyer Address buyer103', 'Buyer', 'Books');
INSERT INTO users VALUES ('buyer104', 'password123', '555-3886', 'Buyer Address buyer104', 'Buyer', 'Games');
INSERT INTO users VALUES ('buyer105', 'password123', '555-2248', 'Buyer Address buyer105', 'Buyer', 'Toys');
INSERT INTO users VALUES ('buyer106', 'password123', '555-1476', 'Buyer Address buyer106', 'Buyer', 'Art');
INSERT INTO users VALUES ('buyer107', 'password123', '555-7115', 'Buyer Address buyer107', 'Buyer', 'Art');
INSERT INTO users VALUES ('buyer108', 'password123', '555-7234', 'Buyer Address buyer108', 'Buyer', 'Books');
INSERT INTO users VALUES ('buyer109', 'password123', '555-6770', 'Buyer Address buyer109', 'Buyer', 'Sports');
INSERT INTO users VALUES ('buyer110', 'password123', '555-6523', 'Buyer Address buyer110', 'Buyer', 'Home');
INSERT INTO users VALUES ('buyer111', 'password123', '555-2408', 'Buyer Address buyer111', 'Buyer', 'Sports');
INSERT INTO users VALUES ('buyer112', 'password123', '555-8491', 'Buyer Address buyer112', 'Buyer', 'Games');
INSERT INTO users VALUES ('buyer113', 'password123', '555-8442', 'Buyer Address buyer113', 'Buyer', 'Games');
INSERT INTO users VALUES ('buyer114', 'password123', '555-5737', 'Buyer Address buyer114', 'Buyer', 'Sports');
INSERT INTO users VALUES ('buyer115', 'password123', '555-9587', 'Buyer Address buyer115', 'Buyer', 'Art');
INSERT INTO users VALUES ('buyer116', 'password123', '555-1128', 'Buyer Address buyer116', 'Buyer', 'Toys');
INSERT INTO users VALUES ('buyer117', 'password123', '555-3447', 'Buyer Address buyer117', 'Buyer', 'Clothing');
INSERT INTO users VALUES ('buyer118', 'password123', '555-5261', 'Buyer Address buyer118', 'Buyer', 'Books');
INSERT INTO users VALUES ('buyer119', 'password123', '555-6304', 'Buyer Address buyer119', 'Buyer', 'Home');
INSERT INTO users VALUES ('buyer120', 'password123', '555-5414', 'Buyer Address buyer120', 'Buyer', 'Games');
INSERT INTO users VALUES ('buyer121', 'password123', '555-6751', 'Buyer Address buyer121', 'Buyer', 'Toys');
INSERT INTO users VALUES ('buyer122', 'password123', '555-1781', 'Buyer Address buyer122', 'Buyer', 'Sports');
INSERT INTO users VALUES ('buyer123', 'password123', '555-8906', 'Buyer Address buyer123', 'Buyer', 'Games');
INSERT INTO users VALUES ('buyer124', 'password123', '555-1212', 'Buyer Address buyer124', 'Buyer', 'Books');
INSERT INTO users VALUES ('buyer125', 'password123', '555-6387', 'Buyer Address buyer125', 'Buyer', 'Clothing');
INSERT INTO users VALUES ('buyer126', 'password123', '555-5294', 'Buyer Address buyer126', 'Buyer', 'Books');
INSERT INTO users VALUES ('buyer127', 'password123', '555-9392', 'Buyer Address buyer127', 'Buyer', 'Toys');
INSERT INTO users VALUES ('buyer128', 'password123', '555-2423', 'Buyer Address buyer128', 'Buyer', 'Electronics');
INSERT INTO users VALUES ('buyer129', 'password123', '555-4795', 'Buyer Address buyer129', 'Buyer', 'Clothing');
INSERT INTO users VALUES ('buyer130', 'password123', '555-5171', 'Buyer Address buyer130', 'Buyer', 'Clothing');
INSERT INTO users VALUES ('buyer131', 'password123', '555-4130', 'Buyer Address buyer131', 'Buyer', 'Electronics');
INSERT INTO users VALUES ('buyer132', 'password123', '555-7398', 'Buyer Address buyer132', 'Buyer', 'Home');
INSERT INTO users VALUES ('buyer133', 'password123', '555-6170', 'Buyer Address buyer133', 'Buyer', 'Clothing');
INSERT INTO users VALUES ('buyer134', 'password123', '555-7631', 'Buyer Address buyer134', 'Buyer', 'Toys');
INSERT INTO users VALUES ('buyer135', 'password123', '555-1498', 'Buyer Address buyer135', 'Buyer', 'Sports');
INSERT INTO users VALUES ('buyer136', 'password123', '555-1606', 'Buyer Address buyer136', 'Buyer', 'Electronics');
INSERT INTO users VALUES ('buyer137', 'password123', '555-8459', 'Buyer Address buyer137', 'Buyer', 'Electronics');
INSERT INTO users VALUES ('buyer138', 'password123', '555-7420', 'Buyer Address buyer138', 'Buyer', 'Toys');
INSERT INTO users VALUES ('buyer139', 'password123', '555-8384', 'Buyer Address buyer139', 'Buyer', 'Clothing');
INSERT INTO users VALUES ('buyer140', 'password123', '555-1331', 'Buyer Address buyer140', 'Buyer', 'Electronics');
INSERT INTO users VALUES ('buyer141', 'password123', '555-2631', 'Buyer Address buyer141', 'Buyer', 'Clothing');
INSERT INTO users VALUES ('buyer142', 'password123', '555-3167', 'Buyer Address buyer142', 'Buyer', 'Sports');
INSERT INTO users VALUES ('buyer143', 'password123', '555-4998', 'Buyer Address buyer143', 'Buyer', 'Electronics');
INSERT INTO users VALUES ('buyer144', 'password123', '555-4269', 'Buyer Address buyer144', 'Buyer', 'Books');
INSERT INTO users VALUES ('buyer145', 'password123', '555-8263', 'Buyer Address buyer145', 'Buyer', 'Games');
INSERT INTO users VALUES ('buyer146', 'password123', '555-1797', 'Buyer Address buyer146', 'Buyer', 'Books');
INSERT INTO users VALUES ('buyer147', 'password123', '555-4445', 'Buyer Address buyer147', 'Buyer', 'Games');
INSERT INTO users VALUES ('buyer148', 'password123', '555-7405', 'Buyer Address buyer148', 'Buyer', 'Art');
INSERT INTO users VALUES ('buyer149', 'password123', '555-8194', 'Buyer Address buyer149', 'Buyer', 'Clothing');
INSERT INTO users VALUES ('buyer150', 'password123', '555-5696', 'Buyer Address buyer150', 'Buyer', 'Electronics');
INSERT INTO users VALUES ('buyer151', 'password123', '555-4207', 'Buyer Address buyer151', 'Buyer', 'Home');
INSERT INTO users VALUES ('buyer152', 'password123', '555-5543', 'Buyer Address buyer152', 'Buyer', 'Sports');
INSERT INTO users VALUES ('buyer153', 'password123', '555-9278', 'Buyer Address buyer153', 'Buyer', 'Toys');
INSERT INTO users VALUES ('buyer154', 'password123', '555-1386', 'Buyer Address buyer154', 'Buyer', 'Art');
INSERT INTO users VALUES ('buyer155', 'password123', '555-4747', 'Buyer Address buyer155', 'Buyer', 'Home');
INSERT INTO users VALUES ('buyer156', 'password123', '555-4542', 'Buyer Address buyer156', 'Buyer', 'Electronics');
INSERT INTO users VALUES ('buyer157', 'password123', '555-6595', 'Buyer Address buyer157', 'Buyer', 'Games');
INSERT INTO users VALUES ('buyer158', 'password123', '555-6669', 'Buyer Address buyer158', 'Buyer', 'Toys');
INSERT INTO users VALUES ('buyer159', 'password123', '555-4825', 'Buyer Address buyer159', 'Buyer', 'Games');
INSERT INTO users VALUES ('buyer160', 'password123', '555-7098', 'Buyer Address buyer160', 'Buyer', 'Toys');
INSERT INTO users VALUES ('buyer161', 'password123', '555-3520', 'Buyer Address buyer161', 'Buyer', 'Books');
INSERT INTO users VALUES ('buyer162', 'password123', '555-1658', 'Buyer Address buyer162', 'Buyer', 'Electronics');
INSERT INTO users VALUES ('buyer163', 'password123', '555-5683', 'Buyer Address buyer163', 'Buyer', 'Games');
INSERT INTO users VALUES ('buyer164', 'password123', '555-9803', 'Buyer Address buyer164', 'Buyer', 'Games');
INSERT INTO users VALUES ('buyer165', 'password123', '555-2745', 'Buyer Address buyer165', 'Buyer', 'Toys');
INSERT INTO users VALUES ('buyer166', 'password123', '555-2764', 'Buyer Address buyer166', 'Buyer', 'Home');
INSERT INTO users VALUES ('buyer167', 'password123', '555-3985', 'Buyer Address buyer167', 'Buyer', 'Clothing');
INSERT INTO users VALUES ('buyer168', 'password123', '555-4969', 'Buyer Address buyer168', 'Buyer', 'Games');
INSERT INTO users VALUES ('buyer169', 'password123', '555-2566', 'Buyer Address buyer169', 'Buyer', 'Games');
INSERT INTO users VALUES ('buyer170', 'password123', '555-3685', 'Buyer Address buyer170', 'Buyer', 'Art');
INSERT INTO users VALUES ('buyer171', 'password123', '555-8159', 'Buyer Address buyer171', 'Buyer', 'Games');
INSERT INTO users VALUES ('buyer172', 'password123', '555-1734', 'Buyer Address buyer172', 'Buyer', 'Home');
INSERT INTO users VALUES ('buyer173', 'password123', '555-5579', 'Buyer Address buyer173', 'Buyer', 'Clothing');
INSERT INTO users VALUES ('buyer174', 'password123', '555-9439', 'Buyer Address buyer174', 'Buyer', 'Toys');
INSERT INTO users VALUES ('buyer175', 'password123', '555-4014', 'Buyer Address buyer175', 'Buyer', 'Electronics');
INSERT INTO users VALUES ('buyer176', 'password123', '555-6585', 'Buyer Address buyer176', 'Buyer', 'Clothing');
INSERT INTO users VALUES ('buyer177', 'password123', '555-9714', 'Buyer Address buyer177', 'Buyer', 'Games');
INSERT INTO users VALUES ('buyer178', 'password123', '555-5727', 'Buyer Address buyer178', 'Buyer', 'Toys');
INSERT INTO users VALUES ('buyer179', 'password123', '555-6208', 'Buyer Address buyer179', 'Buyer', 'Toys');
INSERT INTO users VALUES ('buyer180', 'password123', '555-8042', 'Buyer Address buyer180', 'Buyer', 'Toys');
INSERT INTO users VALUES ('buyer181', 'password123', '555-9707', 'Buyer Address buyer181', 'Buyer', 'Books');
INSERT INTO users VALUES ('buyer182', 'password123', '555-7522', 'Buyer Address buyer182', 'Buyer', 'Sports');
INSERT INTO users VALUES ('buyer183', 'password123', '555-7688', 'Buyer Address buyer183', 'Buyer', 'Toys');
INSERT INTO users VALUES ('buyer184', 'password123', '555-5015', 'Buyer Address buyer184', 'Buyer', 'Sports');
INSERT INTO users VALUES ('buyer185', 'password123', '555-3037', 'Buyer Address buyer185', 'Buyer', 'Books');
INSERT INTO users VALUES ('buyer186', 'password123', '555-8275', 'Buyer Address buyer186', 'Buyer', 'Books');
INSERT INTO users VALUES ('buyer187', 'password123', '555-4394', 'Buyer Address buyer187', 'Buyer', 'Sports');
INSERT INTO users VALUES ('buyer188', 'password123', '555-8734', 'Buyer Address buyer188', 'Buyer', 'Electronics');
INSERT INTO users VALUES ('buyer189', 'password123', '555-6245', 'Buyer Address buyer189', 'Buyer', 'Clothing');
INSERT INTO users VALUES ('buyer190', 'password123', '555-1372', 'Buyer Address buyer190', 'Buyer', 'Home');
INSERT INTO users VALUES ('buyer191', 'password123', '555-9569', 'Buyer Address buyer191', 'Buyer', 'Home');
INSERT INTO users VALUES ('buyer192', 'password123', '555-6781', 'Buyer Address buyer192', 'Buyer', 'Art');
INSERT INTO users VALUES ('buyer193', 'password123', '555-7633', 'Buyer Address buyer193', 'Buyer', 'Toys');
INSERT INTO users VALUES ('buyer194', 'password123', '555-5619', 'Buyer Address buyer194', 'Buyer', 'Sports');
INSERT INTO users VALUES ('buyer195', 'password123', '555-4922', 'Buyer Address buyer195', 'Buyer', 'Sports');
INSERT INTO users VALUES ('buyer196', 'password123', '555-1099', 'Buyer Address buyer196', 'Buyer', 'Games');
INSERT INTO users VALUES ('buyer197', 'password123', '555-8124', 'Buyer Address buyer197', 'Buyer', 'Home');
INSERT INTO users VALUES ('buyer198', 'password123', '555-1392', 'Buyer Address buyer198', 'Buyer', 'Books');
INSERT INTO users VALUES ('buyer199', 'password123', '555-2885', 'Buyer Address buyer199', 'Buyer', 'Games');
INSERT INTO users VALUES ('buyer200', 'password123', '555-8422', 'Buyer Address buyer200', 'Buyer', 'Sports');
INSERT INTO users VALUES ('buyer201', 'password123', '555-8637', 'Buyer Address buyer201', 'Buyer', 'Electronics');
INSERT INTO users VALUES ('buyer202', 'password123', '555-5862', 'Buyer Address buyer202', 'Buyer', 'Electronics');
INSERT INTO users VALUES ('buyer203', 'password123', '555-3236', 'Buyer Address buyer203', 'Buyer', 'Electronics');
INSERT INTO users VALUES ('buyer204', 'password123', '555-6684', 'Buyer Address buyer204', 'Buyer', 'Sports');
INSERT INTO users VALUES ('buyer205', 'password123', '555-6712', 'Buyer Address buyer205', 'Buyer', 'Art');
INSERT INTO users VALUES ('buyer206', 'password123', '555-7665', 'Buyer Address buyer206', 'Buyer', 'Art');
INSERT INTO users VALUES ('buyer207', 'password123', '555-5065', 'Buyer Address buyer207', 'Buyer', 'Books');
INSERT INTO users VALUES ('buyer208', 'password123', '555-9805', 'Buyer Address buyer208', 'Buyer', 'Home');
INSERT INTO users VALUES ('buyer209', 'password123', '555-9852', 'Buyer Address buyer209', 'Buyer', 'Clothing');
INSERT INTO users VALUES ('buyer210', 'password123', '555-6181', 'Buyer Address buyer210', 'Buyer', 'Home');
INSERT INTO users VALUES ('buyer211', 'password123', '555-1977', 'Buyer Address buyer211', 'Buyer', 'Books');
INSERT INTO users VALUES ('buyer212', 'password123', '555-4902', 'Buyer Address buyer212', 'Buyer', 'Toys');
INSERT INTO users VALUES ('buyer213', 'password123', '555-8603', 'Buyer Address buyer213', 'Buyer', 'Home');
INSERT INTO users VALUES ('buyer214', 'password123', '555-8558', 'Buyer Address buyer214', 'Buyer', 'Clothing');
INSERT INTO users VALUES ('buyer215', 'password123', '555-3882', 'Buyer Address buyer215', 'Buyer', 'Art');
INSERT INTO users VALUES ('buyer216', 'password123', '555-2674', 'Buyer Address buyer216', 'Buyer', 'Clothing');
INSERT INTO users VALUES ('buyer217', 'password123', '555-7211', 'Buyer Address buyer217', 'Buyer', 'Art');
INSERT INTO users VALUES ('buyer218', 'password123', '555-5738', 'Buyer Address buyer218', 'Buyer', 'Art');
INSERT INTO users VALUES ('buyer219', 'password123', '555-1511', 'Buyer Address buyer219', 'Buyer', 'Sports');
INSERT INTO users VALUES ('buyer220', 'password123', '555-3335', 'Buyer Address buyer220', 'Buyer', 'Games');
INSERT INTO users VALUES ('buyer221', 'password123', '555-9714', 'Buyer Address buyer221', 'Buyer', 'Toys');
INSERT INTO users VALUES ('buyer222', 'password123', '555-9878', 'Buyer Address buyer222', 'Buyer', 'Clothing');
INSERT INTO users VALUES ('buyer223', 'password123', '555-9341', 'Buyer Address buyer223', 'Buyer', 'Games');
INSERT INTO users VALUES ('buyer224', 'password123', '555-2920', 'Buyer Address buyer224', 'Buyer', 'Games');
INSERT INTO users VALUES ('buyer225', 'password123', '555-2306', 'Buyer Address buyer225', 'Buyer', 'Books');
INSERT INTO users VALUES ('buyer226', 'password123', '555-5655', 'Buyer Address buyer226', 'Buyer', 'Games');
INSERT INTO users VALUES ('buyer227', 'password123', '555-1189', 'Buyer Address buyer227', 'Buyer', 'Electronics');
INSERT INTO users VALUES ('buyer228', 'password123', '555-2066', 'Buyer Address buyer228', 'Buyer', 'Games');
INSERT INTO users VALUES ('buyer229', 'password123', '555-6769', 'Buyer Address buyer229', 'Buyer', 'Games');
INSERT INTO users VALUES ('buyer230', 'password123', '555-4539', 'Buyer Address buyer230', 'Buyer', 'Games');
INSERT INTO users VALUES ('buyer231', 'password123', '555-9850', 'Buyer Address buyer231', 'Buyer', 'Clothing');
INSERT INTO users VALUES ('buyer232', 'password123', '555-7419', 'Buyer Address buyer232', 'Buyer', 'Toys');
INSERT INTO users VALUES ('buyer233', 'password123', '555-7364', 'Buyer Address buyer233', 'Buyer', 'Books');
INSERT INTO users VALUES ('buyer234', 'password123', '555-6850', 'Buyer Address buyer234', 'Buyer', 'Games');
INSERT INTO users VALUES ('buyer235', 'password123', '555-2414', 'Buyer Address buyer235', 'Buyer', 'Art');
INSERT INTO users VALUES ('buyer236', 'password123', '555-6369', 'Buyer Address buyer236', 'Buyer', 'Clothing');
INSERT INTO users VALUES ('buyer237', 'password123', '555-4601', 'Buyer Address buyer237', 'Buyer', 'Electronics');
INSERT INTO users VALUES ('buyer238', 'password123', '555-5186', 'Buyer Address buyer238', 'Buyer', 'Books');
INSERT INTO users VALUES ('buyer239', 'password123', '555-8268', 'Buyer Address buyer239', 'Buyer', 'Art');
INSERT INTO users VALUES ('buyer240', 'password123', '555-1251', 'Buyer Address buyer240', 'Buyer', 'Art');
INSERT INTO users VALUES ('buyer241', 'password123', '555-6110', 'Buyer Address buyer241', 'Buyer', 'Home');
INSERT INTO users VALUES ('buyer242', 'password123', '555-8429', 'Buyer Address buyer242', 'Buyer', 'Sports');
INSERT INTO users VALUES ('buyer243', 'password123', '555-1723', 'Buyer Address buyer243', 'Buyer', 'Toys');
INSERT INTO users VALUES ('buyer244', 'password123', '555-5270', 'Buyer Address buyer244', 'Buyer', 'Sports');
INSERT INTO users VALUES ('buyer245', 'password123', '555-8703', 'Buyer Address buyer245', 'Buyer', 'Art');
INSERT INTO users VALUES ('buyer246', 'password123', '555-7178', 'Buyer Address buyer246', 'Buyer', 'Clothing');
INSERT INTO users VALUES ('buyer247', 'password123', '555-2381', 'Buyer Address buyer247', 'Buyer', 'Games');
INSERT INTO users VALUES ('buyer248', 'password123', '555-5079', 'Buyer Address buyer248', 'Buyer', 'Books');
INSERT INTO users VALUES ('buyer249', 'password123', '555-2650', 'Buyer Address buyer249', 'Buyer', 'Home');
INSERT INTO users VALUES ('buyer250', 'password123', '555-5893', 'Buyer Address buyer250', 'Buyer', 'Electronics');
INSERT INTO users VALUES ('buyer251', 'password123', '555-3107', 'Buyer Address buyer251', 'Buyer', 'Games');
INSERT INTO users VALUES ('buyer252', 'password123', '555-6216', 'Buyer Address buyer252', 'Buyer', 'Books');
INSERT INTO users VALUES ('buyer253', 'password123', '555-7572', 'Buyer Address buyer253', 'Buyer', 'Electronics');
INSERT INTO users VALUES ('buyer254', 'password123', '555-5017', 'Buyer Address buyer254', 'Buyer', 'Games');
INSERT INTO users VALUES ('buyer255', 'password123', '555-1761', 'Buyer Address buyer255', 'Buyer', 'Electronics');
INSERT INTO users VALUES ('buyer256', 'password123', '555-3570', 'Buyer Address buyer256', 'Buyer', 'Home');
INSERT INTO users VALUES ('buyer257', 'password123', '555-1494', 'Buyer Address buyer257', 'Buyer', 'Sports');
INSERT INTO users VALUES ('buyer258', 'password123', '555-1778', 'Buyer Address buyer258', 'Buyer', 'Sports');
INSERT INTO users VALUES ('buyer259', 'password123', '555-9901', 'Buyer Address buyer259', 'Buyer', 'Games');
INSERT INTO users VALUES ('buyer260', 'password123', '555-1632', 'Buyer Address buyer260', 'Buyer', 'Toys');
INSERT INTO users VALUES ('buyer261', 'password123', '555-2907', 'Buyer Address buyer261', 'Buyer', 'Toys');
INSERT INTO users VALUES ('buyer262', 'password123', '555-6087', 'Buyer Address buyer262', 'Buyer', 'Electronics');
INSERT INTO users VALUES ('buyer263', 'password123', '555-3864', 'Buyer Address buyer263', 'Buyer', 'Electronics');
INSERT INTO users VALUES ('buyer264', 'password123', '555-1962', 'Buyer Address buyer264', 'Buyer', 'Sports');
INSERT INTO users VALUES ('buyer265', 'password123', '555-9039', 'Buyer Address buyer265', 'Buyer', 'Sports');
INSERT INTO users VALUES ('buyer266', 'password123', '555-4923', 'Buyer Address buyer266', 'Buyer', 'Sports');
INSERT INTO users VALUES ('buyer267', 'password123', '555-5410', 'Buyer Address buyer267', 'Buyer', 'Electronics');
INSERT INTO users VALUES ('buyer268', 'password123', '555-1857', 'Buyer Address buyer268', 'Buyer', 'Sports');
INSERT INTO users VALUES ('buyer269', 'password123', '555-4390', 'Buyer Address buyer269', 'Buyer', 'Home');
INSERT INTO users VALUES ('buyer270', 'password123', '555-4107', 'Buyer Address buyer270', 'Buyer', 'Games');
INSERT INTO users VALUES ('buyer271', 'password123', '555-8386', 'Buyer Address buyer271', 'Buyer', 'Home');
INSERT INTO users VALUES ('buyer272', 'password123', '555-4164', 'Buyer Address buyer272', 'Buyer', 'Home');
INSERT INTO users VALUES ('buyer273', 'password123', '555-2991', 'Buyer Address buyer273', 'Buyer', 'Art');
INSERT INTO users VALUES ('buyer274', 'password123', '555-6076', 'Buyer Address buyer274', 'Buyer', 'Books');
INSERT INTO users VALUES ('buyer275', 'password123', '555-1474', 'Buyer Address buyer275', 'Buyer', 'Home');
INSERT INTO users VALUES ('buyer276', 'password123', '555-5057', 'Buyer Address buyer276', 'Buyer', 'Home');
INSERT INTO users VALUES ('buyer277', 'password123', '555-1832', 'Buyer Address buyer277', 'Buyer', 'Sports');
INSERT INTO users VALUES ('buyer278', 'password123', '555-6331', 'Buyer Address buyer278', 'Buyer', 'Art');
INSERT INTO users VALUES ('buyer279', 'password123', '555-7277', 'Buyer Address buyer279', 'Buyer', 'Art');
INSERT INTO users VALUES ('buyer280', 'password123', '555-1584', 'Buyer Address buyer280', 'Buyer', 'Clothing');
INSERT INTO users VALUES ('buyer281', 'password123', '555-8986', 'Buyer Address buyer281', 'Buyer', 'Art');
INSERT INTO users VALUES ('buyer282', 'password123', '555-3704', 'Buyer Address buyer282', 'Buyer', 'Books');
INSERT INTO users VALUES ('buyer283', 'password123', '555-6405', 'Buyer Address buyer283', 'Buyer', 'Books');
INSERT INTO users VALUES ('buyer284', 'password123', '555-2396', 'Buyer Address buyer284', 'Buyer', 'Clothing');
INSERT INTO users VALUES ('buyer285', 'password123', '555-6348', 'Buyer Address buyer285', 'Buyer', 'Toys');
INSERT INTO users VALUES ('buyer286', 'password123', '555-4602', 'Buyer Address buyer286', 'Buyer', 'Home');
INSERT INTO users VALUES ('buyer287', 'password123', '555-9006', 'Buyer Address buyer287', 'Buyer', 'Sports');
INSERT INTO users VALUES ('buyer288', 'password123', '555-7477', 'Buyer Address buyer288', 'Buyer', 'Books');
INSERT INTO users VALUES ('buyer289', 'password123', '555-3753', 'Buyer Address buyer289', 'Buyer', 'Books');
INSERT INTO users VALUES ('buyer290', 'password123', '555-9113', 'Buyer Address buyer290', 'Buyer', 'Books');
INSERT INTO users VALUES ('buyer291', 'password123', '555-2268', 'Buyer Address buyer291', 'Buyer', 'Games');
INSERT INTO users VALUES ('buyer292', 'password123', '555-2210', 'Buyer Address buyer292', 'Buyer', 'Electronics');
INSERT INTO users VALUES ('buyer293', 'password123', '555-8632', 'Buyer Address buyer293', 'Buyer', 'Clothing');
INSERT INTO users VALUES ('buyer294', 'password123', '555-6132', 'Buyer Address buyer294', 'Buyer', 'Electronics');
INSERT INTO users VALUES ('buyer295', 'password123', '555-1703', 'Buyer Address buyer295', 'Buyer', 'Electronics');
INSERT INTO users VALUES ('buyer296', 'password123', '555-7741', 'Buyer Address buyer296', 'Buyer', 'Games');
INSERT INTO users VALUES ('buyer297', 'password123', '555-1896', 'Buyer Address buyer297', 'Buyer', 'Toys');
INSERT INTO users VALUES ('buyer298', 'password123', '555-3876', 'Buyer Address buyer298', 'Buyer', 'Books');
INSERT INTO users VALUES ('buyer299', 'password123', '555-2313', 'Buyer Address buyer299', 'Buyer', 'Home');
INSERT INTO users VALUES ('buyer300', 'password123', '555-3714', 'Buyer Address buyer300', 'Buyer', 'Games');
INSERT INTO users VALUES ('buyer301', 'password123', '555-8616', 'Buyer Address buyer301', 'Buyer', 'Games');
INSERT INTO users VALUES ('buyer302', 'password123', '555-4154', 'Buyer Address buyer302', 'Buyer', 'Games');
INSERT INTO users VALUES ('buyer303', 'password123', '555-9250', 'Buyer Address buyer303', 'Buyer', 'Electronics');
INSERT INTO users VALUES ('buyer304', 'password123', '555-5114', 'Buyer Address buyer304', 'Buyer', 'Art');
INSERT INTO users VALUES ('buyer305', 'password123', '555-6371', 'Buyer Address buyer305', 'Buyer', 'Toys');
INSERT INTO users VALUES ('buyer306', 'password123', '555-4433', 'Buyer Address buyer306', 'Buyer', 'Home');
INSERT INTO users VALUES ('buyer307', 'password123', '555-5968', 'Buyer Address buyer307', 'Buyer', 'Games');
INSERT INTO users VALUES ('buyer308', 'password123', '555-2058', 'Buyer Address buyer308', 'Buyer', 'Electronics');
INSERT INTO users VALUES ('buyer309', 'password123', '555-7534', 'Buyer Address buyer309', 'Buyer', 'Books');
INSERT INTO users VALUES ('buyer310', 'password123', '555-6126', 'Buyer Address buyer310', 'Buyer', 'Toys');
INSERT INTO users VALUES ('buyer311', 'password123', '555-2162', 'Buyer Address buyer311', 'Buyer', 'Games');
INSERT INTO users VALUES ('buyer312', 'password123', '555-4252', 'Buyer Address buyer312', 'Buyer', 'Toys');
INSERT INTO users VALUES ('buyer313', 'password123', '555-4090', 'Buyer Address buyer313', 'Buyer', 'Home');
INSERT INTO users VALUES ('buyer314', 'password123', '555-9147', 'Buyer Address buyer314', 'Buyer', 'Electronics');
INSERT INTO users VALUES ('buyer315', 'password123', '555-2492', 'Buyer Address buyer315', 'Buyer', 'Sports');
INSERT INTO users VALUES ('buyer316', 'password123', '555-5784', 'Buyer Address buyer316', 'Buyer', 'Art');
INSERT INTO users VALUES ('buyer317', 'password123', '555-8944', 'Buyer Address buyer317', 'Buyer', 'Games');
INSERT INTO users VALUES ('buyer318', 'password123', '555-2933', 'Buyer Address buyer318', 'Buyer', 'Art');
INSERT INTO users VALUES ('buyer319', 'password123', '555-4479', 'Buyer Address buyer319', 'Buyer', 'Sports');
INSERT INTO users VALUES ('buyer320', 'password123', '555-1671', 'Buyer Address buyer320', 'Buyer', 'Sports');
INSERT INTO users VALUES ('buyer321', 'password123', '555-9502', 'Buyer Address buyer321', 'Buyer', 'Books');
INSERT INTO users VALUES ('buyer322', 'password123', '555-9913', 'Buyer Address buyer322', 'Buyer', 'Books');
INSERT INTO users VALUES ('buyer323', 'password123', '555-9490', 'Buyer Address buyer323', 'Buyer', 'Sports');
INSERT INTO users VALUES ('buyer324', 'password123', '555-1299', 'Buyer Address buyer324', 'Buyer', 'Games');
INSERT INTO users VALUES ('buyer325', 'password123', '555-1988', 'Buyer Address buyer325', 'Buyer', 'Clothing');
INSERT INTO users VALUES ('buyer326', 'password123', '555-9513', 'Buyer Address buyer326', 'Buyer', 'Art');
INSERT INTO users VALUES ('buyer327', 'password123', '555-2045', 'Buyer Address buyer327', 'Buyer', 'Toys');
INSERT INTO users VALUES ('buyer328', 'password123', '555-2192', 'Buyer Address buyer328', 'Buyer', 'Toys');
INSERT INTO users VALUES ('buyer329', 'password123', '555-3768', 'Buyer Address buyer329', 'Buyer', 'Electronics');
INSERT INTO users VALUES ('buyer330', 'password123', '555-2314', 'Buyer Address buyer330', 'Buyer', 'Sports');
INSERT INTO users VALUES ('buyer331', 'password123', '555-3795', 'Buyer Address buyer331', 'Buyer', 'Toys');
INSERT INTO users VALUES ('buyer332', 'password123', '555-5239', 'Buyer Address buyer332', 'Buyer', 'Sports');
INSERT INTO users VALUES ('buyer333', 'password123', '555-2233', 'Buyer Address buyer333', 'Buyer', 'Art');
INSERT INTO users VALUES ('buyer334', 'password123', '555-6914', 'Buyer Address buyer334', 'Buyer', 'Toys');
INSERT INTO users VALUES ('buyer335', 'password123', '555-8492', 'Buyer Address buyer335', 'Buyer', 'Toys');
INSERT INTO users VALUES ('buyer336', 'password123', '555-5198', 'Buyer Address buyer336', 'Buyer', 'Toys');
INSERT INTO users VALUES ('buyer337', 'password123', '555-7038', 'Buyer Address buyer337', 'Buyer', 'Home');
INSERT INTO users VALUES ('buyer338', 'password123', '555-4106', 'Buyer Address buyer338', 'Buyer', 'Home');
INSERT INTO users VALUES ('buyer339', 'password123', '555-4493', 'Buyer Address buyer339', 'Buyer', 'Sports');
INSERT INTO users VALUES ('buyer340', 'password123', '555-6167', 'Buyer Address buyer340', 'Buyer', 'Books');
INSERT INTO users VALUES ('buyer341', 'password123', '555-8671', 'Buyer Address buyer341', 'Buyer', 'Clothing');
INSERT INTO users VALUES ('buyer342', 'password123', '555-6246', 'Buyer Address buyer342', 'Buyer', 'Home');
INSERT INTO users VALUES ('buyer343', 'password123', '555-4338', 'Buyer Address buyer343', 'Buyer', 'Games');
INSERT INTO users VALUES ('buyer344', 'password123', '555-4053', 'Buyer Address buyer344', 'Buyer', 'Home');
INSERT INTO users VALUES ('buyer345', 'password123', '555-7744', 'Buyer Address buyer345', 'Buyer', 'Toys');
INSERT INTO users VALUES ('buyer346', 'password123', '555-6558', 'Buyer Address buyer346', 'Buyer', 'Toys');
INSERT INTO users VALUES ('buyer347', 'password123', '555-6587', 'Buyer Address buyer347', 'Buyer', 'Electronics');
INSERT INTO users VALUES ('buyer348', 'password123', '555-5051', 'Buyer Address buyer348', 'Buyer', 'Electronics');
INSERT INTO users VALUES ('buyer349', 'password123', '555-7696', 'Buyer Address buyer349', 'Buyer', 'Games');
INSERT INTO users VALUES ('buyer350', 'password123', '555-7422', 'Buyer Address buyer350', 'Buyer', 'Sports');
INSERT INTO users VALUES ('buyer351', 'password123', '555-7490', 'Buyer Address buyer351', 'Buyer', 'Toys');
INSERT INTO users VALUES ('buyer352', 'password123', '555-2120', 'Buyer Address buyer352', 'Buyer', 'Art');
INSERT INTO users VALUES ('buyer353', 'password123', '555-9462', 'Buyer Address buyer353', 'Buyer', 'Games');
INSERT INTO users VALUES ('buyer354', 'password123', '555-5258', 'Buyer Address buyer354', 'Buyer', 'Books');
INSERT INTO users VALUES ('buyer355', 'password123', '555-6678', 'Buyer Address buyer355', 'Buyer', 'Electronics');
INSERT INTO users VALUES ('buyer356', 'password123', '555-4228', 'Buyer Address buyer356', 'Buyer', 'Electronics');
INSERT INTO users VALUES ('buyer357', 'password123', '555-5893', 'Buyer Address buyer357', 'Buyer', 'Art');
INSERT INTO users VALUES ('buyer358', 'password123', '555-2382', 'Buyer Address buyer358', 'Buyer', 'Sports');
INSERT INTO users VALUES ('buyer359', 'password123', '555-9857', 'Buyer Address buyer359', 'Buyer', 'Sports');
INSERT INTO users VALUES ('buyer360', 'password123', '555-4531', 'Buyer Address buyer360', 'Buyer', 'Games');
INSERT INTO users VALUES ('buyer361', 'password123', '555-8527', 'Buyer Address buyer361', 'Buyer', 'Games');
INSERT INTO users VALUES ('buyer362', 'password123', '555-8419', 'Buyer Address buyer362', 'Buyer', 'Home');
INSERT INTO users VALUES ('buyer363', 'password123', '555-3402', 'Buyer Address buyer363', 'Buyer', 'Books');
INSERT INTO users VALUES ('buyer364', 'password123', '555-2983', 'Buyer Address buyer364', 'Buyer', 'Electronics');
INSERT INTO users VALUES ('buyer365', 'password123', '555-8601', 'Buyer Address buyer365', 'Buyer', 'Electronics');
INSERT INTO users VALUES ('buyer366', 'password123', '555-4624', 'Buyer Address buyer366', 'Buyer', 'Games');
INSERT INTO users VALUES ('buyer367', 'password123', '555-5285', 'Buyer Address buyer367', 'Buyer', 'Sports');
INSERT INTO users VALUES ('buyer368', 'password123', '555-9936', 'Buyer Address buyer368', 'Buyer', 'Home');
INSERT INTO users VALUES ('buyer369', 'password123', '555-4256', 'Buyer Address buyer369', 'Buyer', 'Home');
INSERT INTO users VALUES ('buyer370', 'password123', '555-1277', 'Buyer Address buyer370', 'Buyer', 'Toys');
INSERT INTO users VALUES ('buyer371', 'password123', '555-3507', 'Buyer Address buyer371', 'Buyer', 'Clothing');
INSERT INTO users VALUES ('buyer372', 'password123', '555-8060', 'Buyer Address buyer372', 'Buyer', 'Sports');
INSERT INTO users VALUES ('buyer373', 'password123', '555-5456', 'Buyer Address buyer373', 'Buyer', 'Electronics');
INSERT INTO users VALUES ('buyer374', 'password123', '555-1900', 'Buyer Address buyer374', 'Buyer', 'Sports');
INSERT INTO users VALUES ('buyer375', 'password123', '555-1598', 'Buyer Address buyer375', 'Buyer', 'Electronics');
INSERT INTO users VALUES ('buyer376', 'password123', '555-5346', 'Buyer Address buyer376', 'Buyer', 'Toys');
INSERT INTO users VALUES ('buyer377', 'password123', '555-4305', 'Buyer Address buyer377', 'Buyer', 'Art');
INSERT INTO users VALUES ('buyer378', 'password123', '555-7343', 'Buyer Address buyer378', 'Buyer', 'Home');
INSERT INTO users VALUES ('buyer379', 'password123', '555-4621', 'Buyer Address buyer379', 'Buyer', 'Toys');
INSERT INTO users VALUES ('buyer380', 'password123', '555-8998', 'Buyer Address buyer380', 'Buyer', 'Sports');
INSERT INTO users VALUES ('buyer381', 'password123', '555-7412', 'Buyer Address buyer381', 'Buyer', 'Art');
INSERT INTO users VALUES ('buyer382', 'password123', '555-5557', 'Buyer Address buyer382', 'Buyer', 'Sports');
INSERT INTO users VALUES ('buyer383', 'password123', '555-9246', 'Buyer Address buyer383', 'Buyer', 'Clothing');
INSERT INTO users VALUES ('buyer384', 'password123', '555-3068', 'Buyer Address buyer384', 'Buyer', 'Games');
INSERT INTO users VALUES ('buyer385', 'password123', '555-1041', 'Buyer Address buyer385', 'Buyer', 'Books');
INSERT INTO users VALUES ('buyer386', 'password123', '555-6948', 'Buyer Address buyer386', 'Buyer', 'Home');
INSERT INTO users VALUES ('buyer387', 'password123', '555-5156', 'Buyer Address buyer387', 'Buyer', 'Games');
INSERT INTO users VALUES ('buyer388', 'password123', '555-8394', 'Buyer Address buyer388', 'Buyer', 'Home');
INSERT INTO users VALUES ('buyer389', 'password123', '555-4526', 'Buyer Address buyer389', 'Buyer', 'Clothing');
INSERT INTO users VALUES ('buyer390', 'password123', '555-1377', 'Buyer Address buyer390', 'Buyer', 'Books');
INSERT INTO users VALUES ('buyer391', 'password123', '555-9097', 'Buyer Address buyer391', 'Buyer', 'Games');
INSERT INTO users VALUES ('buyer392', 'password123', '555-8888', 'Buyer Address buyer392', 'Buyer', 'Clothing');
INSERT INTO users VALUES ('buyer393', 'password123', '555-7922', 'Buyer Address buyer393', 'Buyer', 'Electronics');
INSERT INTO users VALUES ('buyer394', 'password123', '555-7618', 'Buyer Address buyer394', 'Buyer', 'Sports');
INSERT INTO users VALUES ('buyer395', 'password123', '555-5409', 'Buyer Address buyer395', 'Buyer', 'Electronics');
INSERT INTO users VALUES ('buyer396', 'password123', '555-6195', 'Buyer Address buyer396', 'Buyer', 'Electronics');
INSERT INTO users VALUES ('buyer397', 'password123', '555-5219', 'Buyer Address buyer397', 'Buyer', 'Electronics');
INSERT INTO users VALUES ('buyer398', 'password123', '555-3153', 'Buyer Address buyer398', 'Buyer', 'Books');
INSERT INTO users VALUES ('buyer399', 'password123', '555-5157', 'Buyer Address buyer399', 'Buyer', 'Electronics');
INSERT INTO users VALUES ('buyer400', 'password123', '555-1819', 'Buyer Address buyer400', 'Buyer', 'Sports');
INSERT INTO users VALUES ('seller1', 'password123', '555-7470', 'Seller Address seller1', 'Seller', 'Books');
INSERT INTO users VALUES ('seller2', 'password123', '555-4061', 'Seller Address seller2', 'Seller', 'Art');
INSERT INTO users VALUES ('seller3', 'password123', '555-5223', 'Seller Address seller3', 'Seller', 'Clothing');
INSERT INTO users VALUES ('seller4', 'password123', '555-6397', 'Seller Address seller4', 'Seller', 'Electronics');
INSERT INTO users VALUES ('seller5', 'password123', '555-7617', 'Seller Address seller5', 'Seller', 'Electronics');
INSERT INTO users VALUES ('seller6', 'password123', '555-4037', 'Seller Address seller6', 'Seller', 'Clothing');
INSERT INTO users VALUES ('seller7', 'password123', '555-9533', 'Seller Address seller7', 'Seller', 'Games');
INSERT INTO users VALUES ('seller8', 'password123', '555-1673', 'Seller Address seller8', 'Seller', 'Home');
INSERT INTO users VALUES ('seller9', 'password123', '555-2673', 'Seller Address seller9', 'Seller', 'Books');
INSERT INTO users VALUES ('seller10', 'password123', '555-7181', 'Seller Address seller10', 'Seller', 'Sports');
INSERT INTO users VALUES ('seller11', 'password123', '555-4157', 'Seller Address seller11', 'Seller', 'Toys');
INSERT INTO users VALUES ('seller12', 'password123', '555-6505', 'Seller Address seller12', 'Seller', 'Clothing');
INSERT INTO users VALUES ('seller13', 'password123', '555-6132', 'Seller Address seller13', 'Seller', 'Art');
INSERT INTO users VALUES ('seller14', 'password123', '555-5012', 'Seller Address seller14', 'Seller', 'Electronics');
INSERT INTO users VALUES ('seller15', 'password123', '555-7679', 'Seller Address seller15', 'Seller', 'Sports');
INSERT INTO users VALUES ('seller16', 'password123', '555-1998', 'Seller Address seller16', 'Seller', 'Art');
INSERT INTO users VALUES ('seller17', 'password123', '555-8652', 'Seller Address seller17', 'Seller', 'Sports');
INSERT INTO users VALUES ('seller18', 'password123', '555-7385', 'Seller Address seller18', 'Seller', 'Electronics');
INSERT INTO users VALUES ('seller19', 'password123', '555-1363', 'Seller Address seller19', 'Seller', 'Sports');
INSERT INTO users VALUES ('seller20', 'password123', '555-3187', 'Seller Address seller20', 'Seller', 'Electronics');
INSERT INTO users VALUES ('seller21', 'password123', '555-3785', 'Seller Address seller21', 'Seller', 'Home');
INSERT INTO users VALUES ('seller22', 'password123', '555-4610', 'Seller Address seller22', 'Seller', 'Clothing');
INSERT INTO users VALUES ('seller23', 'password123', '555-2193', 'Seller Address seller23', 'Seller', 'Sports');
INSERT INTO users VALUES ('seller24', 'password123', '555-5587', 'Seller Address seller24', 'Seller', 'Clothing');
INSERT INTO users VALUES ('seller25', 'password123', '555-2453', 'Seller Address seller25', 'Seller', 'Electronics');
INSERT INTO users VALUES ('seller26', 'password123', '555-6682', 'Seller Address seller26', 'Seller', 'Books');
INSERT INTO users VALUES ('seller27', 'password123', '555-3718', 'Seller Address seller27', 'Seller', 'Electronics');
INSERT INTO users VALUES ('seller28', 'password123', '555-9843', 'Seller Address seller28', 'Seller', 'Toys');
INSERT INTO users VALUES ('seller29', 'password123', '555-4087', 'Seller Address seller29', 'Seller', 'Home');
INSERT INTO users VALUES ('seller30', 'password123', '555-6858', 'Seller Address seller30', 'Seller', 'Electronics');
INSERT INTO users VALUES ('seller31', 'password123', '555-3940', 'Seller Address seller31', 'Seller', 'Art');
INSERT INTO users VALUES ('seller32', 'password123', '555-5291', 'Seller Address seller32', 'Seller', 'Art');
INSERT INTO users VALUES ('seller33', 'password123', '555-2998', 'Seller Address seller33', 'Seller', 'Clothing');
INSERT INTO users VALUES ('seller34', 'password123', '555-1189', 'Seller Address seller34', 'Seller', 'Games');
INSERT INTO users VALUES ('seller35', 'password123', '555-3075', 'Seller Address seller35', 'Seller', 'Art');
INSERT INTO users VALUES ('seller36', 'password123', '555-8328', 'Seller Address seller36', 'Seller', 'Electronics');
INSERT INTO users VALUES ('seller37', 'password123', '555-3354', 'Seller Address seller37', 'Seller', 'Games');
INSERT INTO users VALUES ('seller38', 'password123', '555-7039', 'Seller Address seller38', 'Seller', 'Sports');
INSERT INTO users VALUES ('seller39', 'password123', '555-4650', 'Seller Address seller39', 'Seller', 'Electronics');
INSERT INTO users VALUES ('seller40', 'password123', '555-2511', 'Seller Address seller40', 'Seller', 'Toys');
INSERT INTO users VALUES ('seller41', 'password123', '555-8739', 'Seller Address seller41', 'Seller', 'Clothing');
INSERT INTO users VALUES ('seller42', 'password123', '555-6219', 'Seller Address seller42', 'Seller', 'Sports');
INSERT INTO users VALUES ('seller43', 'password123', '555-7190', 'Seller Address seller43', 'Seller', 'Books');
INSERT INTO users VALUES ('seller44', 'password123', '555-9042', 'Seller Address seller44', 'Seller', 'Games');
INSERT INTO users VALUES ('seller45', 'password123', '555-7582', 'Seller Address seller45', 'Seller', 'Sports');
INSERT INTO users VALUES ('seller46', 'password123', '555-7329', 'Seller Address seller46', 'Seller', 'Sports');
INSERT INTO users VALUES ('seller47', 'password123', '555-7257', 'Seller Address seller47', 'Seller', 'Games');
INSERT INTO users VALUES ('seller48', 'password123', '555-5646', 'Seller Address seller48', 'Seller', 'Books');
INSERT INTO users VALUES ('seller49', 'password123', '555-7800', 'Seller Address seller49', 'Seller', 'Art');
INSERT INTO users VALUES ('seller50', 'password123', '555-8864', 'Seller Address seller50', 'Seller', 'Art');
INSERT INTO users VALUES ('seller51', 'password123', '555-1627', 'Seller Address seller51', 'Seller', 'Games');
INSERT INTO users VALUES ('seller52', 'password123', '555-9540', 'Seller Address seller52', 'Seller', 'Games');
INSERT INTO users VALUES ('seller53', 'password123', '555-1520', 'Seller Address seller53', 'Seller', 'Electronics');
INSERT INTO users VALUES ('seller54', 'password123', '555-9153', 'Seller Address seller54', 'Seller', 'Sports');
INSERT INTO users VALUES ('seller55', 'password123', '555-7698', 'Seller Address seller55', 'Seller', 'Art');
INSERT INTO users VALUES ('seller56', 'password123', '555-7641', 'Seller Address seller56', 'Seller', 'Books');
INSERT INTO users VALUES ('seller57', 'password123', '555-1964', 'Seller Address seller57', 'Seller', 'Art');
INSERT INTO users VALUES ('seller58', 'password123', '555-5875', 'Seller Address seller58', 'Seller', 'Games');
INSERT INTO users VALUES ('seller59', 'password123', '555-3660', 'Seller Address seller59', 'Seller', 'Books');
INSERT INTO users VALUES ('seller60', 'password123', '555-9724', 'Seller Address seller60', 'Seller', 'Clothing');
INSERT INTO users VALUES ('seller61', 'password123', '555-3010', 'Seller Address seller61', 'Seller', 'Home');
INSERT INTO users VALUES ('seller62', 'password123', '555-3688', 'Seller Address seller62', 'Seller', 'Art');
INSERT INTO users VALUES ('seller63', 'password123', '555-4182', 'Seller Address seller63', 'Seller', 'Sports');
INSERT INTO users VALUES ('seller64', 'password123', '555-7478', 'Seller Address seller64', 'Seller', 'Art');
INSERT INTO users VALUES ('seller65', 'password123', '555-6548', 'Seller Address seller65', 'Seller', 'Art');
INSERT INTO users VALUES ('seller66', 'password123', '555-8579', 'Seller Address seller66', 'Seller', 'Art');
INSERT INTO users VALUES ('seller67', 'password123', '555-6956', 'Seller Address seller67', 'Seller', 'Books');
INSERT INTO users VALUES ('seller68', 'password123', '555-9788', 'Seller Address seller68', 'Seller', 'Home');
INSERT INTO users VALUES ('seller69', 'password123', '555-9766', 'Seller Address seller69', 'Seller', 'Electronics');
INSERT INTO users VALUES ('seller70', 'password123', '555-7997', 'Seller Address seller70', 'Seller', 'Games');
INSERT INTO users VALUES ('seller71', 'password123', '555-1747', 'Seller Address seller71', 'Seller', 'Clothing');
INSERT INTO users VALUES ('seller72', 'password123', '555-6982', 'Seller Address seller72', 'Seller', 'Sports');
INSERT INTO users VALUES ('seller73', 'password123', '555-1330', 'Seller Address seller73', 'Seller', 'Toys');
INSERT INTO users VALUES ('seller74', 'password123', '555-1409', 'Seller Address seller74', 'Seller', 'Sports');
INSERT INTO users VALUES ('seller75', 'password123', '555-9360', 'Seller Address seller75', 'Seller', 'Art');
INSERT INTO users VALUES ('seller76', 'password123', '555-7741', 'Seller Address seller76', 'Seller', 'Books');
INSERT INTO users VALUES ('seller77', 'password123', '555-7309', 'Seller Address seller77', 'Seller', 'Books');
INSERT INTO users VALUES ('seller78', 'password123', '555-6317', 'Seller Address seller78', 'Seller', 'Art');
INSERT INTO users VALUES ('seller79', 'password123', '555-9481', 'Seller Address seller79', 'Seller', 'Art');
INSERT INTO users VALUES ('seller80', 'password123', '555-5333', 'Seller Address seller80', 'Seller', 'Books');
INSERT INTO users VALUES ('seller81', 'password123', '555-5818', 'Seller Address seller81', 'Seller', 'Home');
INSERT INTO users VALUES ('seller82', 'password123', '555-3732', 'Seller Address seller82', 'Seller', 'Art');
INSERT INTO users VALUES ('seller83', 'password123', '555-3563', 'Seller Address seller83', 'Seller', 'Books');
INSERT INTO users VALUES ('seller84', 'password123', '555-4939', 'Seller Address seller84', 'Seller', 'Clothing');
INSERT INTO users VALUES ('seller85', 'password123', '555-6967', 'Seller Address seller85', 'Seller', 'Toys');
INSERT INTO users VALUES ('seller86', 'password123', '555-8802', 'Seller Address seller86', 'Seller', 'Home');
INSERT INTO users VALUES ('seller87', 'password123', '555-2445', 'Seller Address seller87', 'Seller', 'Home');
INSERT INTO users VALUES ('seller88', 'password123', '555-4696', 'Seller Address seller88', 'Seller', 'Books');
INSERT INTO users VALUES ('seller89', 'password123', '555-2903', 'Seller Address seller89', 'Seller', 'Electronics');
INSERT INTO users VALUES ('seller90', 'password123', '555-9492', 'Seller Address seller90', 'Seller', 'Toys');
INSERT INTO users VALUES ('seller91', 'password123', '555-7785', 'Seller Address seller91', 'Seller', 'Sports');
INSERT INTO users VALUES ('seller92', 'password123', '555-1503', 'Seller Address seller92', 'Seller', 'Electronics');
INSERT INTO users VALUES ('seller93', 'password123', '555-9712', 'Seller Address seller93', 'Seller', 'Electronics');
INSERT INTO users VALUES ('seller94', 'password123', '555-5815', 'Seller Address seller94', 'Seller', 'Sports');
INSERT INTO users VALUES ('seller95', 'password123', '555-8235', 'Seller Address seller95', 'Seller', 'Books');
INSERT INTO users VALUES ('seller96', 'password123', '555-1634', 'Seller Address seller96', 'Seller', 'Electronics');
INSERT INTO users VALUES ('seller97', 'password123', '555-5437', 'Seller Address seller97', 'Seller', 'Games');
INSERT INTO users VALUES ('seller98', 'password123', '555-2087', 'Seller Address seller98', 'Seller', 'Books');
INSERT INTO users VALUES ('seller99', 'password123', '555-4218', 'Seller Address seller99', 'Seller', 'Home');
INSERT INTO users VALUES ('seller100', 'password123', '555-6888', 'Seller Address seller100', 'Seller', 'Electronics');
INSERT INTO users VALUES ('admin1', 'adminpass', '555-7117', 'Admin Office admin1', 'Admin', NULL);
INSERT INTO users VALUES ('admin2', 'adminpass', '555-3872', 'Admin Office admin2', 'Admin', NULL);
INSERT INTO users VALUES ('admin3', 'adminpass', '555-3831', 'Admin Office admin3', 'Admin', NULL);
INSERT INTO users VALUES ('admin4', 'adminpass', '555-5377', 'Admin Office admin4', 'Admin', NULL);
INSERT INTO users VALUES ('admin5', 'adminpass', '555-8868', 'Admin Office admin5', 'Admin', NULL);

INSERT INTO item (item_id, item_name, category, starting_price, image_url, item_condition, description, seller_login, seller_role) VALUES (1, 'Games Item 1', 'Games', 364.66, 'https://example.com/images/item_1.jpg', 'Like New', 'Fake test item 1 in Games category.', 'seller69', 'Seller');
INSERT INTO auction (auction_id, item_id, seller_login, seller_role, current_highest_bid, auction_status, winner_login, winner_role) VALUES (1, 1, 'seller69', 'Seller', 0.00, 'Active', NULL, NULL);
INSERT INTO item (item_id, item_name, category, starting_price, image_url, item_condition, description, seller_login, seller_role) VALUES (2, 'Clothing Item 2', 'Clothing', 460.83, 'https://example.com/images/item_2.jpg', 'Used', 'Fake test item 2 in Clothing category.', 'seller78', 'Seller');
INSERT INTO auction (auction_id, item_id, seller_login, seller_role, current_highest_bid, auction_status, winner_login, winner_role) VALUES (2, 2, 'seller78', 'Seller', 0.00, 'Active', NULL, NULL);
INSERT INTO item (item_id, item_name, category, starting_price, image_url, item_condition, description, seller_login, seller_role) VALUES (3, 'Electronics Item 3', 'Electronics', 476.84, 'https://example.com/images/item_3.jpg', 'Like New', 'Fake test item 3 in Electronics category.', 'seller84', 'Seller');
INSERT INTO auction (auction_id, item_id, seller_login, seller_role, current_highest_bid, auction_status, winner_login, winner_role) VALUES (3, 3, 'seller84', 'Seller', 623.23, 'Closed', 'buyer301', 'Buyer');
INSERT INTO item (item_id, item_name, category, starting_price, image_url, item_condition, description, seller_login, seller_role) VALUES (4, 'Home Item 4', 'Home', 141.97, 'https://example.com/images/item_4.jpg', 'Like New', 'Fake test item 4 in Home category.', 'seller90', 'Seller');
INSERT INTO auction (auction_id, item_id, seller_login, seller_role, current_highest_bid, auction_status, winner_login, winner_role) VALUES (4, 4, 'seller90', 'Seller', 0.00, 'Active', NULL, NULL);
INSERT INTO item (item_id, item_name, category, starting_price, image_url, item_condition, description, seller_login, seller_role) VALUES (5, 'Home Item 5', 'Home', 175.10, 'https://example.com/images/item_5.jpg', 'Like New', 'Fake test item 5 in Home category.', 'seller17', 'Seller');
INSERT INTO auction (auction_id, item_id, seller_login, seller_role, current_highest_bid, auction_status, winner_login, winner_role) VALUES (5, 5, 'seller17', 'Seller', 0.00, 'Active', NULL, NULL);
INSERT INTO item (item_id, item_name, category, starting_price, image_url, item_condition, description, seller_login, seller_role) VALUES (6, 'Clothing Item 6', 'Clothing', 335.03, 'https://example.com/images/item_6.jpg', 'Fair', 'Fake test item 6 in Clothing category.', 'seller47', 'Seller');
INSERT INTO auction (auction_id, item_id, seller_login, seller_role, current_highest_bid, auction_status, winner_login, winner_role) VALUES (6, 6, 'seller47', 'Seller', 354.72, 'Closed', 'buyer262', 'Buyer');
INSERT INTO item (item_id, item_name, category, starting_price, image_url, item_condition, description, seller_login, seller_role) VALUES (7, 'Home Item 7', 'Home', 210.98, 'https://example.com/images/item_7.jpg', 'Like New', 'Fake test item 7 in Home category.', 'seller38', 'Seller');
INSERT INTO auction (auction_id, item_id, seller_login, seller_role, current_highest_bid, auction_status, winner_login, winner_role) VALUES (7, 7, 'seller38', 'Seller', 0.00, 'Active', NULL, NULL);
INSERT INTO item (item_id, item_name, category, starting_price, image_url, item_condition, description, seller_login, seller_role) VALUES (8, 'Games Item 8', 'Games', 159.57, 'https://example.com/images/item_8.jpg', 'Fair', 'Fake test item 8 in Games category.', 'seller97', 'Seller');
INSERT INTO auction (auction_id, item_id, seller_login, seller_role, current_highest_bid, auction_status, winner_login, winner_role) VALUES (8, 8, 'seller97', 'Seller', 0.00, 'Active', NULL, NULL);
INSERT INTO item (item_id, item_name, category, starting_price, image_url, item_condition, description, seller_login, seller_role) VALUES (9, 'Clothing Item 9', 'Clothing', 437.54, 'https://example.com/images/item_9.jpg', 'Like New', 'Fake test item 9 in Clothing category.', 'seller37', 'Seller');
INSERT INTO auction (auction_id, item_id, seller_login, seller_role, current_highest_bid, auction_status, winner_login, winner_role) VALUES (9, 9, 'seller37', 'Seller', 617.79, 'Closed', 'buyer366', 'Buyer');
INSERT INTO item (item_id, item_name, category, starting_price, image_url, item_condition, description, seller_login, seller_role) VALUES (10, 'Books Item 10', 'Books', 423.58, 'https://example.com/images/item_10.jpg', 'Fair', 'Fake test item 10 in Books category.', 'seller96', 'Seller');
INSERT INTO auction (auction_id, item_id, seller_login, seller_role, current_highest_bid, auction_status, winner_login, winner_role) VALUES (10, 10, 'seller96', 'Seller', 0.00, 'Active', NULL, NULL);
INSERT INTO item (item_id, item_name, category, starting_price, image_url, item_condition, description, seller_login, seller_role) VALUES (11, 'Home Item 11', 'Home', 104.79, 'https://example.com/images/item_11.jpg', 'Fair', 'Fake test item 11 in Home category.', 'seller41', 'Seller');
INSERT INTO auction (auction_id, item_id, seller_login, seller_role, current_highest_bid, auction_status, winner_login, winner_role) VALUES (11, 11, 'seller41', 'Seller', 0.00, 'Active', NULL, NULL);
INSERT INTO item (item_id, item_name, category, starting_price, image_url, item_condition, description, seller_login, seller_role) VALUES (12, 'Games Item 12', 'Games', 438.82, 'https://example.com/images/item_12.jpg', 'Used', 'Fake test item 12 in Games category.', 'seller10', 'Seller');
INSERT INTO auction (auction_id, item_id, seller_login, seller_role, current_highest_bid, auction_status, winner_login, winner_role) VALUES (12, 12, 'seller10', 'Seller', 522.59, 'Closed', 'buyer314', 'Buyer');
INSERT INTO item (item_id, item_name, category, starting_price, image_url, item_condition, description, seller_login, seller_role) VALUES (13, 'Electronics Item 13', 'Electronics', 55.10, 'https://example.com/images/item_13.jpg', 'Used', 'Fake test item 13 in Electronics category.', 'seller50', 'Seller');
INSERT INTO auction (auction_id, item_id, seller_login, seller_role, current_highest_bid, auction_status, winner_login, winner_role) VALUES (13, 13, 'seller50', 'Seller', 0.00, 'Active', NULL, NULL);
INSERT INTO item (item_id, item_name, category, starting_price, image_url, item_condition, description, seller_login, seller_role) VALUES (14, 'Sports Item 14', 'Sports', 443.09, 'https://example.com/images/item_14.jpg', 'Fair', 'Fake test item 14 in Sports category.', 'seller28', 'Seller');
INSERT INTO auction (auction_id, item_id, seller_login, seller_role, current_highest_bid, auction_status, winner_login, winner_role) VALUES (14, 14, 'seller28', 'Seller', 0.00, 'Active', NULL, NULL);
INSERT INTO item (item_id, item_name, category, starting_price, image_url, item_condition, description, seller_login, seller_role) VALUES (15, 'Books Item 15', 'Books', 350.88, 'https://example.com/images/item_15.jpg', 'Fair', 'Fake test item 15 in Books category.', 'seller13', 'Seller');
INSERT INTO auction (auction_id, item_id, seller_login, seller_role, current_highest_bid, auction_status, winner_login, winner_role) VALUES (15, 15, 'seller13', 'Seller', 530.97, 'Closed', 'buyer59', 'Buyer');
INSERT INTO item (item_id, item_name, category, starting_price, image_url, item_condition, description, seller_login, seller_role) VALUES (16, 'Art Item 16', 'Art', 274.25, 'https://example.com/images/item_16.jpg', 'Fair', 'Fake test item 16 in Art category.', 'seller21', 'Seller');
INSERT INTO auction (auction_id, item_id, seller_login, seller_role, current_highest_bid, auction_status, winner_login, winner_role) VALUES (16, 16, 'seller21', 'Seller', 0.00, 'Active', NULL, NULL);
INSERT INTO item (item_id, item_name, category, starting_price, image_url, item_condition, description, seller_login, seller_role) VALUES (17, 'Home Item 17', 'Home', 340.49, 'https://example.com/images/item_17.jpg', 'New', 'Fake test item 17 in Home category.', 'seller16', 'Seller');
INSERT INTO auction (auction_id, item_id, seller_login, seller_role, current_highest_bid, auction_status, winner_login, winner_role) VALUES (17, 17, 'seller16', 'Seller', 0.00, 'Active', NULL, NULL);
INSERT INTO item (item_id, item_name, category, starting_price, image_url, item_condition, description, seller_login, seller_role) VALUES (18, 'Art Item 18', 'Art', 242.65, 'https://example.com/images/item_18.jpg', 'Fair', 'Fake test item 18 in Art category.', 'seller70', 'Seller');
INSERT INTO auction (auction_id, item_id, seller_login, seller_role, current_highest_bid, auction_status, winner_login, winner_role) VALUES (18, 18, 'seller70', 'Seller', 458.98, 'Closed', 'buyer76', 'Buyer');
INSERT INTO item (item_id, item_name, category, starting_price, image_url, item_condition, description, seller_login, seller_role) VALUES (19, 'Sports Item 19', 'Sports', 336.87, 'https://example.com/images/item_19.jpg', 'New', 'Fake test item 19 in Sports category.', 'seller40', 'Seller');
INSERT INTO auction (auction_id, item_id, seller_login, seller_role, current_highest_bid, auction_status, winner_login, winner_role) VALUES (19, 19, 'seller40', 'Seller', 0.00, 'Active', NULL, NULL);
INSERT INTO item (item_id, item_name, category, starting_price, image_url, item_condition, description, seller_login, seller_role) VALUES (20, 'Sports Item 20', 'Sports', 265.44, 'https://example.com/images/item_20.jpg', 'Like New', 'Fake test item 20 in Sports category.', 'seller48', 'Seller');
INSERT INTO auction (auction_id, item_id, seller_login, seller_role, current_highest_bid, auction_status, winner_login, winner_role) VALUES (20, 20, 'seller48', 'Seller', 0.00, 'Active', NULL, NULL);
INSERT INTO item (item_id, item_name, category, starting_price, image_url, item_condition, description, seller_login, seller_role) VALUES (21, 'Games Item 21', 'Games', 119.44, 'https://example.com/images/item_21.jpg', 'New', 'Fake test item 21 in Games category.', 'seller91', 'Seller');
INSERT INTO auction (auction_id, item_id, seller_login, seller_role, current_highest_bid, auction_status, winner_login, winner_role) VALUES (21, 21, 'seller91', 'Seller', 146.73, 'Closed', 'buyer394', 'Buyer');
INSERT INTO item (item_id, item_name, category, starting_price, image_url, item_condition, description, seller_login, seller_role) VALUES (22, 'Clothing Item 22', 'Clothing', 314.16, 'https://example.com/images/item_22.jpg', 'Good', 'Fake test item 22 in Clothing category.', 'seller91', 'Seller');
INSERT INTO auction (auction_id, item_id, seller_login, seller_role, current_highest_bid, auction_status, winner_login, winner_role) VALUES (22, 22, 'seller91', 'Seller', 0.00, 'Active', NULL, NULL);
INSERT INTO item (item_id, item_name, category, starting_price, image_url, item_condition, description, seller_login, seller_role) VALUES (23, 'Clothing Item 23', 'Clothing', 106.48, 'https://example.com/images/item_23.jpg', 'Used', 'Fake test item 23 in Clothing category.', 'seller100', 'Seller');
INSERT INTO auction (auction_id, item_id, seller_login, seller_role, current_highest_bid, auction_status, winner_login, winner_role) VALUES (23, 23, 'seller100', 'Seller', 0.00, 'Active', NULL, NULL);
INSERT INTO item (item_id, item_name, category, starting_price, image_url, item_condition, description, seller_login, seller_role) VALUES (24, 'Sports Item 24', 'Sports', 41.60, 'https://example.com/images/item_24.jpg', 'Used', 'Fake test item 24 in Sports category.', 'seller13', 'Seller');
INSERT INTO auction (auction_id, item_id, seller_login, seller_role, current_highest_bid, auction_status, winner_login, winner_role) VALUES (24, 24, 'seller13', 'Seller', 256.67, 'Closed', 'buyer300', 'Buyer');
INSERT INTO item (item_id, item_name, category, starting_price, image_url, item_condition, description, seller_login, seller_role) VALUES (25, 'Books Item 25', 'Books', 54.18, 'https://example.com/images/item_25.jpg', 'Used', 'Fake test item 25 in Books category.', 'seller26', 'Seller');
INSERT INTO auction (auction_id, item_id, seller_login, seller_role, current_highest_bid, auction_status, winner_login, winner_role) VALUES (25, 25, 'seller26', 'Seller', 0.00, 'Active', NULL, NULL);
INSERT INTO item (item_id, item_name, category, starting_price, image_url, item_condition, description, seller_login, seller_role) VALUES (26, 'Sports Item 26', 'Sports', 210.78, 'https://example.com/images/item_26.jpg', 'Good', 'Fake test item 26 in Sports category.', 'seller17', 'Seller');
INSERT INTO auction (auction_id, item_id, seller_login, seller_role, current_highest_bid, auction_status, winner_login, winner_role) VALUES (26, 26, 'seller17', 'Seller', 0.00, 'Active', NULL, NULL);
INSERT INTO item (item_id, item_name, category, starting_price, image_url, item_condition, description, seller_login, seller_role) VALUES (27, 'Games Item 27', 'Games', 392.04, 'https://example.com/images/item_27.jpg', 'Good', 'Fake test item 27 in Games category.', 'seller60', 'Seller');
INSERT INTO auction (auction_id, item_id, seller_login, seller_role, current_highest_bid, auction_status, winner_login, winner_role) VALUES (27, 27, 'seller60', 'Seller', 537.12, 'Closed', 'buyer279', 'Buyer');
INSERT INTO item (item_id, item_name, category, starting_price, image_url, item_condition, description, seller_login, seller_role) VALUES (28, 'Books Item 28', 'Books', 252.68, 'https://example.com/images/item_28.jpg', 'Like New', 'Fake test item 28 in Books category.', 'seller5', 'Seller');
INSERT INTO auction (auction_id, item_id, seller_login, seller_role, current_highest_bid, auction_status, winner_login, winner_role) VALUES (28, 28, 'seller5', 'Seller', 0.00, 'Active', NULL, NULL);
INSERT INTO item (item_id, item_name, category, starting_price, image_url, item_condition, description, seller_login, seller_role) VALUES (29, 'Clothing Item 29', 'Clothing', 111.34, 'https://example.com/images/item_29.jpg', 'New', 'Fake test item 29 in Clothing category.', 'seller45', 'Seller');
INSERT INTO auction (auction_id, item_id, seller_login, seller_role, current_highest_bid, auction_status, winner_login, winner_role) VALUES (29, 29, 'seller45', 'Seller', 0.00, 'Active', NULL, NULL);
INSERT INTO item (item_id, item_name, category, starting_price, image_url, item_condition, description, seller_login, seller_role) VALUES (30, 'Clothing Item 30', 'Clothing', 404.86, 'https://example.com/images/item_30.jpg', 'Fair', 'Fake test item 30 in Clothing category.', 'seller37', 'Seller');
INSERT INTO auction (auction_id, item_id, seller_login, seller_role, current_highest_bid, auction_status, winner_login, winner_role) VALUES (30, 30, 'seller37', 'Seller', 634.83, 'Closed', 'buyer173', 'Buyer');
INSERT INTO item (item_id, item_name, category, starting_price, image_url, item_condition, description, seller_login, seller_role) VALUES (31, 'Clothing Item 31', 'Clothing', 298.59, 'https://example.com/images/item_31.jpg', 'Like New', 'Fake test item 31 in Clothing category.', 'seller21', 'Seller');
INSERT INTO auction (auction_id, item_id, seller_login, seller_role, current_highest_bid, auction_status, winner_login, winner_role) VALUES (31, 31, 'seller21', 'Seller', 0.00, 'Active', NULL, NULL);
INSERT INTO item (item_id, item_name, category, starting_price, image_url, item_condition, description, seller_login, seller_role) VALUES (32, 'Art Item 32', 'Art', 47.50, 'https://example.com/images/item_32.jpg', 'Used', 'Fake test item 32 in Art category.', 'seller85', 'Seller');
INSERT INTO auction (auction_id, item_id, seller_login, seller_role, current_highest_bid, auction_status, winner_login, winner_role) VALUES (32, 32, 'seller85', 'Seller', 0.00, 'Active', NULL, NULL);
INSERT INTO item (item_id, item_name, category, starting_price, image_url, item_condition, description, seller_login, seller_role) VALUES (33, 'Books Item 33', 'Books', 419.36, 'https://example.com/images/item_33.jpg', 'Used', 'Fake test item 33 in Books category.', 'seller80', 'Seller');
INSERT INTO auction (auction_id, item_id, seller_login, seller_role, current_highest_bid, auction_status, winner_login, winner_role) VALUES (33, 33, 'seller80', 'Seller', 609.32, 'Closed', 'buyer48', 'Buyer');
INSERT INTO item (item_id, item_name, category, starting_price, image_url, item_condition, description, seller_login, seller_role) VALUES (34, 'Books Item 34', 'Books', 235.76, 'https://example.com/images/item_34.jpg', 'New', 'Fake test item 34 in Books category.', 'seller90', 'Seller');
INSERT INTO auction (auction_id, item_id, seller_login, seller_role, current_highest_bid, auction_status, winner_login, winner_role) VALUES (34, 34, 'seller90', 'Seller', 0.00, 'Active', NULL, NULL);
INSERT INTO item (item_id, item_name, category, starting_price, image_url, item_condition, description, seller_login, seller_role) VALUES (35, 'Electronics Item 35', 'Electronics', 286.14, 'https://example.com/images/item_35.jpg', 'Used', 'Fake test item 35 in Electronics category.', 'seller40', 'Seller');
INSERT INTO auction (auction_id, item_id, seller_login, seller_role, current_highest_bid, auction_status, winner_login, winner_role) VALUES (35, 35, 'seller40', 'Seller', 0.00, 'Active', NULL, NULL);
INSERT INTO item (item_id, item_name, category, starting_price, image_url, item_condition, description, seller_login, seller_role) VALUES (36, 'Clothing Item 36', 'Clothing', 377.09, 'https://example.com/images/item_36.jpg', 'Like New', 'Fake test item 36 in Clothing category.', 'seller70', 'Seller');
INSERT INTO auction (auction_id, item_id, seller_login, seller_role, current_highest_bid, auction_status, winner_login, winner_role) VALUES (36, 36, 'seller70', 'Seller', 476.47, 'Closed', 'buyer125', 'Buyer');
INSERT INTO item (item_id, item_name, category, starting_price, image_url, item_condition, description, seller_login, seller_role) VALUES (37, 'Games Item 37', 'Games', 207.45, 'https://example.com/images/item_37.jpg', 'New', 'Fake test item 37 in Games category.', 'seller79', 'Seller');
INSERT INTO auction (auction_id, item_id, seller_login, seller_role, current_highest_bid, auction_status, winner_login, winner_role) VALUES (37, 37, 'seller79', 'Seller', 0.00, 'Active', NULL, NULL);
INSERT INTO item (item_id, item_name, category, starting_price, image_url, item_condition, description, seller_login, seller_role) VALUES (38, 'Clothing Item 38', 'Clothing', 101.42, 'https://example.com/images/item_38.jpg', 'Like New', 'Fake test item 38 in Clothing category.', 'seller77', 'Seller');
INSERT INTO auction (auction_id, item_id, seller_login, seller_role, current_highest_bid, auction_status, winner_login, winner_role) VALUES (38, 38, 'seller77', 'Seller', 0.00, 'Active', NULL, NULL);
INSERT INTO item (item_id, item_name, category, starting_price, image_url, item_condition, description, seller_login, seller_role) VALUES (39, 'Games Item 39', 'Games', 472.56, 'https://example.com/images/item_39.jpg', 'Used', 'Fake test item 39 in Games category.', 'seller6', 'Seller');
INSERT INTO auction (auction_id, item_id, seller_login, seller_role, current_highest_bid, auction_status, winner_login, winner_role) VALUES (39, 39, 'seller6', 'Seller', 584.08, 'Closed', 'buyer314', 'Buyer');
INSERT INTO item (item_id, item_name, category, starting_price, image_url, item_condition, description, seller_login, seller_role) VALUES (40, 'Toys Item 40', 'Toys', 311.18, 'https://example.com/images/item_40.jpg', 'Fair', 'Fake test item 40 in Toys category.', 'seller41', 'Seller');
INSERT INTO auction (auction_id, item_id, seller_login, seller_role, current_highest_bid, auction_status, winner_login, winner_role) VALUES (40, 40, 'seller41', 'Seller', 0.00, 'Active', NULL, NULL);
INSERT INTO item (item_id, item_name, category, starting_price, image_url, item_condition, description, seller_login, seller_role) VALUES (41, 'Books Item 41', 'Books', 93.56, 'https://example.com/images/item_41.jpg', 'Fair', 'Fake test item 41 in Books category.', 'seller51', 'Seller');
INSERT INTO auction (auction_id, item_id, seller_login, seller_role, current_highest_bid, auction_status, winner_login, winner_role) VALUES (41, 41, 'seller51', 'Seller', 0.00, 'Active', NULL, NULL);
INSERT INTO item (item_id, item_name, category, starting_price, image_url, item_condition, description, seller_login, seller_role) VALUES (42, 'Games Item 42', 'Games', 254.49, 'https://example.com/images/item_42.jpg', 'New', 'Fake test item 42 in Games category.', 'seller28', 'Seller');
INSERT INTO auction (auction_id, item_id, seller_login, seller_role, current_highest_bid, auction_status, winner_login, winner_role) VALUES (42, 42, 'seller28', 'Seller', 501.40, 'Closed', 'buyer389', 'Buyer');
INSERT INTO item (item_id, item_name, category, starting_price, image_url, item_condition, description, seller_login, seller_role) VALUES (43, 'Sports Item 43', 'Sports', 193.22, 'https://example.com/images/item_43.jpg', 'Fair', 'Fake test item 43 in Sports category.', 'seller37', 'Seller');
INSERT INTO auction (auction_id, item_id, seller_login, seller_role, current_highest_bid, auction_status, winner_login, winner_role) VALUES (43, 43, 'seller37', 'Seller', 0.00, 'Active', NULL, NULL);
INSERT INTO item (item_id, item_name, category, starting_price, image_url, item_condition, description, seller_login, seller_role) VALUES (44, 'Books Item 44', 'Books', 461.94, 'https://example.com/images/item_44.jpg', 'Fair', 'Fake test item 44 in Books category.', 'seller46', 'Seller');
INSERT INTO auction (auction_id, item_id, seller_login, seller_role, current_highest_bid, auction_status, winner_login, winner_role) VALUES (44, 44, 'seller46', 'Seller', 0.00, 'Active', NULL, NULL);
INSERT INTO item (item_id, item_name, category, starting_price, image_url, item_condition, description, seller_login, seller_role) VALUES (45, 'Toys Item 45', 'Toys', 264.92, 'https://example.com/images/item_45.jpg', 'Used', 'Fake test item 45 in Toys category.', 'seller42', 'Seller');
INSERT INTO auction (auction_id, item_id, seller_login, seller_role, current_highest_bid, auction_status, winner_login, winner_role) VALUES (45, 45, 'seller42', 'Seller', 486.43, 'Closed', 'buyer241', 'Buyer');
INSERT INTO item (item_id, item_name, category, starting_price, image_url, item_condition, description, seller_login, seller_role) VALUES (46, 'Toys Item 46', 'Toys', 335.42, 'https://example.com/images/item_46.jpg', 'Like New', 'Fake test item 46 in Toys category.', 'seller5', 'Seller');
INSERT INTO auction (auction_id, item_id, seller_login, seller_role, current_highest_bid, auction_status, winner_login, winner_role) VALUES (46, 46, 'seller5', 'Seller', 0.00, 'Active', NULL, NULL);
INSERT INTO item (item_id, item_name, category, starting_price, image_url, item_condition, description, seller_login, seller_role) VALUES (47, 'Clothing Item 47', 'Clothing', 97.48, 'https://example.com/images/item_47.jpg', 'Good', 'Fake test item 47 in Clothing category.', 'seller80', 'Seller');
INSERT INTO auction (auction_id, item_id, seller_login, seller_role, current_highest_bid, auction_status, winner_login, winner_role) VALUES (47, 47, 'seller80', 'Seller', 0.00, 'Active', NULL, NULL);
INSERT INTO item (item_id, item_name, category, starting_price, image_url, item_condition, description, seller_login, seller_role) VALUES (48, 'Toys Item 48', 'Toys', 80.72, 'https://example.com/images/item_48.jpg', 'Fair', 'Fake test item 48 in Toys category.', 'seller22', 'Seller');
INSERT INTO auction (auction_id, item_id, seller_login, seller_role, current_highest_bid, auction_status, winner_login, winner_role) VALUES (48, 48, 'seller22', 'Seller', 314.33, 'Closed', 'buyer237', 'Buyer');
INSERT INTO item (item_id, item_name, category, starting_price, image_url, item_condition, description, seller_login, seller_role) VALUES (49, 'Art Item 49', 'Art', 74.57, 'https://example.com/images/item_49.jpg', 'Used', 'Fake test item 49 in Art category.', 'seller21', 'Seller');
INSERT INTO auction (auction_id, item_id, seller_login, seller_role, current_highest_bid, auction_status, winner_login, winner_role) VALUES (49, 49, 'seller21', 'Seller', 0.00, 'Active', NULL, NULL);
INSERT INTO item (item_id, item_name, category, starting_price, image_url, item_condition, description, seller_login, seller_role) VALUES (50, 'Games Item 50', 'Games', 9.49, 'https://example.com/images/item_50.jpg', 'Fair', 'Fake test item 50 in Games category.', 'seller11', 'Seller');
INSERT INTO auction (auction_id, item_id, seller_login, seller_role, current_highest_bid, auction_status, winner_login, winner_role) VALUES (50, 50, 'seller11', 'Seller', 0.00, 'Active', NULL, NULL);
INSERT INTO item (item_id, item_name, category, starting_price, image_url, item_condition, description, seller_login, seller_role) VALUES (51, 'Home Item 51', 'Home', 151.41, 'https://example.com/images/item_51.jpg', 'Fair', 'Fake test item 51 in Home category.', 'seller76', 'Seller');
INSERT INTO auction (auction_id, item_id, seller_login, seller_role, current_highest_bid, auction_status, winner_login, winner_role) VALUES (51, 51, 'seller76', 'Seller', 248.18, 'Closed', 'buyer267', 'Buyer');
INSERT INTO item (item_id, item_name, category, starting_price, image_url, item_condition, description, seller_login, seller_role) VALUES (52, 'Games Item 52', 'Games', 53.66, 'https://example.com/images/item_52.jpg', 'Used', 'Fake test item 52 in Games category.', 'seller89', 'Seller');
INSERT INTO auction (auction_id, item_id, seller_login, seller_role, current_highest_bid, auction_status, winner_login, winner_role) VALUES (52, 52, 'seller89', 'Seller', 0.00, 'Active', NULL, NULL);
INSERT INTO item (item_id, item_name, category, starting_price, image_url, item_condition, description, seller_login, seller_role) VALUES (53, 'Books Item 53', 'Books', 347.07, 'https://example.com/images/item_53.jpg', 'Fair', 'Fake test item 53 in Books category.', 'seller75', 'Seller');
INSERT INTO auction (auction_id, item_id, seller_login, seller_role, current_highest_bid, auction_status, winner_login, winner_role) VALUES (53, 53, 'seller75', 'Seller', 0.00, 'Active', NULL, NULL);
INSERT INTO item (item_id, item_name, category, starting_price, image_url, item_condition, description, seller_login, seller_role) VALUES (54, 'Books Item 54', 'Books', 23.77, 'https://example.com/images/item_54.jpg', 'Used', 'Fake test item 54 in Books category.', 'seller91', 'Seller');
INSERT INTO auction (auction_id, item_id, seller_login, seller_role, current_highest_bid, auction_status, winner_login, winner_role) VALUES (54, 54, 'seller91', 'Seller', 241.36, 'Closed', 'buyer289', 'Buyer');
INSERT INTO item (item_id, item_name, category, starting_price, image_url, item_condition, description, seller_login, seller_role) VALUES (55, 'Books Item 55', 'Books', 60.02, 'https://example.com/images/item_55.jpg', 'New', 'Fake test item 55 in Books category.', 'seller12', 'Seller');
INSERT INTO auction (auction_id, item_id, seller_login, seller_role, current_highest_bid, auction_status, winner_login, winner_role) VALUES (55, 55, 'seller12', 'Seller', 0.00, 'Active', NULL, NULL);
INSERT INTO item (item_id, item_name, category, starting_price, image_url, item_condition, description, seller_login, seller_role) VALUES (56, 'Electronics Item 56', 'Electronics', 474.65, 'https://example.com/images/item_56.jpg', 'Like New', 'Fake test item 56 in Electronics category.', 'seller41', 'Seller');
INSERT INTO auction (auction_id, item_id, seller_login, seller_role, current_highest_bid, auction_status, winner_login, winner_role) VALUES (56, 56, 'seller41', 'Seller', 0.00, 'Active', NULL, NULL);
INSERT INTO item (item_id, item_name, category, starting_price, image_url, item_condition, description, seller_login, seller_role) VALUES (57, 'Home Item 57', 'Home', 285.71, 'https://example.com/images/item_57.jpg', 'Good', 'Fake test item 57 in Home category.', 'seller99', 'Seller');
INSERT INTO auction (auction_id, item_id, seller_login, seller_role, current_highest_bid, auction_status, winner_login, winner_role) VALUES (57, 57, 'seller99', 'Seller', 371.91, 'Closed', 'buyer106', 'Buyer');
INSERT INTO item (item_id, item_name, category, starting_price, image_url, item_condition, description, seller_login, seller_role) VALUES (58, 'Toys Item 58', 'Toys', 487.74, 'https://example.com/images/item_58.jpg', 'Used', 'Fake test item 58 in Toys category.', 'seller18', 'Seller');
INSERT INTO auction (auction_id, item_id, seller_login, seller_role, current_highest_bid, auction_status, winner_login, winner_role) VALUES (58, 58, 'seller18', 'Seller', 0.00, 'Active', NULL, NULL);
INSERT INTO item (item_id, item_name, category, starting_price, image_url, item_condition, description, seller_login, seller_role) VALUES (59, 'Books Item 59', 'Books', 373.41, 'https://example.com/images/item_59.jpg', 'Used', 'Fake test item 59 in Books category.', 'seller90', 'Seller');
INSERT INTO auction (auction_id, item_id, seller_login, seller_role, current_highest_bid, auction_status, winner_login, winner_role) VALUES (59, 59, 'seller90', 'Seller', 0.00, 'Active', NULL, NULL);
INSERT INTO item (item_id, item_name, category, starting_price, image_url, item_condition, description, seller_login, seller_role) VALUES (60, 'Clothing Item 60', 'Clothing', 276.80, 'https://example.com/images/item_60.jpg', 'Like New', 'Fake test item 60 in Clothing category.', 'seller8', 'Seller');
INSERT INTO auction (auction_id, item_id, seller_login, seller_role, current_highest_bid, auction_status, winner_login, winner_role) VALUES (60, 60, 'seller8', 'Seller', 339.67, 'Closed', 'buyer303', 'Buyer');
INSERT INTO item (item_id, item_name, category, starting_price, image_url, item_condition, description, seller_login, seller_role) VALUES (61, 'Games Item 61', 'Games', 43.82, 'https://example.com/images/item_61.jpg', 'Like New', 'Fake test item 61 in Games category.', 'seller15', 'Seller');
INSERT INTO auction (auction_id, item_id, seller_login, seller_role, current_highest_bid, auction_status, winner_login, winner_role) VALUES (61, 61, 'seller15', 'Seller', 0.00, 'Active', NULL, NULL);
INSERT INTO item (item_id, item_name, category, starting_price, image_url, item_condition, description, seller_login, seller_role) VALUES (62, 'Sports Item 62', 'Sports', 230.28, 'https://example.com/images/item_62.jpg', 'Like New', 'Fake test item 62 in Sports category.', 'seller55', 'Seller');
INSERT INTO auction (auction_id, item_id, seller_login, seller_role, current_highest_bid, auction_status, winner_login, winner_role) VALUES (62, 62, 'seller55', 'Seller', 0.00, 'Active', NULL, NULL);
INSERT INTO item (item_id, item_name, category, starting_price, image_url, item_condition, description, seller_login, seller_role) VALUES (63, 'Books Item 63', 'Books', 87.83, 'https://example.com/images/item_63.jpg', 'Good', 'Fake test item 63 in Books category.', 'seller12', 'Seller');
INSERT INTO auction (auction_id, item_id, seller_login, seller_role, current_highest_bid, auction_status, winner_login, winner_role) VALUES (63, 63, 'seller12', 'Seller', 274.53, 'Closed', 'buyer298', 'Buyer');
INSERT INTO item (item_id, item_name, category, starting_price, image_url, item_condition, description, seller_login, seller_role) VALUES (64, 'Toys Item 64', 'Toys', 94.35, 'https://example.com/images/item_64.jpg', 'Used', 'Fake test item 64 in Toys category.', 'seller63', 'Seller');
INSERT INTO auction (auction_id, item_id, seller_login, seller_role, current_highest_bid, auction_status, winner_login, winner_role) VALUES (64, 64, 'seller63', 'Seller', 0.00, 'Active', NULL, NULL);
INSERT INTO item (item_id, item_name, category, starting_price, image_url, item_condition, description, seller_login, seller_role) VALUES (65, 'Art Item 65', 'Art', 82.11, 'https://example.com/images/item_65.jpg', 'Fair', 'Fake test item 65 in Art category.', 'seller41', 'Seller');
INSERT INTO auction (auction_id, item_id, seller_login, seller_role, current_highest_bid, auction_status, winner_login, winner_role) VALUES (65, 65, 'seller41', 'Seller', 0.00, 'Active', NULL, NULL);
INSERT INTO item (item_id, item_name, category, starting_price, image_url, item_condition, description, seller_login, seller_role) VALUES (66, 'Toys Item 66', 'Toys', 64.37, 'https://example.com/images/item_66.jpg', 'Fair', 'Fake test item 66 in Toys category.', 'seller61', 'Seller');
INSERT INTO auction (auction_id, item_id, seller_login, seller_role, current_highest_bid, auction_status, winner_login, winner_role) VALUES (66, 66, 'seller61', 'Seller', 305.07, 'Closed', 'buyer17', 'Buyer');
INSERT INTO item (item_id, item_name, category, starting_price, image_url, item_condition, description, seller_login, seller_role) VALUES (67, 'Games Item 67', 'Games', 74.18, 'https://example.com/images/item_67.jpg', 'Fair', 'Fake test item 67 in Games category.', 'seller67', 'Seller');
INSERT INTO auction (auction_id, item_id, seller_login, seller_role, current_highest_bid, auction_status, winner_login, winner_role) VALUES (67, 67, 'seller67', 'Seller', 0.00, 'Active', NULL, NULL);
INSERT INTO item (item_id, item_name, category, starting_price, image_url, item_condition, description, seller_login, seller_role) VALUES (68, 'Toys Item 68', 'Toys', 390.04, 'https://example.com/images/item_68.jpg', 'Used', 'Fake test item 68 in Toys category.', 'seller31', 'Seller');
INSERT INTO auction (auction_id, item_id, seller_login, seller_role, current_highest_bid, auction_status, winner_login, winner_role) VALUES (68, 68, 'seller31', 'Seller', 0.00, 'Active', NULL, NULL);
INSERT INTO item (item_id, item_name, category, starting_price, image_url, item_condition, description, seller_login, seller_role) VALUES (69, 'Toys Item 69', 'Toys', 64.44, 'https://example.com/images/item_69.jpg', 'Like New', 'Fake test item 69 in Toys category.', 'seller61', 'Seller');
INSERT INTO auction (auction_id, item_id, seller_login, seller_role, current_highest_bid, auction_status, winner_login, winner_role) VALUES (69, 69, 'seller61', 'Seller', 331.98, 'Closed', 'buyer112', 'Buyer');
INSERT INTO item (item_id, item_name, category, starting_price, image_url, item_condition, description, seller_login, seller_role) VALUES (70, 'Electronics Item 70', 'Electronics', 275.42, 'https://example.com/images/item_70.jpg', 'New', 'Fake test item 70 in Electronics category.', 'seller10', 'Seller');
INSERT INTO auction (auction_id, item_id, seller_login, seller_role, current_highest_bid, auction_status, winner_login, winner_role) VALUES (70, 70, 'seller10', 'Seller', 0.00, 'Active', NULL, NULL);
INSERT INTO item (item_id, item_name, category, starting_price, image_url, item_condition, description, seller_login, seller_role) VALUES (71, 'Toys Item 71', 'Toys', 258.60, 'https://example.com/images/item_71.jpg', 'Good', 'Fake test item 71 in Toys category.', 'seller86', 'Seller');
INSERT INTO auction (auction_id, item_id, seller_login, seller_role, current_highest_bid, auction_status, winner_login, winner_role) VALUES (71, 71, 'seller86', 'Seller', 0.00, 'Active', NULL, NULL);
INSERT INTO item (item_id, item_name, category, starting_price, image_url, item_condition, description, seller_login, seller_role) VALUES (72, 'Art Item 72', 'Art', 291.60, 'https://example.com/images/item_72.jpg', 'Like New', 'Fake test item 72 in Art category.', 'seller4', 'Seller');
INSERT INTO auction (auction_id, item_id, seller_login, seller_role, current_highest_bid, auction_status, winner_login, winner_role) VALUES (72, 72, 'seller4', 'Seller', 473.40, 'Closed', 'buyer188', 'Buyer');
INSERT INTO item (item_id, item_name, category, starting_price, image_url, item_condition, description, seller_login, seller_role) VALUES (73, 'Toys Item 73', 'Toys', 338.51, 'https://example.com/images/item_73.jpg', 'Like New', 'Fake test item 73 in Toys category.', 'seller2', 'Seller');
INSERT INTO auction (auction_id, item_id, seller_login, seller_role, current_highest_bid, auction_status, winner_login, winner_role) VALUES (73, 73, 'seller2', 'Seller', 0.00, 'Active', NULL, NULL);
INSERT INTO item (item_id, item_name, category, starting_price, image_url, item_condition, description, seller_login, seller_role) VALUES (74, 'Games Item 74', 'Games', 62.95, 'https://example.com/images/item_74.jpg', 'New', 'Fake test item 74 in Games category.', 'seller8', 'Seller');
INSERT INTO auction (auction_id, item_id, seller_login, seller_role, current_highest_bid, auction_status, winner_login, winner_role) VALUES (74, 74, 'seller8', 'Seller', 0.00, 'Active', NULL, NULL);
INSERT INTO item (item_id, item_name, category, starting_price, image_url, item_condition, description, seller_login, seller_role) VALUES (75, 'Art Item 75', 'Art', 389.57, 'https://example.com/images/item_75.jpg', 'Good', 'Fake test item 75 in Art category.', 'seller35', 'Seller');
INSERT INTO auction (auction_id, item_id, seller_login, seller_role, current_highest_bid, auction_status, winner_login, winner_role) VALUES (75, 75, 'seller35', 'Seller', 477.06, 'Closed', 'buyer32', 'Buyer');
INSERT INTO item (item_id, item_name, category, starting_price, image_url, item_condition, description, seller_login, seller_role) VALUES (76, 'Art Item 76', 'Art', 66.28, 'https://example.com/images/item_76.jpg', 'New', 'Fake test item 76 in Art category.', 'seller3', 'Seller');
INSERT INTO auction (auction_id, item_id, seller_login, seller_role, current_highest_bid, auction_status, winner_login, winner_role) VALUES (76, 76, 'seller3', 'Seller', 0.00, 'Active', NULL, NULL);
INSERT INTO item (item_id, item_name, category, starting_price, image_url, item_condition, description, seller_login, seller_role) VALUES (77, 'Sports Item 77', 'Sports', 394.96, 'https://example.com/images/item_77.jpg', 'Like New', 'Fake test item 77 in Sports category.', 'seller21', 'Seller');
INSERT INTO auction (auction_id, item_id, seller_login, seller_role, current_highest_bid, auction_status, winner_login, winner_role) VALUES (77, 77, 'seller21', 'Seller', 0.00, 'Active', NULL, NULL);
INSERT INTO item (item_id, item_name, category, starting_price, image_url, item_condition, description, seller_login, seller_role) VALUES (78, 'Toys Item 78', 'Toys', 274.73, 'https://example.com/images/item_78.jpg', 'Like New', 'Fake test item 78 in Toys category.', 'seller58', 'Seller');
INSERT INTO auction (auction_id, item_id, seller_login, seller_role, current_highest_bid, auction_status, winner_login, winner_role) VALUES (78, 78, 'seller58', 'Seller', 377.70, 'Closed', 'buyer311', 'Buyer');
INSERT INTO item (item_id, item_name, category, starting_price, image_url, item_condition, description, seller_login, seller_role) VALUES (79, 'Home Item 79', 'Home', 458.05, 'https://example.com/images/item_79.jpg', 'Like New', 'Fake test item 79 in Home category.', 'seller80', 'Seller');
INSERT INTO auction (auction_id, item_id, seller_login, seller_role, current_highest_bid, auction_status, winner_login, winner_role) VALUES (79, 79, 'seller80', 'Seller', 0.00, 'Active', NULL, NULL);
INSERT INTO item (item_id, item_name, category, starting_price, image_url, item_condition, description, seller_login, seller_role) VALUES (80, 'Art Item 80', 'Art', 227.27, 'https://example.com/images/item_80.jpg', 'Good', 'Fake test item 80 in Art category.', 'seller5', 'Seller');
INSERT INTO auction (auction_id, item_id, seller_login, seller_role, current_highest_bid, auction_status, winner_login, winner_role) VALUES (80, 80, 'seller5', 'Seller', 0.00, 'Active', NULL, NULL);
INSERT INTO item (item_id, item_name, category, starting_price, image_url, item_condition, description, seller_login, seller_role) VALUES (81, 'Clothing Item 81', 'Clothing', 238.58, 'https://example.com/images/item_81.jpg', 'Used', 'Fake test item 81 in Clothing category.', 'seller23', 'Seller');
INSERT INTO auction (auction_id, item_id, seller_login, seller_role, current_highest_bid, auction_status, winner_login, winner_role) VALUES (81, 81, 'seller23', 'Seller', 375.61, 'Closed', 'buyer205', 'Buyer');
INSERT INTO item (item_id, item_name, category, starting_price, image_url, item_condition, description, seller_login, seller_role) VALUES (82, 'Books Item 82', 'Books', 322.02, 'https://example.com/images/item_82.jpg', 'New', 'Fake test item 82 in Books category.', 'seller43', 'Seller');
INSERT INTO auction (auction_id, item_id, seller_login, seller_role, current_highest_bid, auction_status, winner_login, winner_role) VALUES (82, 82, 'seller43', 'Seller', 0.00, 'Active', NULL, NULL);
INSERT INTO item (item_id, item_name, category, starting_price, image_url, item_condition, description, seller_login, seller_role) VALUES (83, 'Games Item 83', 'Games', 245.43, 'https://example.com/images/item_83.jpg', 'Like New', 'Fake test item 83 in Games category.', 'seller9', 'Seller');
INSERT INTO auction (auction_id, item_id, seller_login, seller_role, current_highest_bid, auction_status, winner_login, winner_role) VALUES (83, 83, 'seller9', 'Seller', 0.00, 'Active', NULL, NULL);
INSERT INTO item (item_id, item_name, category, starting_price, image_url, item_condition, description, seller_login, seller_role) VALUES (84, 'Games Item 84', 'Games', 319.56, 'https://example.com/images/item_84.jpg', 'Good', 'Fake test item 84 in Games category.', 'seller28', 'Seller');
INSERT INTO auction (auction_id, item_id, seller_login, seller_role, current_highest_bid, auction_status, winner_login, winner_role) VALUES (84, 84, 'seller28', 'Seller', 534.46, 'Closed', 'buyer380', 'Buyer');
INSERT INTO item (item_id, item_name, category, starting_price, image_url, item_condition, description, seller_login, seller_role) VALUES (85, 'Electronics Item 85', 'Electronics', 129.42, 'https://example.com/images/item_85.jpg', 'Fair', 'Fake test item 85 in Electronics category.', 'seller89', 'Seller');
INSERT INTO auction (auction_id, item_id, seller_login, seller_role, current_highest_bid, auction_status, winner_login, winner_role) VALUES (85, 85, 'seller89', 'Seller', 0.00, 'Active', NULL, NULL);
INSERT INTO item (item_id, item_name, category, starting_price, image_url, item_condition, description, seller_login, seller_role) VALUES (86, 'Clothing Item 86', 'Clothing', 488.38, 'https://example.com/images/item_86.jpg', 'Like New', 'Fake test item 86 in Clothing category.', 'seller67', 'Seller');
INSERT INTO auction (auction_id, item_id, seller_login, seller_role, current_highest_bid, auction_status, winner_login, winner_role) VALUES (86, 86, 'seller67', 'Seller', 0.00, 'Active', NULL, NULL);
INSERT INTO item (item_id, item_name, category, starting_price, image_url, item_condition, description, seller_login, seller_role) VALUES (87, 'Home Item 87', 'Home', 483.17, 'https://example.com/images/item_87.jpg', 'Used', 'Fake test item 87 in Home category.', 'seller81', 'Seller');
INSERT INTO auction (auction_id, item_id, seller_login, seller_role, current_highest_bid, auction_status, winner_login, winner_role) VALUES (87, 87, 'seller81', 'Seller', 735.70, 'Closed', 'buyer332', 'Buyer');
INSERT INTO item (item_id, item_name, category, starting_price, image_url, item_condition, description, seller_login, seller_role) VALUES (88, 'Books Item 88', 'Books', 200.21, 'https://example.com/images/item_88.jpg', 'New', 'Fake test item 88 in Books category.', 'seller49', 'Seller');
INSERT INTO auction (auction_id, item_id, seller_login, seller_role, current_highest_bid, auction_status, winner_login, winner_role) VALUES (88, 88, 'seller49', 'Seller', 0.00, 'Active', NULL, NULL);
INSERT INTO item (item_id, item_name, category, starting_price, image_url, item_condition, description, seller_login, seller_role) VALUES (89, 'Books Item 89', 'Books', 348.21, 'https://example.com/images/item_89.jpg', 'Fair', 'Fake test item 89 in Books category.', 'seller29', 'Seller');
INSERT INTO auction (auction_id, item_id, seller_login, seller_role, current_highest_bid, auction_status, winner_login, winner_role) VALUES (89, 89, 'seller29', 'Seller', 0.00, 'Active', NULL, NULL);
INSERT INTO item (item_id, item_name, category, starting_price, image_url, item_condition, description, seller_login, seller_role) VALUES (90, 'Home Item 90', 'Home', 393.58, 'https://example.com/images/item_90.jpg', 'Like New', 'Fake test item 90 in Home category.', 'seller62', 'Seller');
INSERT INTO auction (auction_id, item_id, seller_login, seller_role, current_highest_bid, auction_status, winner_login, winner_role) VALUES (90, 90, 'seller62', 'Seller', 510.57, 'Closed', 'buyer229', 'Buyer');
INSERT INTO item (item_id, item_name, category, starting_price, image_url, item_condition, description, seller_login, seller_role) VALUES (91, 'Electronics Item 91', 'Electronics', 428.18, 'https://example.com/images/item_91.jpg', 'Good', 'Fake test item 91 in Electronics category.', 'seller70', 'Seller');
INSERT INTO auction (auction_id, item_id, seller_login, seller_role, current_highest_bid, auction_status, winner_login, winner_role) VALUES (91, 91, 'seller70', 'Seller', 0.00, 'Active', NULL, NULL);
INSERT INTO item (item_id, item_name, category, starting_price, image_url, item_condition, description, seller_login, seller_role) VALUES (92, 'Electronics Item 92', 'Electronics', 405.97, 'https://example.com/images/item_92.jpg', 'Fair', 'Fake test item 92 in Electronics category.', 'seller20', 'Seller');
INSERT INTO auction (auction_id, item_id, seller_login, seller_role, current_highest_bid, auction_status, winner_login, winner_role) VALUES (92, 92, 'seller20', 'Seller', 0.00, 'Active', NULL, NULL);
INSERT INTO item (item_id, item_name, category, starting_price, image_url, item_condition, description, seller_login, seller_role) VALUES (93, 'Toys Item 93', 'Toys', 179.86, 'https://example.com/images/item_93.jpg', 'Fair', 'Fake test item 93 in Toys category.', 'seller54', 'Seller');
INSERT INTO auction (auction_id, item_id, seller_login, seller_role, current_highest_bid, auction_status, winner_login, winner_role) VALUES (93, 93, 'seller54', 'Seller', 200.68, 'Closed', 'buyer344', 'Buyer');
INSERT INTO item (item_id, item_name, category, starting_price, image_url, item_condition, description, seller_login, seller_role) VALUES (94, 'Electronics Item 94', 'Electronics', 405.30, 'https://example.com/images/item_94.jpg', 'Good', 'Fake test item 94 in Electronics category.', 'seller88', 'Seller');
INSERT INTO auction (auction_id, item_id, seller_login, seller_role, current_highest_bid, auction_status, winner_login, winner_role) VALUES (94, 94, 'seller88', 'Seller', 0.00, 'Active', NULL, NULL);
INSERT INTO item (item_id, item_name, category, starting_price, image_url, item_condition, description, seller_login, seller_role) VALUES (95, 'Sports Item 95', 'Sports', 151.76, 'https://example.com/images/item_95.jpg', 'Fair', 'Fake test item 95 in Sports category.', 'seller88', 'Seller');
INSERT INTO auction (auction_id, item_id, seller_login, seller_role, current_highest_bid, auction_status, winner_login, winner_role) VALUES (95, 95, 'seller88', 'Seller', 0.00, 'Active', NULL, NULL);
INSERT INTO item (item_id, item_name, category, starting_price, image_url, item_condition, description, seller_login, seller_role) VALUES (96, 'Electronics Item 96', 'Electronics', 79.07, 'https://example.com/images/item_96.jpg', 'Like New', 'Fake test item 96 in Electronics category.', 'seller87', 'Seller');
INSERT INTO auction (auction_id, item_id, seller_login, seller_role, current_highest_bid, auction_status, winner_login, winner_role) VALUES (96, 96, 'seller87', 'Seller', 203.83, 'Closed', 'buyer343', 'Buyer');
INSERT INTO item (item_id, item_name, category, starting_price, image_url, item_condition, description, seller_login, seller_role) VALUES (97, 'Home Item 97', 'Home', 122.30, 'https://example.com/images/item_97.jpg', 'New', 'Fake test item 97 in Home category.', 'seller56', 'Seller');
INSERT INTO auction (auction_id, item_id, seller_login, seller_role, current_highest_bid, auction_status, winner_login, winner_role) VALUES (97, 97, 'seller56', 'Seller', 0.00, 'Active', NULL, NULL);
INSERT INTO item (item_id, item_name, category, starting_price, image_url, item_condition, description, seller_login, seller_role) VALUES (98, 'Toys Item 98', 'Toys', 202.99, 'https://example.com/images/item_98.jpg', 'Fair', 'Fake test item 98 in Toys category.', 'seller49', 'Seller');
INSERT INTO auction (auction_id, item_id, seller_login, seller_role, current_highest_bid, auction_status, winner_login, winner_role) VALUES (98, 98, 'seller49', 'Seller', 0.00, 'Active', NULL, NULL);
INSERT INTO item (item_id, item_name, category, starting_price, image_url, item_condition, description, seller_login, seller_role) VALUES (99, 'Games Item 99', 'Games', 281.53, 'https://example.com/images/item_99.jpg', 'Fair', 'Fake test item 99 in Games category.', 'seller9', 'Seller');
INSERT INTO auction (auction_id, item_id, seller_login, seller_role, current_highest_bid, auction_status, winner_login, winner_role) VALUES (99, 99, 'seller9', 'Seller', 423.64, 'Closed', 'buyer124', 'Buyer');
INSERT INTO item (item_id, item_name, category, starting_price, image_url, item_condition, description, seller_login, seller_role) VALUES (100, 'Clothing Item 100', 'Clothing', 160.85, 'https://example.com/images/item_100.jpg', 'Fair', 'Fake test item 100 in Clothing category.', 'seller4', 'Seller');
INSERT INTO auction (auction_id, item_id, seller_login, seller_role, current_highest_bid, auction_status, winner_login, winner_role) VALUES (100, 100, 'seller4', 'Seller', 0.00, 'Active', NULL, NULL);
INSERT INTO item (item_id, item_name, category, starting_price, image_url, item_condition, description, seller_login, seller_role) VALUES (101, 'Clothing Item 101', 'Clothing', 32.86, 'https://example.com/images/item_101.jpg', 'Fair', 'Fake test item 101 in Clothing category.', 'seller63', 'Seller');
INSERT INTO auction (auction_id, item_id, seller_login, seller_role, current_highest_bid, auction_status, winner_login, winner_role) VALUES (101, 101, 'seller63', 'Seller', 0.00, 'Active', NULL, NULL);
INSERT INTO item (item_id, item_name, category, starting_price, image_url, item_condition, description, seller_login, seller_role) VALUES (102, 'Games Item 102', 'Games', 484.11, 'https://example.com/images/item_102.jpg', 'New', 'Fake test item 102 in Games category.', 'seller67', 'Seller');
INSERT INTO auction (auction_id, item_id, seller_login, seller_role, current_highest_bid, auction_status, winner_login, winner_role) VALUES (102, 102, 'seller67', 'Seller', 542.93, 'Closed', 'buyer388', 'Buyer');
INSERT INTO item (item_id, item_name, category, starting_price, image_url, item_condition, description, seller_login, seller_role) VALUES (103, 'Books Item 103', 'Books', 448.66, 'https://example.com/images/item_103.jpg', 'Like New', 'Fake test item 103 in Books category.', 'seller61', 'Seller');
INSERT INTO auction (auction_id, item_id, seller_login, seller_role, current_highest_bid, auction_status, winner_login, winner_role) VALUES (103, 103, 'seller61', 'Seller', 0.00, 'Active', NULL, NULL);
INSERT INTO item (item_id, item_name, category, starting_price, image_url, item_condition, description, seller_login, seller_role) VALUES (104, 'Games Item 104', 'Games', 385.80, 'https://example.com/images/item_104.jpg', 'Used', 'Fake test item 104 in Games category.', 'seller31', 'Seller');
INSERT INTO auction (auction_id, item_id, seller_login, seller_role, current_highest_bid, auction_status, winner_login, winner_role) VALUES (104, 104, 'seller31', 'Seller', 0.00, 'Active', NULL, NULL);
INSERT INTO item (item_id, item_name, category, starting_price, image_url, item_condition, description, seller_login, seller_role) VALUES (105, 'Toys Item 105', 'Toys', 172.43, 'https://example.com/images/item_105.jpg', 'Used', 'Fake test item 105 in Toys category.', 'seller65', 'Seller');
INSERT INTO auction (auction_id, item_id, seller_login, seller_role, current_highest_bid, auction_status, winner_login, winner_role) VALUES (105, 105, 'seller65', 'Seller', 279.57, 'Closed', 'buyer8', 'Buyer');
INSERT INTO item (item_id, item_name, category, starting_price, image_url, item_condition, description, seller_login, seller_role) VALUES (106, 'Home Item 106', 'Home', 308.94, 'https://example.com/images/item_106.jpg', 'Like New', 'Fake test item 106 in Home category.', 'seller86', 'Seller');
INSERT INTO auction (auction_id, item_id, seller_login, seller_role, current_highest_bid, auction_status, winner_login, winner_role) VALUES (106, 106, 'seller86', 'Seller', 0.00, 'Active', NULL, NULL);
INSERT INTO item (item_id, item_name, category, starting_price, image_url, item_condition, description, seller_login, seller_role) VALUES (107, 'Sports Item 107', 'Sports', 121.57, 'https://example.com/images/item_107.jpg', 'Used', 'Fake test item 107 in Sports category.', 'seller95', 'Seller');
INSERT INTO auction (auction_id, item_id, seller_login, seller_role, current_highest_bid, auction_status, winner_login, winner_role) VALUES (107, 107, 'seller95', 'Seller', 0.00, 'Active', NULL, NULL);
INSERT INTO item (item_id, item_name, category, starting_price, image_url, item_condition, description, seller_login, seller_role) VALUES (108, 'Clothing Item 108', 'Clothing', 473.58, 'https://example.com/images/item_108.jpg', 'New', 'Fake test item 108 in Clothing category.', 'seller100', 'Seller');
INSERT INTO auction (auction_id, item_id, seller_login, seller_role, current_highest_bid, auction_status, winner_login, winner_role) VALUES (108, 108, 'seller100', 'Seller', 609.24, 'Closed', 'buyer23', 'Buyer');
INSERT INTO item (item_id, item_name, category, starting_price, image_url, item_condition, description, seller_login, seller_role) VALUES (109, 'Home Item 109', 'Home', 424.58, 'https://example.com/images/item_109.jpg', 'Good', 'Fake test item 109 in Home category.', 'seller11', 'Seller');
INSERT INTO auction (auction_id, item_id, seller_login, seller_role, current_highest_bid, auction_status, winner_login, winner_role) VALUES (109, 109, 'seller11', 'Seller', 0.00, 'Active', NULL, NULL);
INSERT INTO item (item_id, item_name, category, starting_price, image_url, item_condition, description, seller_login, seller_role) VALUES (110, 'Electronics Item 110', 'Electronics', 176.24, 'https://example.com/images/item_110.jpg', 'Fair', 'Fake test item 110 in Electronics category.', 'seller67', 'Seller');
INSERT INTO auction (auction_id, item_id, seller_login, seller_role, current_highest_bid, auction_status, winner_login, winner_role) VALUES (110, 110, 'seller67', 'Seller', 0.00, 'Active', NULL, NULL);
INSERT INTO item (item_id, item_name, category, starting_price, image_url, item_condition, description, seller_login, seller_role) VALUES (111, 'Games Item 111', 'Games', 327.34, 'https://example.com/images/item_111.jpg', 'Like New', 'Fake test item 111 in Games category.', 'seller86', 'Seller');
INSERT INTO auction (auction_id, item_id, seller_login, seller_role, current_highest_bid, auction_status, winner_login, winner_role) VALUES (111, 111, 'seller86', 'Seller', 460.91, 'Closed', 'buyer339', 'Buyer');
INSERT INTO item (item_id, item_name, category, starting_price, image_url, item_condition, description, seller_login, seller_role) VALUES (112, 'Electronics Item 112', 'Electronics', 382.27, 'https://example.com/images/item_112.jpg', 'Good', 'Fake test item 112 in Electronics category.', 'seller35', 'Seller');
INSERT INTO auction (auction_id, item_id, seller_login, seller_role, current_highest_bid, auction_status, winner_login, winner_role) VALUES (112, 112, 'seller35', 'Seller', 0.00, 'Active', NULL, NULL);
INSERT INTO item (item_id, item_name, category, starting_price, image_url, item_condition, description, seller_login, seller_role) VALUES (113, 'Games Item 113', 'Games', 351.39, 'https://example.com/images/item_113.jpg', 'Like New', 'Fake test item 113 in Games category.', 'seller46', 'Seller');
INSERT INTO auction (auction_id, item_id, seller_login, seller_role, current_highest_bid, auction_status, winner_login, winner_role) VALUES (113, 113, 'seller46', 'Seller', 0.00, 'Active', NULL, NULL);
INSERT INTO item (item_id, item_name, category, starting_price, image_url, item_condition, description, seller_login, seller_role) VALUES (114, 'Art Item 114', 'Art', 228.06, 'https://example.com/images/item_114.jpg', 'Used', 'Fake test item 114 in Art category.', 'seller90', 'Seller');
INSERT INTO auction (auction_id, item_id, seller_login, seller_role, current_highest_bid, auction_status, winner_login, winner_role) VALUES (114, 114, 'seller90', 'Seller', 356.30, 'Closed', 'buyer150', 'Buyer');
INSERT INTO item (item_id, item_name, category, starting_price, image_url, item_condition, description, seller_login, seller_role) VALUES (115, 'Electronics Item 115', 'Electronics', 439.34, 'https://example.com/images/item_115.jpg', 'Like New', 'Fake test item 115 in Electronics category.', 'seller44', 'Seller');
INSERT INTO auction (auction_id, item_id, seller_login, seller_role, current_highest_bid, auction_status, winner_login, winner_role) VALUES (115, 115, 'seller44', 'Seller', 0.00, 'Active', NULL, NULL);
INSERT INTO item (item_id, item_name, category, starting_price, image_url, item_condition, description, seller_login, seller_role) VALUES (116, 'Toys Item 116', 'Toys', 261.72, 'https://example.com/images/item_116.jpg', 'Good', 'Fake test item 116 in Toys category.', 'seller17', 'Seller');
INSERT INTO auction (auction_id, item_id, seller_login, seller_role, current_highest_bid, auction_status, winner_login, winner_role) VALUES (116, 116, 'seller17', 'Seller', 0.00, 'Active', NULL, NULL);
INSERT INTO item (item_id, item_name, category, starting_price, image_url, item_condition, description, seller_login, seller_role) VALUES (117, 'Electronics Item 117', 'Electronics', 143.69, 'https://example.com/images/item_117.jpg', 'New', 'Fake test item 117 in Electronics category.', 'seller66', 'Seller');
INSERT INTO auction (auction_id, item_id, seller_login, seller_role, current_highest_bid, auction_status, winner_login, winner_role) VALUES (117, 117, 'seller66', 'Seller', 358.05, 'Closed', 'buyer116', 'Buyer');
INSERT INTO item (item_id, item_name, category, starting_price, image_url, item_condition, description, seller_login, seller_role) VALUES (118, 'Electronics Item 118', 'Electronics', 320.08, 'https://example.com/images/item_118.jpg', 'Used', 'Fake test item 118 in Electronics category.', 'seller48', 'Seller');
INSERT INTO auction (auction_id, item_id, seller_login, seller_role, current_highest_bid, auction_status, winner_login, winner_role) VALUES (118, 118, 'seller48', 'Seller', 0.00, 'Active', NULL, NULL);
INSERT INTO item (item_id, item_name, category, starting_price, image_url, item_condition, description, seller_login, seller_role) VALUES (119, 'Toys Item 119', 'Toys', 169.80, 'https://example.com/images/item_119.jpg', 'Like New', 'Fake test item 119 in Toys category.', 'seller73', 'Seller');
INSERT INTO auction (auction_id, item_id, seller_login, seller_role, current_highest_bid, auction_status, winner_login, winner_role) VALUES (119, 119, 'seller73', 'Seller', 0.00, 'Active', NULL, NULL);
INSERT INTO item (item_id, item_name, category, starting_price, image_url, item_condition, description, seller_login, seller_role) VALUES (120, 'Art Item 120', 'Art', 433.01, 'https://example.com/images/item_120.jpg', 'Fair', 'Fake test item 120 in Art category.', 'seller42', 'Seller');
INSERT INTO auction (auction_id, item_id, seller_login, seller_role, current_highest_bid, auction_status, winner_login, winner_role) VALUES (120, 120, 'seller42', 'Seller', 601.06, 'Closed', 'buyer299', 'Buyer');
INSERT INTO item (item_id, item_name, category, starting_price, image_url, item_condition, description, seller_login, seller_role) VALUES (121, 'Home Item 121', 'Home', 407.08, 'https://example.com/images/item_121.jpg', 'New', 'Fake test item 121 in Home category.', 'seller38', 'Seller');
INSERT INTO auction (auction_id, item_id, seller_login, seller_role, current_highest_bid, auction_status, winner_login, winner_role) VALUES (121, 121, 'seller38', 'Seller', 0.00, 'Active', NULL, NULL);
INSERT INTO item (item_id, item_name, category, starting_price, image_url, item_condition, description, seller_login, seller_role) VALUES (122, 'Home Item 122', 'Home', 294.30, 'https://example.com/images/item_122.jpg', 'Used', 'Fake test item 122 in Home category.', 'seller15', 'Seller');
INSERT INTO auction (auction_id, item_id, seller_login, seller_role, current_highest_bid, auction_status, winner_login, winner_role) VALUES (122, 122, 'seller15', 'Seller', 0.00, 'Active', NULL, NULL);
INSERT INTO item (item_id, item_name, category, starting_price, image_url, item_condition, description, seller_login, seller_role) VALUES (123, 'Art Item 123', 'Art', 333.93, 'https://example.com/images/item_123.jpg', 'Like New', 'Fake test item 123 in Art category.', 'seller59', 'Seller');
INSERT INTO auction (auction_id, item_id, seller_login, seller_role, current_highest_bid, auction_status, winner_login, winner_role) VALUES (123, 123, 'seller59', 'Seller', 533.50, 'Closed', 'buyer155', 'Buyer');
INSERT INTO item (item_id, item_name, category, starting_price, image_url, item_condition, description, seller_login, seller_role) VALUES (124, 'Games Item 124', 'Games', 245.02, 'https://example.com/images/item_124.jpg', 'New', 'Fake test item 124 in Games category.', 'seller17', 'Seller');
INSERT INTO auction (auction_id, item_id, seller_login, seller_role, current_highest_bid, auction_status, winner_login, winner_role) VALUES (124, 124, 'seller17', 'Seller', 0.00, 'Active', NULL, NULL);
INSERT INTO item (item_id, item_name, category, starting_price, image_url, item_condition, description, seller_login, seller_role) VALUES (125, 'Clothing Item 125', 'Clothing', 433.34, 'https://example.com/images/item_125.jpg', 'Fair', 'Fake test item 125 in Clothing category.', 'seller84', 'Seller');
INSERT INTO auction (auction_id, item_id, seller_login, seller_role, current_highest_bid, auction_status, winner_login, winner_role) VALUES (125, 125, 'seller84', 'Seller', 0.00, 'Active', NULL, NULL);
INSERT INTO item (item_id, item_name, category, starting_price, image_url, item_condition, description, seller_login, seller_role) VALUES (126, 'Electronics Item 126', 'Electronics', 286.66, 'https://example.com/images/item_126.jpg', 'Like New', 'Fake test item 126 in Electronics category.', 'seller49', 'Seller');
INSERT INTO auction (auction_id, item_id, seller_login, seller_role, current_highest_bid, auction_status, winner_login, winner_role) VALUES (126, 126, 'seller49', 'Seller', 400.39, 'Closed', 'buyer188', 'Buyer');
INSERT INTO item (item_id, item_name, category, starting_price, image_url, item_condition, description, seller_login, seller_role) VALUES (127, 'Electronics Item 127', 'Electronics', 254.36, 'https://example.com/images/item_127.jpg', 'Good', 'Fake test item 127 in Electronics category.', 'seller39', 'Seller');
INSERT INTO auction (auction_id, item_id, seller_login, seller_role, current_highest_bid, auction_status, winner_login, winner_role) VALUES (127, 127, 'seller39', 'Seller', 0.00, 'Active', NULL, NULL);
INSERT INTO item (item_id, item_name, category, starting_price, image_url, item_condition, description, seller_login, seller_role) VALUES (128, 'Art Item 128', 'Art', 170.82, 'https://example.com/images/item_128.jpg', 'Like New', 'Fake test item 128 in Art category.', 'seller85', 'Seller');
INSERT INTO auction (auction_id, item_id, seller_login, seller_role, current_highest_bid, auction_status, winner_login, winner_role) VALUES (128, 128, 'seller85', 'Seller', 0.00, 'Active', NULL, NULL);
INSERT INTO item (item_id, item_name, category, starting_price, image_url, item_condition, description, seller_login, seller_role) VALUES (129, 'Sports Item 129', 'Sports', 96.43, 'https://example.com/images/item_129.jpg', 'Fair', 'Fake test item 129 in Sports category.', 'seller60', 'Seller');
INSERT INTO auction (auction_id, item_id, seller_login, seller_role, current_highest_bid, auction_status, winner_login, winner_role) VALUES (129, 129, 'seller60', 'Seller', 363.94, 'Closed', 'buyer210', 'Buyer');
INSERT INTO item (item_id, item_name, category, starting_price, image_url, item_condition, description, seller_login, seller_role) VALUES (130, 'Books Item 130', 'Books', 294.40, 'https://example.com/images/item_130.jpg', 'Good', 'Fake test item 130 in Books category.', 'seller32', 'Seller');
INSERT INTO auction (auction_id, item_id, seller_login, seller_role, current_highest_bid, auction_status, winner_login, winner_role) VALUES (130, 130, 'seller32', 'Seller', 0.00, 'Active', NULL, NULL);
INSERT INTO item (item_id, item_name, category, starting_price, image_url, item_condition, description, seller_login, seller_role) VALUES (131, 'Sports Item 131', 'Sports', 332.15, 'https://example.com/images/item_131.jpg', 'New', 'Fake test item 131 in Sports category.', 'seller26', 'Seller');
INSERT INTO auction (auction_id, item_id, seller_login, seller_role, current_highest_bid, auction_status, winner_login, winner_role) VALUES (131, 131, 'seller26', 'Seller', 0.00, 'Active', NULL, NULL);
INSERT INTO item (item_id, item_name, category, starting_price, image_url, item_condition, description, seller_login, seller_role) VALUES (132, 'Games Item 132', 'Games', 346.89, 'https://example.com/images/item_132.jpg', 'Good', 'Fake test item 132 in Games category.', 'seller4', 'Seller');
INSERT INTO auction (auction_id, item_id, seller_login, seller_role, current_highest_bid, auction_status, winner_login, winner_role) VALUES (132, 132, 'seller4', 'Seller', 431.69, 'Closed', 'buyer247', 'Buyer');
INSERT INTO item (item_id, item_name, category, starting_price, image_url, item_condition, description, seller_login, seller_role) VALUES (133, 'Clothing Item 133', 'Clothing', 52.60, 'https://example.com/images/item_133.jpg', 'Fair', 'Fake test item 133 in Clothing category.', 'seller5', 'Seller');
INSERT INTO auction (auction_id, item_id, seller_login, seller_role, current_highest_bid, auction_status, winner_login, winner_role) VALUES (133, 133, 'seller5', 'Seller', 0.00, 'Active', NULL, NULL);
INSERT INTO item (item_id, item_name, category, starting_price, image_url, item_condition, description, seller_login, seller_role) VALUES (134, 'Games Item 134', 'Games', 104.03, 'https://example.com/images/item_134.jpg', 'Like New', 'Fake test item 134 in Games category.', 'seller87', 'Seller');
INSERT INTO auction (auction_id, item_id, seller_login, seller_role, current_highest_bid, auction_status, winner_login, winner_role) VALUES (134, 134, 'seller87', 'Seller', 0.00, 'Active', NULL, NULL);
INSERT INTO item (item_id, item_name, category, starting_price, image_url, item_condition, description, seller_login, seller_role) VALUES (135, 'Art Item 135', 'Art', 228.38, 'https://example.com/images/item_135.jpg', 'Used', 'Fake test item 135 in Art category.', 'seller84', 'Seller');
INSERT INTO auction (auction_id, item_id, seller_login, seller_role, current_highest_bid, auction_status, winner_login, winner_role) VALUES (135, 135, 'seller84', 'Seller', 396.41, 'Closed', 'buyer375', 'Buyer');
INSERT INTO item (item_id, item_name, category, starting_price, image_url, item_condition, description, seller_login, seller_role) VALUES (136, 'Games Item 136', 'Games', 240.26, 'https://example.com/images/item_136.jpg', 'Used', 'Fake test item 136 in Games category.', 'seller15', 'Seller');
INSERT INTO auction (auction_id, item_id, seller_login, seller_role, current_highest_bid, auction_status, winner_login, winner_role) VALUES (136, 136, 'seller15', 'Seller', 0.00, 'Active', NULL, NULL);
INSERT INTO item (item_id, item_name, category, starting_price, image_url, item_condition, description, seller_login, seller_role) VALUES (137, 'Electronics Item 137', 'Electronics', 71.13, 'https://example.com/images/item_137.jpg', 'Like New', 'Fake test item 137 in Electronics category.', 'seller22', 'Seller');
INSERT INTO auction (auction_id, item_id, seller_login, seller_role, current_highest_bid, auction_status, winner_login, winner_role) VALUES (137, 137, 'seller22', 'Seller', 0.00, 'Active', NULL, NULL);
INSERT INTO item (item_id, item_name, category, starting_price, image_url, item_condition, description, seller_login, seller_role) VALUES (138, 'Electronics Item 138', 'Electronics', 22.04, 'https://example.com/images/item_138.jpg', 'Fair', 'Fake test item 138 in Electronics category.', 'seller95', 'Seller');
INSERT INTO auction (auction_id, item_id, seller_login, seller_role, current_highest_bid, auction_status, winner_login, winner_role) VALUES (138, 138, 'seller95', 'Seller', 278.42, 'Closed', 'buyer225', 'Buyer');
INSERT INTO item (item_id, item_name, category, starting_price, image_url, item_condition, description, seller_login, seller_role) VALUES (139, 'Books Item 139', 'Books', 111.49, 'https://example.com/images/item_139.jpg', 'Like New', 'Fake test item 139 in Books category.', 'seller19', 'Seller');
INSERT INTO auction (auction_id, item_id, seller_login, seller_role, current_highest_bid, auction_status, winner_login, winner_role) VALUES (139, 139, 'seller19', 'Seller', 0.00, 'Active', NULL, NULL);
INSERT INTO item (item_id, item_name, category, starting_price, image_url, item_condition, description, seller_login, seller_role) VALUES (140, 'Art Item 140', 'Art', 317.87, 'https://example.com/images/item_140.jpg', 'Like New', 'Fake test item 140 in Art category.', 'seller68', 'Seller');
INSERT INTO auction (auction_id, item_id, seller_login, seller_role, current_highest_bid, auction_status, winner_login, winner_role) VALUES (140, 140, 'seller68', 'Seller', 0.00, 'Active', NULL, NULL);
INSERT INTO item (item_id, item_name, category, starting_price, image_url, item_condition, description, seller_login, seller_role) VALUES (141, 'Books Item 141', 'Books', 472.66, 'https://example.com/images/item_141.jpg', 'New', 'Fake test item 141 in Books category.', 'seller39', 'Seller');
INSERT INTO auction (auction_id, item_id, seller_login, seller_role, current_highest_bid, auction_status, winner_login, winner_role) VALUES (141, 141, 'seller39', 'Seller', 524.83, 'Closed', 'buyer118', 'Buyer');
INSERT INTO item (item_id, item_name, category, starting_price, image_url, item_condition, description, seller_login, seller_role) VALUES (142, 'Books Item 142', 'Books', 88.23, 'https://example.com/images/item_142.jpg', 'New', 'Fake test item 142 in Books category.', 'seller22', 'Seller');
INSERT INTO auction (auction_id, item_id, seller_login, seller_role, current_highest_bid, auction_status, winner_login, winner_role) VALUES (142, 142, 'seller22', 'Seller', 0.00, 'Active', NULL, NULL);
INSERT INTO item (item_id, item_name, category, starting_price, image_url, item_condition, description, seller_login, seller_role) VALUES (143, 'Electronics Item 143', 'Electronics', 364.88, 'https://example.com/images/item_143.jpg', 'Fair', 'Fake test item 143 in Electronics category.', 'seller67', 'Seller');
INSERT INTO auction (auction_id, item_id, seller_login, seller_role, current_highest_bid, auction_status, winner_login, winner_role) VALUES (143, 143, 'seller67', 'Seller', 0.00, 'Active', NULL, NULL);
INSERT INTO item (item_id, item_name, category, starting_price, image_url, item_condition, description, seller_login, seller_role) VALUES (144, 'Sports Item 144', 'Sports', 465.73, 'https://example.com/images/item_144.jpg', 'New', 'Fake test item 144 in Sports category.', 'seller94', 'Seller');
INSERT INTO auction (auction_id, item_id, seller_login, seller_role, current_highest_bid, auction_status, winner_login, winner_role) VALUES (144, 144, 'seller94', 'Seller', 657.68, 'Closed', 'buyer340', 'Buyer');
INSERT INTO item (item_id, item_name, category, starting_price, image_url, item_condition, description, seller_login, seller_role) VALUES (145, 'Home Item 145', 'Home', 437.03, 'https://example.com/images/item_145.jpg', 'Like New', 'Fake test item 145 in Home category.', 'seller67', 'Seller');
INSERT INTO auction (auction_id, item_id, seller_login, seller_role, current_highest_bid, auction_status, winner_login, winner_role) VALUES (145, 145, 'seller67', 'Seller', 0.00, 'Active', NULL, NULL);
INSERT INTO item (item_id, item_name, category, starting_price, image_url, item_condition, description, seller_login, seller_role) VALUES (146, 'Electronics Item 146', 'Electronics', 391.83, 'https://example.com/images/item_146.jpg', 'New', 'Fake test item 146 in Electronics category.', 'seller98', 'Seller');
INSERT INTO auction (auction_id, item_id, seller_login, seller_role, current_highest_bid, auction_status, winner_login, winner_role) VALUES (146, 146, 'seller98', 'Seller', 0.00, 'Active', NULL, NULL);
INSERT INTO item (item_id, item_name, category, starting_price, image_url, item_condition, description, seller_login, seller_role) VALUES (147, 'Clothing Item 147', 'Clothing', 37.59, 'https://example.com/images/item_147.jpg', 'Fair', 'Fake test item 147 in Clothing category.', 'seller65', 'Seller');
INSERT INTO auction (auction_id, item_id, seller_login, seller_role, current_highest_bid, auction_status, winner_login, winner_role) VALUES (147, 147, 'seller65', 'Seller', 73.61, 'Closed', 'buyer181', 'Buyer');
INSERT INTO item (item_id, item_name, category, starting_price, image_url, item_condition, description, seller_login, seller_role) VALUES (148, 'Clothing Item 148', 'Clothing', 187.09, 'https://example.com/images/item_148.jpg', 'New', 'Fake test item 148 in Clothing category.', 'seller93', 'Seller');
INSERT INTO auction (auction_id, item_id, seller_login, seller_role, current_highest_bid, auction_status, winner_login, winner_role) VALUES (148, 148, 'seller93', 'Seller', 0.00, 'Active', NULL, NULL);
INSERT INTO item (item_id, item_name, category, starting_price, image_url, item_condition, description, seller_login, seller_role) VALUES (149, 'Games Item 149', 'Games', 257.19, 'https://example.com/images/item_149.jpg', 'Used', 'Fake test item 149 in Games category.', 'seller9', 'Seller');
INSERT INTO auction (auction_id, item_id, seller_login, seller_role, current_highest_bid, auction_status, winner_login, winner_role) VALUES (149, 149, 'seller9', 'Seller', 0.00, 'Active', NULL, NULL);
INSERT INTO item (item_id, item_name, category, starting_price, image_url, item_condition, description, seller_login, seller_role) VALUES (150, 'Books Item 150', 'Books', 109.92, 'https://example.com/images/item_150.jpg', 'Used', 'Fake test item 150 in Books category.', 'seller62', 'Seller');
INSERT INTO auction (auction_id, item_id, seller_login, seller_role, current_highest_bid, auction_status, winner_login, winner_role) VALUES (150, 150, 'seller62', 'Seller', 354.52, 'Closed', 'buyer242', 'Buyer');
INSERT INTO item (item_id, item_name, category, starting_price, image_url, item_condition, description, seller_login, seller_role) VALUES (151, 'Toys Item 151', 'Toys', 458.65, 'https://example.com/images/item_151.jpg', 'Like New', 'Fake test item 151 in Toys category.', 'seller41', 'Seller');
INSERT INTO auction (auction_id, item_id, seller_login, seller_role, current_highest_bid, auction_status, winner_login, winner_role) VALUES (151, 151, 'seller41', 'Seller', 0.00, 'Active', NULL, NULL);
INSERT INTO item (item_id, item_name, category, starting_price, image_url, item_condition, description, seller_login, seller_role) VALUES (152, 'Toys Item 152', 'Toys', 237.80, 'https://example.com/images/item_152.jpg', 'Fair', 'Fake test item 152 in Toys category.', 'seller14', 'Seller');
INSERT INTO auction (auction_id, item_id, seller_login, seller_role, current_highest_bid, auction_status, winner_login, winner_role) VALUES (152, 152, 'seller14', 'Seller', 0.00, 'Active', NULL, NULL);
INSERT INTO item (item_id, item_name, category, starting_price, image_url, item_condition, description, seller_login, seller_role) VALUES (153, 'Games Item 153', 'Games', 367.93, 'https://example.com/images/item_153.jpg', 'New', 'Fake test item 153 in Games category.', 'seller85', 'Seller');
INSERT INTO auction (auction_id, item_id, seller_login, seller_role, current_highest_bid, auction_status, winner_login, winner_role) VALUES (153, 153, 'seller85', 'Seller', 436.44, 'Closed', 'buyer178', 'Buyer');
INSERT INTO item (item_id, item_name, category, starting_price, image_url, item_condition, description, seller_login, seller_role) VALUES (154, 'Home Item 154', 'Home', 340.08, 'https://example.com/images/item_154.jpg', 'New', 'Fake test item 154 in Home category.', 'seller88', 'Seller');
INSERT INTO auction (auction_id, item_id, seller_login, seller_role, current_highest_bid, auction_status, winner_login, winner_role) VALUES (154, 154, 'seller88', 'Seller', 0.00, 'Active', NULL, NULL);
INSERT INTO item (item_id, item_name, category, starting_price, image_url, item_condition, description, seller_login, seller_role) VALUES (155, 'Sports Item 155', 'Sports', 221.58, 'https://example.com/images/item_155.jpg', 'Like New', 'Fake test item 155 in Sports category.', 'seller80', 'Seller');
INSERT INTO auction (auction_id, item_id, seller_login, seller_role, current_highest_bid, auction_status, winner_login, winner_role) VALUES (155, 155, 'seller80', 'Seller', 0.00, 'Active', NULL, NULL);
INSERT INTO item (item_id, item_name, category, starting_price, image_url, item_condition, description, seller_login, seller_role) VALUES (156, 'Clothing Item 156', 'Clothing', 137.41, 'https://example.com/images/item_156.jpg', 'Good', 'Fake test item 156 in Clothing category.', 'seller86', 'Seller');
INSERT INTO auction (auction_id, item_id, seller_login, seller_role, current_highest_bid, auction_status, winner_login, winner_role) VALUES (156, 156, 'seller86', 'Seller', 221.51, 'Closed', 'buyer254', 'Buyer');
INSERT INTO item (item_id, item_name, category, starting_price, image_url, item_condition, description, seller_login, seller_role) VALUES (157, 'Home Item 157', 'Home', 348.09, 'https://example.com/images/item_157.jpg', 'Fair', 'Fake test item 157 in Home category.', 'seller22', 'Seller');
INSERT INTO auction (auction_id, item_id, seller_login, seller_role, current_highest_bid, auction_status, winner_login, winner_role) VALUES (157, 157, 'seller22', 'Seller', 0.00, 'Active', NULL, NULL);
INSERT INTO item (item_id, item_name, category, starting_price, image_url, item_condition, description, seller_login, seller_role) VALUES (158, 'Home Item 158', 'Home', 97.63, 'https://example.com/images/item_158.jpg', 'Used', 'Fake test item 158 in Home category.', 'seller91', 'Seller');
INSERT INTO auction (auction_id, item_id, seller_login, seller_role, current_highest_bid, auction_status, winner_login, winner_role) VALUES (158, 158, 'seller91', 'Seller', 0.00, 'Active', NULL, NULL);
INSERT INTO item (item_id, item_name, category, starting_price, image_url, item_condition, description, seller_login, seller_role) VALUES (159, 'Books Item 159', 'Books', 492.57, 'https://example.com/images/item_159.jpg', 'Good', 'Fake test item 159 in Books category.', 'seller4', 'Seller');
INSERT INTO auction (auction_id, item_id, seller_login, seller_role, current_highest_bid, auction_status, winner_login, winner_role) VALUES (159, 159, 'seller4', 'Seller', 530.76, 'Closed', 'buyer206', 'Buyer');
INSERT INTO item (item_id, item_name, category, starting_price, image_url, item_condition, description, seller_login, seller_role) VALUES (160, 'Home Item 160', 'Home', 98.29, 'https://example.com/images/item_160.jpg', 'New', 'Fake test item 160 in Home category.', 'seller93', 'Seller');
INSERT INTO auction (auction_id, item_id, seller_login, seller_role, current_highest_bid, auction_status, winner_login, winner_role) VALUES (160, 160, 'seller93', 'Seller', 0.00, 'Active', NULL, NULL);
INSERT INTO item (item_id, item_name, category, starting_price, image_url, item_condition, description, seller_login, seller_role) VALUES (161, 'Electronics Item 161', 'Electronics', 213.69, 'https://example.com/images/item_161.jpg', 'New', 'Fake test item 161 in Electronics category.', 'seller44', 'Seller');
INSERT INTO auction (auction_id, item_id, seller_login, seller_role, current_highest_bid, auction_status, winner_login, winner_role) VALUES (161, 161, 'seller44', 'Seller', 0.00, 'Active', NULL, NULL);
INSERT INTO item (item_id, item_name, category, starting_price, image_url, item_condition, description, seller_login, seller_role) VALUES (162, 'Books Item 162', 'Books', 136.77, 'https://example.com/images/item_162.jpg', 'Fair', 'Fake test item 162 in Books category.', 'seller70', 'Seller');
INSERT INTO auction (auction_id, item_id, seller_login, seller_role, current_highest_bid, auction_status, winner_login, winner_role) VALUES (162, 162, 'seller70', 'Seller', 188.26, 'Closed', 'buyer310', 'Buyer');
INSERT INTO item (item_id, item_name, category, starting_price, image_url, item_condition, description, seller_login, seller_role) VALUES (163, 'Toys Item 163', 'Toys', 110.18, 'https://example.com/images/item_163.jpg', 'Like New', 'Fake test item 163 in Toys category.', 'seller82', 'Seller');
INSERT INTO auction (auction_id, item_id, seller_login, seller_role, current_highest_bid, auction_status, winner_login, winner_role) VALUES (163, 163, 'seller82', 'Seller', 0.00, 'Active', NULL, NULL);
INSERT INTO item (item_id, item_name, category, starting_price, image_url, item_condition, description, seller_login, seller_role) VALUES (164, 'Toys Item 164', 'Toys', 91.85, 'https://example.com/images/item_164.jpg', 'Good', 'Fake test item 164 in Toys category.', 'seller56', 'Seller');
INSERT INTO auction (auction_id, item_id, seller_login, seller_role, current_highest_bid, auction_status, winner_login, winner_role) VALUES (164, 164, 'seller56', 'Seller', 0.00, 'Active', NULL, NULL);
INSERT INTO item (item_id, item_name, category, starting_price, image_url, item_condition, description, seller_login, seller_role) VALUES (165, 'Home Item 165', 'Home', 398.28, 'https://example.com/images/item_165.jpg', 'New', 'Fake test item 165 in Home category.', 'seller4', 'Seller');
INSERT INTO auction (auction_id, item_id, seller_login, seller_role, current_highest_bid, auction_status, winner_login, winner_role) VALUES (165, 165, 'seller4', 'Seller', 555.24, 'Closed', 'buyer315', 'Buyer');
INSERT INTO item (item_id, item_name, category, starting_price, image_url, item_condition, description, seller_login, seller_role) VALUES (166, 'Games Item 166', 'Games', 222.08, 'https://example.com/images/item_166.jpg', 'Fair', 'Fake test item 166 in Games category.', 'seller5', 'Seller');
INSERT INTO auction (auction_id, item_id, seller_login, seller_role, current_highest_bid, auction_status, winner_login, winner_role) VALUES (166, 166, 'seller5', 'Seller', 0.00, 'Active', NULL, NULL);
INSERT INTO item (item_id, item_name, category, starting_price, image_url, item_condition, description, seller_login, seller_role) VALUES (167, 'Toys Item 167', 'Toys', 248.61, 'https://example.com/images/item_167.jpg', 'Used', 'Fake test item 167 in Toys category.', 'seller19', 'Seller');
INSERT INTO auction (auction_id, item_id, seller_login, seller_role, current_highest_bid, auction_status, winner_login, winner_role) VALUES (167, 167, 'seller19', 'Seller', 0.00, 'Active', NULL, NULL);
INSERT INTO item (item_id, item_name, category, starting_price, image_url, item_condition, description, seller_login, seller_role) VALUES (168, 'Toys Item 168', 'Toys', 161.45, 'https://example.com/images/item_168.jpg', 'Fair', 'Fake test item 168 in Toys category.', 'seller52', 'Seller');
INSERT INTO auction (auction_id, item_id, seller_login, seller_role, current_highest_bid, auction_status, winner_login, winner_role) VALUES (168, 168, 'seller52', 'Seller', 306.05, 'Closed', 'buyer2', 'Buyer');
INSERT INTO item (item_id, item_name, category, starting_price, image_url, item_condition, description, seller_login, seller_role) VALUES (169, 'Books Item 169', 'Books', 218.62, 'https://example.com/images/item_169.jpg', 'Fair', 'Fake test item 169 in Books category.', 'seller23', 'Seller');
INSERT INTO auction (auction_id, item_id, seller_login, seller_role, current_highest_bid, auction_status, winner_login, winner_role) VALUES (169, 169, 'seller23', 'Seller', 0.00, 'Active', NULL, NULL);
INSERT INTO item (item_id, item_name, category, starting_price, image_url, item_condition, description, seller_login, seller_role) VALUES (170, 'Toys Item 170', 'Toys', 403.46, 'https://example.com/images/item_170.jpg', 'Good', 'Fake test item 170 in Toys category.', 'seller79', 'Seller');
INSERT INTO auction (auction_id, item_id, seller_login, seller_role, current_highest_bid, auction_status, winner_login, winner_role) VALUES (170, 170, 'seller79', 'Seller', 0.00, 'Active', NULL, NULL);
INSERT INTO item (item_id, item_name, category, starting_price, image_url, item_condition, description, seller_login, seller_role) VALUES (171, 'Toys Item 171', 'Toys', 143.23, 'https://example.com/images/item_171.jpg', 'New', 'Fake test item 171 in Toys category.', 'seller47', 'Seller');
INSERT INTO auction (auction_id, item_id, seller_login, seller_role, current_highest_bid, auction_status, winner_login, winner_role) VALUES (171, 171, 'seller47', 'Seller', 355.63, 'Closed', 'buyer148', 'Buyer');
INSERT INTO item (item_id, item_name, category, starting_price, image_url, item_condition, description, seller_login, seller_role) VALUES (172, 'Toys Item 172', 'Toys', 122.78, 'https://example.com/images/item_172.jpg', 'Like New', 'Fake test item 172 in Toys category.', 'seller37', 'Seller');
INSERT INTO auction (auction_id, item_id, seller_login, seller_role, current_highest_bid, auction_status, winner_login, winner_role) VALUES (172, 172, 'seller37', 'Seller', 0.00, 'Active', NULL, NULL);
INSERT INTO item (item_id, item_name, category, starting_price, image_url, item_condition, description, seller_login, seller_role) VALUES (173, 'Clothing Item 173', 'Clothing', 437.29, 'https://example.com/images/item_173.jpg', 'Fair', 'Fake test item 173 in Clothing category.', 'seller91', 'Seller');
INSERT INTO auction (auction_id, item_id, seller_login, seller_role, current_highest_bid, auction_status, winner_login, winner_role) VALUES (173, 173, 'seller91', 'Seller', 0.00, 'Active', NULL, NULL);
INSERT INTO item (item_id, item_name, category, starting_price, image_url, item_condition, description, seller_login, seller_role) VALUES (174, 'Sports Item 174', 'Sports', 65.14, 'https://example.com/images/item_174.jpg', 'Fair', 'Fake test item 174 in Sports category.', 'seller54', 'Seller');
INSERT INTO auction (auction_id, item_id, seller_login, seller_role, current_highest_bid, auction_status, winner_login, winner_role) VALUES (174, 174, 'seller54', 'Seller', 342.21, 'Closed', 'buyer380', 'Buyer');
INSERT INTO item (item_id, item_name, category, starting_price, image_url, item_condition, description, seller_login, seller_role) VALUES (175, 'Toys Item 175', 'Toys', 164.48, 'https://example.com/images/item_175.jpg', 'New', 'Fake test item 175 in Toys category.', 'seller59', 'Seller');
INSERT INTO auction (auction_id, item_id, seller_login, seller_role, current_highest_bid, auction_status, winner_login, winner_role) VALUES (175, 175, 'seller59', 'Seller', 0.00, 'Active', NULL, NULL);
INSERT INTO item (item_id, item_name, category, starting_price, image_url, item_condition, description, seller_login, seller_role) VALUES (176, 'Sports Item 176', 'Sports', 186.36, 'https://example.com/images/item_176.jpg', 'Fair', 'Fake test item 176 in Sports category.', 'seller26', 'Seller');
INSERT INTO auction (auction_id, item_id, seller_login, seller_role, current_highest_bid, auction_status, winner_login, winner_role) VALUES (176, 176, 'seller26', 'Seller', 0.00, 'Active', NULL, NULL);
INSERT INTO item (item_id, item_name, category, starting_price, image_url, item_condition, description, seller_login, seller_role) VALUES (177, 'Books Item 177', 'Books', 298.22, 'https://example.com/images/item_177.jpg', 'Like New', 'Fake test item 177 in Books category.', 'seller34', 'Seller');
INSERT INTO auction (auction_id, item_id, seller_login, seller_role, current_highest_bid, auction_status, winner_login, winner_role) VALUES (177, 177, 'seller34', 'Seller', 540.69, 'Closed', 'buyer144', 'Buyer');
INSERT INTO item (item_id, item_name, category, starting_price, image_url, item_condition, description, seller_login, seller_role) VALUES (178, 'Art Item 178', 'Art', 419.59, 'https://example.com/images/item_178.jpg', 'Used', 'Fake test item 178 in Art category.', 'seller4', 'Seller');
INSERT INTO auction (auction_id, item_id, seller_login, seller_role, current_highest_bid, auction_status, winner_login, winner_role) VALUES (178, 178, 'seller4', 'Seller', 0.00, 'Active', NULL, NULL);
INSERT INTO item (item_id, item_name, category, starting_price, image_url, item_condition, description, seller_login, seller_role) VALUES (179, 'Games Item 179', 'Games', 141.94, 'https://example.com/images/item_179.jpg', 'Like New', 'Fake test item 179 in Games category.', 'seller86', 'Seller');
INSERT INTO auction (auction_id, item_id, seller_login, seller_role, current_highest_bid, auction_status, winner_login, winner_role) VALUES (179, 179, 'seller86', 'Seller', 0.00, 'Active', NULL, NULL);
INSERT INTO item (item_id, item_name, category, starting_price, image_url, item_condition, description, seller_login, seller_role) VALUES (180, 'Toys Item 180', 'Toys', 484.18, 'https://example.com/images/item_180.jpg', 'New', 'Fake test item 180 in Toys category.', 'seller44', 'Seller');
INSERT INTO auction (auction_id, item_id, seller_login, seller_role, current_highest_bid, auction_status, winner_login, winner_role) VALUES (180, 180, 'seller44', 'Seller', 674.30, 'Closed', 'buyer98', 'Buyer');
INSERT INTO item (item_id, item_name, category, starting_price, image_url, item_condition, description, seller_login, seller_role) VALUES (181, 'Clothing Item 181', 'Clothing', 137.93, 'https://example.com/images/item_181.jpg', 'Fair', 'Fake test item 181 in Clothing category.', 'seller73', 'Seller');
INSERT INTO auction (auction_id, item_id, seller_login, seller_role, current_highest_bid, auction_status, winner_login, winner_role) VALUES (181, 181, 'seller73', 'Seller', 0.00, 'Active', NULL, NULL);
INSERT INTO item (item_id, item_name, category, starting_price, image_url, item_condition, description, seller_login, seller_role) VALUES (182, 'Toys Item 182', 'Toys', 369.39, 'https://example.com/images/item_182.jpg', 'New', 'Fake test item 182 in Toys category.', 'seller28', 'Seller');
INSERT INTO auction (auction_id, item_id, seller_login, seller_role, current_highest_bid, auction_status, winner_login, winner_role) VALUES (182, 182, 'seller28', 'Seller', 0.00, 'Active', NULL, NULL);
INSERT INTO item (item_id, item_name, category, starting_price, image_url, item_condition, description, seller_login, seller_role) VALUES (183, 'Art Item 183', 'Art', 147.79, 'https://example.com/images/item_183.jpg', 'Like New', 'Fake test item 183 in Art category.', 'seller4', 'Seller');
INSERT INTO auction (auction_id, item_id, seller_login, seller_role, current_highest_bid, auction_status, winner_login, winner_role) VALUES (183, 183, 'seller4', 'Seller', 426.17, 'Closed', 'buyer224', 'Buyer');
INSERT INTO item (item_id, item_name, category, starting_price, image_url, item_condition, description, seller_login, seller_role) VALUES (184, 'Clothing Item 184', 'Clothing', 14.82, 'https://example.com/images/item_184.jpg', 'Used', 'Fake test item 184 in Clothing category.', 'seller3', 'Seller');
INSERT INTO auction (auction_id, item_id, seller_login, seller_role, current_highest_bid, auction_status, winner_login, winner_role) VALUES (184, 184, 'seller3', 'Seller', 0.00, 'Active', NULL, NULL);
INSERT INTO item (item_id, item_name, category, starting_price, image_url, item_condition, description, seller_login, seller_role) VALUES (185, 'Art Item 185', 'Art', 298.88, 'https://example.com/images/item_185.jpg', 'Used', 'Fake test item 185 in Art category.', 'seller23', 'Seller');
INSERT INTO auction (auction_id, item_id, seller_login, seller_role, current_highest_bid, auction_status, winner_login, winner_role) VALUES (185, 185, 'seller23', 'Seller', 0.00, 'Active', NULL, NULL);
INSERT INTO item (item_id, item_name, category, starting_price, image_url, item_condition, description, seller_login, seller_role) VALUES (186, 'Home Item 186', 'Home', 490.90, 'https://example.com/images/item_186.jpg', 'Used', 'Fake test item 186 in Home category.', 'seller55', 'Seller');
INSERT INTO auction (auction_id, item_id, seller_login, seller_role, current_highest_bid, auction_status, winner_login, winner_role) VALUES (186, 186, 'seller55', 'Seller', 732.12, 'Closed', 'buyer188', 'Buyer');
INSERT INTO item (item_id, item_name, category, starting_price, image_url, item_condition, description, seller_login, seller_role) VALUES (187, 'Home Item 187', 'Home', 247.86, 'https://example.com/images/item_187.jpg', 'Good', 'Fake test item 187 in Home category.', 'seller45', 'Seller');
INSERT INTO auction (auction_id, item_id, seller_login, seller_role, current_highest_bid, auction_status, winner_login, winner_role) VALUES (187, 187, 'seller45', 'Seller', 0.00, 'Active', NULL, NULL);
INSERT INTO item (item_id, item_name, category, starting_price, image_url, item_condition, description, seller_login, seller_role) VALUES (188, 'Books Item 188', 'Books', 469.66, 'https://example.com/images/item_188.jpg', 'Used', 'Fake test item 188 in Books category.', 'seller11', 'Seller');
INSERT INTO auction (auction_id, item_id, seller_login, seller_role, current_highest_bid, auction_status, winner_login, winner_role) VALUES (188, 188, 'seller11', 'Seller', 0.00, 'Active', NULL, NULL);
INSERT INTO item (item_id, item_name, category, starting_price, image_url, item_condition, description, seller_login, seller_role) VALUES (189, 'Art Item 189', 'Art', 462.21, 'https://example.com/images/item_189.jpg', 'Fair', 'Fake test item 189 in Art category.', 'seller13', 'Seller');
INSERT INTO auction (auction_id, item_id, seller_login, seller_role, current_highest_bid, auction_status, winner_login, winner_role) VALUES (189, 189, 'seller13', 'Seller', 675.89, 'Closed', 'buyer231', 'Buyer');
INSERT INTO item (item_id, item_name, category, starting_price, image_url, item_condition, description, seller_login, seller_role) VALUES (190, 'Books Item 190', 'Books', 102.72, 'https://example.com/images/item_190.jpg', 'Like New', 'Fake test item 190 in Books category.', 'seller6', 'Seller');
INSERT INTO auction (auction_id, item_id, seller_login, seller_role, current_highest_bid, auction_status, winner_login, winner_role) VALUES (190, 190, 'seller6', 'Seller', 0.00, 'Active', NULL, NULL);
INSERT INTO item (item_id, item_name, category, starting_price, image_url, item_condition, description, seller_login, seller_role) VALUES (191, 'Clothing Item 191', 'Clothing', 499.50, 'https://example.com/images/item_191.jpg', 'Used', 'Fake test item 191 in Clothing category.', 'seller59', 'Seller');
INSERT INTO auction (auction_id, item_id, seller_login, seller_role, current_highest_bid, auction_status, winner_login, winner_role) VALUES (191, 191, 'seller59', 'Seller', 0.00, 'Active', NULL, NULL);
INSERT INTO item (item_id, item_name, category, starting_price, image_url, item_condition, description, seller_login, seller_role) VALUES (192, 'Electronics Item 192', 'Electronics', 160.17, 'https://example.com/images/item_192.jpg', 'Good', 'Fake test item 192 in Electronics category.', 'seller40', 'Seller');
INSERT INTO auction (auction_id, item_id, seller_login, seller_role, current_highest_bid, auction_status, winner_login, winner_role) VALUES (192, 192, 'seller40', 'Seller', 266.10, 'Closed', 'buyer302', 'Buyer');
INSERT INTO item (item_id, item_name, category, starting_price, image_url, item_condition, description, seller_login, seller_role) VALUES (193, 'Toys Item 193', 'Toys', 306.07, 'https://example.com/images/item_193.jpg', 'Fair', 'Fake test item 193 in Toys category.', 'seller61', 'Seller');
INSERT INTO auction (auction_id, item_id, seller_login, seller_role, current_highest_bid, auction_status, winner_login, winner_role) VALUES (193, 193, 'seller61', 'Seller', 0.00, 'Active', NULL, NULL);
INSERT INTO item (item_id, item_name, category, starting_price, image_url, item_condition, description, seller_login, seller_role) VALUES (194, 'Electronics Item 194', 'Electronics', 307.80, 'https://example.com/images/item_194.jpg', 'Good', 'Fake test item 194 in Electronics category.', 'seller66', 'Seller');
INSERT INTO auction (auction_id, item_id, seller_login, seller_role, current_highest_bid, auction_status, winner_login, winner_role) VALUES (194, 194, 'seller66', 'Seller', 0.00, 'Active', NULL, NULL);
INSERT INTO item (item_id, item_name, category, starting_price, image_url, item_condition, description, seller_login, seller_role) VALUES (195, 'Games Item 195', 'Games', 126.35, 'https://example.com/images/item_195.jpg', 'New', 'Fake test item 195 in Games category.', 'seller23', 'Seller');
INSERT INTO auction (auction_id, item_id, seller_login, seller_role, current_highest_bid, auction_status, winner_login, winner_role) VALUES (195, 195, 'seller23', 'Seller', 391.12, 'Closed', 'buyer384', 'Buyer');
INSERT INTO item (item_id, item_name, category, starting_price, image_url, item_condition, description, seller_login, seller_role) VALUES (196, 'Toys Item 196', 'Toys', 157.86, 'https://example.com/images/item_196.jpg', 'Like New', 'Fake test item 196 in Toys category.', 'seller73', 'Seller');
INSERT INTO auction (auction_id, item_id, seller_login, seller_role, current_highest_bid, auction_status, winner_login, winner_role) VALUES (196, 196, 'seller73', 'Seller', 0.00, 'Active', NULL, NULL);
INSERT INTO item (item_id, item_name, category, starting_price, image_url, item_condition, description, seller_login, seller_role) VALUES (197, 'Sports Item 197', 'Sports', 97.11, 'https://example.com/images/item_197.jpg', 'Like New', 'Fake test item 197 in Sports category.', 'seller22', 'Seller');
INSERT INTO auction (auction_id, item_id, seller_login, seller_role, current_highest_bid, auction_status, winner_login, winner_role) VALUES (197, 197, 'seller22', 'Seller', 0.00, 'Active', NULL, NULL);
INSERT INTO item (item_id, item_name, category, starting_price, image_url, item_condition, description, seller_login, seller_role) VALUES (198, 'Electronics Item 198', 'Electronics', 493.38, 'https://example.com/images/item_198.jpg', 'Used', 'Fake test item 198 in Electronics category.', 'seller20', 'Seller');
INSERT INTO auction (auction_id, item_id, seller_login, seller_role, current_highest_bid, auction_status, winner_login, winner_role) VALUES (198, 198, 'seller20', 'Seller', 627.91, 'Closed', 'buyer100', 'Buyer');
INSERT INTO item (item_id, item_name, category, starting_price, image_url, item_condition, description, seller_login, seller_role) VALUES (199, 'Clothing Item 199', 'Clothing', 374.14, 'https://example.com/images/item_199.jpg', 'Good', 'Fake test item 199 in Clothing category.', 'seller73', 'Seller');
INSERT INTO auction (auction_id, item_id, seller_login, seller_role, current_highest_bid, auction_status, winner_login, winner_role) VALUES (199, 199, 'seller73', 'Seller', 0.00, 'Active', NULL, NULL);
INSERT INTO item (item_id, item_name, category, starting_price, image_url, item_condition, description, seller_login, seller_role) VALUES (200, 'Books Item 200', 'Books', 270.47, 'https://example.com/images/item_200.jpg', 'Like New', 'Fake test item 200 in Books category.', 'seller40', 'Seller');
INSERT INTO auction (auction_id, item_id, seller_login, seller_role, current_highest_bid, auction_status, winner_login, winner_role) VALUES (200, 200, 'seller40', 'Seller', 0.00, 'Active', NULL, NULL);
INSERT INTO item (item_id, item_name, category, starting_price, image_url, item_condition, description, seller_login, seller_role) VALUES (201, 'Toys Item 201', 'Toys', 461.32, 'https://example.com/images/item_201.jpg', 'New', 'Fake test item 201 in Toys category.', 'seller80', 'Seller');
INSERT INTO auction (auction_id, item_id, seller_login, seller_role, current_highest_bid, auction_status, winner_login, winner_role) VALUES (201, 201, 'seller80', 'Seller', 522.02, 'Closed', 'buyer321', 'Buyer');
INSERT INTO item (item_id, item_name, category, starting_price, image_url, item_condition, description, seller_login, seller_role) VALUES (202, 'Clothing Item 202', 'Clothing', 346.04, 'https://example.com/images/item_202.jpg', 'Good', 'Fake test item 202 in Clothing category.', 'seller14', 'Seller');
INSERT INTO auction (auction_id, item_id, seller_login, seller_role, current_highest_bid, auction_status, winner_login, winner_role) VALUES (202, 202, 'seller14', 'Seller', 0.00, 'Active', NULL, NULL);
INSERT INTO item (item_id, item_name, category, starting_price, image_url, item_condition, description, seller_login, seller_role) VALUES (203, 'Books Item 203', 'Books', 224.52, 'https://example.com/images/item_203.jpg', 'Used', 'Fake test item 203 in Books category.', 'seller61', 'Seller');
INSERT INTO auction (auction_id, item_id, seller_login, seller_role, current_highest_bid, auction_status, winner_login, winner_role) VALUES (203, 203, 'seller61', 'Seller', 0.00, 'Active', NULL, NULL);
INSERT INTO item (item_id, item_name, category, starting_price, image_url, item_condition, description, seller_login, seller_role) VALUES (204, 'Sports Item 204', 'Sports', 487.36, 'https://example.com/images/item_204.jpg', 'Fair', 'Fake test item 204 in Sports category.', 'seller95', 'Seller');
INSERT INTO auction (auction_id, item_id, seller_login, seller_role, current_highest_bid, auction_status, winner_login, winner_role) VALUES (204, 204, 'seller95', 'Seller', 659.72, 'Closed', 'buyer249', 'Buyer');
INSERT INTO item (item_id, item_name, category, starting_price, image_url, item_condition, description, seller_login, seller_role) VALUES (205, 'Clothing Item 205', 'Clothing', 389.54, 'https://example.com/images/item_205.jpg', 'New', 'Fake test item 205 in Clothing category.', 'seller17', 'Seller');
INSERT INTO auction (auction_id, item_id, seller_login, seller_role, current_highest_bid, auction_status, winner_login, winner_role) VALUES (205, 205, 'seller17', 'Seller', 0.00, 'Active', NULL, NULL);
INSERT INTO item (item_id, item_name, category, starting_price, image_url, item_condition, description, seller_login, seller_role) VALUES (206, 'Electronics Item 206', 'Electronics', 366.73, 'https://example.com/images/item_206.jpg', 'New', 'Fake test item 206 in Electronics category.', 'seller3', 'Seller');
INSERT INTO auction (auction_id, item_id, seller_login, seller_role, current_highest_bid, auction_status, winner_login, winner_role) VALUES (206, 206, 'seller3', 'Seller', 0.00, 'Active', NULL, NULL);
INSERT INTO item (item_id, item_name, category, starting_price, image_url, item_condition, description, seller_login, seller_role) VALUES (207, 'Clothing Item 207', 'Clothing', 103.53, 'https://example.com/images/item_207.jpg', 'New', 'Fake test item 207 in Clothing category.', 'seller33', 'Seller');
INSERT INTO auction (auction_id, item_id, seller_login, seller_role, current_highest_bid, auction_status, winner_login, winner_role) VALUES (207, 207, 'seller33', 'Seller', 197.10, 'Closed', 'buyer92', 'Buyer');
INSERT INTO item (item_id, item_name, category, starting_price, image_url, item_condition, description, seller_login, seller_role) VALUES (208, 'Home Item 208', 'Home', 249.70, 'https://example.com/images/item_208.jpg', 'Used', 'Fake test item 208 in Home category.', 'seller52', 'Seller');
INSERT INTO auction (auction_id, item_id, seller_login, seller_role, current_highest_bid, auction_status, winner_login, winner_role) VALUES (208, 208, 'seller52', 'Seller', 0.00, 'Active', NULL, NULL);
INSERT INTO item (item_id, item_name, category, starting_price, image_url, item_condition, description, seller_login, seller_role) VALUES (209, 'Clothing Item 209', 'Clothing', 330.92, 'https://example.com/images/item_209.jpg', 'Good', 'Fake test item 209 in Clothing category.', 'seller15', 'Seller');
INSERT INTO auction (auction_id, item_id, seller_login, seller_role, current_highest_bid, auction_status, winner_login, winner_role) VALUES (209, 209, 'seller15', 'Seller', 0.00, 'Active', NULL, NULL);
INSERT INTO item (item_id, item_name, category, starting_price, image_url, item_condition, description, seller_login, seller_role) VALUES (210, 'Toys Item 210', 'Toys', 86.53, 'https://example.com/images/item_210.jpg', 'Fair', 'Fake test item 210 in Toys category.', 'seller2', 'Seller');
INSERT INTO auction (auction_id, item_id, seller_login, seller_role, current_highest_bid, auction_status, winner_login, winner_role) VALUES (210, 210, 'seller2', 'Seller', 268.99, 'Closed', 'buyer211', 'Buyer');
INSERT INTO item (item_id, item_name, category, starting_price, image_url, item_condition, description, seller_login, seller_role) VALUES (211, 'Electronics Item 211', 'Electronics', 319.71, 'https://example.com/images/item_211.jpg', 'Used', 'Fake test item 211 in Electronics category.', 'seller7', 'Seller');
INSERT INTO auction (auction_id, item_id, seller_login, seller_role, current_highest_bid, auction_status, winner_login, winner_role) VALUES (211, 211, 'seller7', 'Seller', 0.00, 'Active', NULL, NULL);
INSERT INTO item (item_id, item_name, category, starting_price, image_url, item_condition, description, seller_login, seller_role) VALUES (212, 'Electronics Item 212', 'Electronics', 274.84, 'https://example.com/images/item_212.jpg', 'Fair', 'Fake test item 212 in Electronics category.', 'seller35', 'Seller');
INSERT INTO auction (auction_id, item_id, seller_login, seller_role, current_highest_bid, auction_status, winner_login, winner_role) VALUES (212, 212, 'seller35', 'Seller', 0.00, 'Active', NULL, NULL);
INSERT INTO item (item_id, item_name, category, starting_price, image_url, item_condition, description, seller_login, seller_role) VALUES (213, 'Sports Item 213', 'Sports', 270.89, 'https://example.com/images/item_213.jpg', 'Fair', 'Fake test item 213 in Sports category.', 'seller38', 'Seller');
INSERT INTO auction (auction_id, item_id, seller_login, seller_role, current_highest_bid, auction_status, winner_login, winner_role) VALUES (213, 213, 'seller38', 'Seller', 487.01, 'Closed', 'buyer354', 'Buyer');
INSERT INTO item (item_id, item_name, category, starting_price, image_url, item_condition, description, seller_login, seller_role) VALUES (214, 'Art Item 214', 'Art', 257.92, 'https://example.com/images/item_214.jpg', 'Used', 'Fake test item 214 in Art category.', 'seller66', 'Seller');
INSERT INTO auction (auction_id, item_id, seller_login, seller_role, current_highest_bid, auction_status, winner_login, winner_role) VALUES (214, 214, 'seller66', 'Seller', 0.00, 'Active', NULL, NULL);
INSERT INTO item (item_id, item_name, category, starting_price, image_url, item_condition, description, seller_login, seller_role) VALUES (215, 'Electronics Item 215', 'Electronics', 302.89, 'https://example.com/images/item_215.jpg', 'Like New', 'Fake test item 215 in Electronics category.', 'seller83', 'Seller');
INSERT INTO auction (auction_id, item_id, seller_login, seller_role, current_highest_bid, auction_status, winner_login, winner_role) VALUES (215, 215, 'seller83', 'Seller', 0.00, 'Active', NULL, NULL);
INSERT INTO item (item_id, item_name, category, starting_price, image_url, item_condition, description, seller_login, seller_role) VALUES (216, 'Electronics Item 216', 'Electronics', 72.13, 'https://example.com/images/item_216.jpg', 'Good', 'Fake test item 216 in Electronics category.', 'seller80', 'Seller');
INSERT INTO auction (auction_id, item_id, seller_login, seller_role, current_highest_bid, auction_status, winner_login, winner_role) VALUES (216, 216, 'seller80', 'Seller', 110.58, 'Closed', 'buyer307', 'Buyer');
INSERT INTO item (item_id, item_name, category, starting_price, image_url, item_condition, description, seller_login, seller_role) VALUES (217, 'Toys Item 217', 'Toys', 460.79, 'https://example.com/images/item_217.jpg', 'Good', 'Fake test item 217 in Toys category.', 'seller16', 'Seller');
INSERT INTO auction (auction_id, item_id, seller_login, seller_role, current_highest_bid, auction_status, winner_login, winner_role) VALUES (217, 217, 'seller16', 'Seller', 0.00, 'Active', NULL, NULL);
INSERT INTO item (item_id, item_name, category, starting_price, image_url, item_condition, description, seller_login, seller_role) VALUES (218, 'Electronics Item 218', 'Electronics', 150.53, 'https://example.com/images/item_218.jpg', 'Fair', 'Fake test item 218 in Electronics category.', 'seller3', 'Seller');
INSERT INTO auction (auction_id, item_id, seller_login, seller_role, current_highest_bid, auction_status, winner_login, winner_role) VALUES (218, 218, 'seller3', 'Seller', 0.00, 'Active', NULL, NULL);
INSERT INTO item (item_id, item_name, category, starting_price, image_url, item_condition, description, seller_login, seller_role) VALUES (219, 'Home Item 219', 'Home', 166.63, 'https://example.com/images/item_219.jpg', 'Fair', 'Fake test item 219 in Home category.', 'seller79', 'Seller');
INSERT INTO auction (auction_id, item_id, seller_login, seller_role, current_highest_bid, auction_status, winner_login, winner_role) VALUES (219, 219, 'seller79', 'Seller', 454.16, 'Closed', 'buyer95', 'Buyer');
INSERT INTO item (item_id, item_name, category, starting_price, image_url, item_condition, description, seller_login, seller_role) VALUES (220, 'Home Item 220', 'Home', 64.22, 'https://example.com/images/item_220.jpg', 'Good', 'Fake test item 220 in Home category.', 'seller15', 'Seller');
INSERT INTO auction (auction_id, item_id, seller_login, seller_role, current_highest_bid, auction_status, winner_login, winner_role) VALUES (220, 220, 'seller15', 'Seller', 0.00, 'Active', NULL, NULL);
INSERT INTO item (item_id, item_name, category, starting_price, image_url, item_condition, description, seller_login, seller_role) VALUES (221, 'Books Item 221', 'Books', 277.18, 'https://example.com/images/item_221.jpg', 'Fair', 'Fake test item 221 in Books category.', 'seller100', 'Seller');
INSERT INTO auction (auction_id, item_id, seller_login, seller_role, current_highest_bid, auction_status, winner_login, winner_role) VALUES (221, 221, 'seller100', 'Seller', 0.00, 'Active', NULL, NULL);
INSERT INTO item (item_id, item_name, category, starting_price, image_url, item_condition, description, seller_login, seller_role) VALUES (222, 'Home Item 222', 'Home', 299.45, 'https://example.com/images/item_222.jpg', 'Good', 'Fake test item 222 in Home category.', 'seller51', 'Seller');
INSERT INTO auction (auction_id, item_id, seller_login, seller_role, current_highest_bid, auction_status, winner_login, winner_role) VALUES (222, 222, 'seller51', 'Seller', 472.93, 'Closed', 'buyer129', 'Buyer');
INSERT INTO item (item_id, item_name, category, starting_price, image_url, item_condition, description, seller_login, seller_role) VALUES (223, 'Toys Item 223', 'Toys', 334.85, 'https://example.com/images/item_223.jpg', 'Used', 'Fake test item 223 in Toys category.', 'seller96', 'Seller');
INSERT INTO auction (auction_id, item_id, seller_login, seller_role, current_highest_bid, auction_status, winner_login, winner_role) VALUES (223, 223, 'seller96', 'Seller', 0.00, 'Active', NULL, NULL);
INSERT INTO item (item_id, item_name, category, starting_price, image_url, item_condition, description, seller_login, seller_role) VALUES (224, 'Toys Item 224', 'Toys', 211.77, 'https://example.com/images/item_224.jpg', 'Used', 'Fake test item 224 in Toys category.', 'seller4', 'Seller');
INSERT INTO auction (auction_id, item_id, seller_login, seller_role, current_highest_bid, auction_status, winner_login, winner_role) VALUES (224, 224, 'seller4', 'Seller', 0.00, 'Active', NULL, NULL);
INSERT INTO item (item_id, item_name, category, starting_price, image_url, item_condition, description, seller_login, seller_role) VALUES (225, 'Art Item 225', 'Art', 89.10, 'https://example.com/images/item_225.jpg', 'Used', 'Fake test item 225 in Art category.', 'seller28', 'Seller');
INSERT INTO auction (auction_id, item_id, seller_login, seller_role, current_highest_bid, auction_status, winner_login, winner_role) VALUES (225, 225, 'seller28', 'Seller', 300.58, 'Closed', 'buyer373', 'Buyer');
INSERT INTO item (item_id, item_name, category, starting_price, image_url, item_condition, description, seller_login, seller_role) VALUES (226, 'Books Item 226', 'Books', 117.40, 'https://example.com/images/item_226.jpg', 'Good', 'Fake test item 226 in Books category.', 'seller11', 'Seller');
INSERT INTO auction (auction_id, item_id, seller_login, seller_role, current_highest_bid, auction_status, winner_login, winner_role) VALUES (226, 226, 'seller11', 'Seller', 0.00, 'Active', NULL, NULL);
INSERT INTO item (item_id, item_name, category, starting_price, image_url, item_condition, description, seller_login, seller_role) VALUES (227, 'Home Item 227', 'Home', 52.28, 'https://example.com/images/item_227.jpg', 'Like New', 'Fake test item 227 in Home category.', 'seller93', 'Seller');
INSERT INTO auction (auction_id, item_id, seller_login, seller_role, current_highest_bid, auction_status, winner_login, winner_role) VALUES (227, 227, 'seller93', 'Seller', 0.00, 'Active', NULL, NULL);
INSERT INTO item (item_id, item_name, category, starting_price, image_url, item_condition, description, seller_login, seller_role) VALUES (228, 'Home Item 228', 'Home', 33.07, 'https://example.com/images/item_228.jpg', 'Used', 'Fake test item 228 in Home category.', 'seller1', 'Seller');
INSERT INTO auction (auction_id, item_id, seller_login, seller_role, current_highest_bid, auction_status, winner_login, winner_role) VALUES (228, 228, 'seller1', 'Seller', 319.16, 'Closed', 'buyer83', 'Buyer');
INSERT INTO item (item_id, item_name, category, starting_price, image_url, item_condition, description, seller_login, seller_role) VALUES (229, 'Electronics Item 229', 'Electronics', 351.38, 'https://example.com/images/item_229.jpg', 'New', 'Fake test item 229 in Electronics category.', 'seller22', 'Seller');
INSERT INTO auction (auction_id, item_id, seller_login, seller_role, current_highest_bid, auction_status, winner_login, winner_role) VALUES (229, 229, 'seller22', 'Seller', 0.00, 'Active', NULL, NULL);
INSERT INTO item (item_id, item_name, category, starting_price, image_url, item_condition, description, seller_login, seller_role) VALUES (230, 'Home Item 230', 'Home', 351.50, 'https://example.com/images/item_230.jpg', 'Good', 'Fake test item 230 in Home category.', 'seller47', 'Seller');
INSERT INTO auction (auction_id, item_id, seller_login, seller_role, current_highest_bid, auction_status, winner_login, winner_role) VALUES (230, 230, 'seller47', 'Seller', 0.00, 'Active', NULL, NULL);
INSERT INTO item (item_id, item_name, category, starting_price, image_url, item_condition, description, seller_login, seller_role) VALUES (231, 'Clothing Item 231', 'Clothing', 187.22, 'https://example.com/images/item_231.jpg', 'Like New', 'Fake test item 231 in Clothing category.', 'seller59', 'Seller');
INSERT INTO auction (auction_id, item_id, seller_login, seller_role, current_highest_bid, auction_status, winner_login, winner_role) VALUES (231, 231, 'seller59', 'Seller', 204.56, 'Closed', 'buyer341', 'Buyer');
INSERT INTO item (item_id, item_name, category, starting_price, image_url, item_condition, description, seller_login, seller_role) VALUES (232, 'Books Item 232', 'Books', 165.10, 'https://example.com/images/item_232.jpg', 'Like New', 'Fake test item 232 in Books category.', 'seller57', 'Seller');
INSERT INTO auction (auction_id, item_id, seller_login, seller_role, current_highest_bid, auction_status, winner_login, winner_role) VALUES (232, 232, 'seller57', 'Seller', 0.00, 'Active', NULL, NULL);
INSERT INTO item (item_id, item_name, category, starting_price, image_url, item_condition, description, seller_login, seller_role) VALUES (233, 'Games Item 233', 'Games', 496.19, 'https://example.com/images/item_233.jpg', 'New', 'Fake test item 233 in Games category.', 'seller62', 'Seller');
INSERT INTO auction (auction_id, item_id, seller_login, seller_role, current_highest_bid, auction_status, winner_login, winner_role) VALUES (233, 233, 'seller62', 'Seller', 0.00, 'Active', NULL, NULL);
INSERT INTO item (item_id, item_name, category, starting_price, image_url, item_condition, description, seller_login, seller_role) VALUES (234, 'Sports Item 234', 'Sports', 395.05, 'https://example.com/images/item_234.jpg', 'Fair', 'Fake test item 234 in Sports category.', 'seller61', 'Seller');
INSERT INTO auction (auction_id, item_id, seller_login, seller_role, current_highest_bid, auction_status, winner_login, winner_role) VALUES (234, 234, 'seller61', 'Seller', 528.78, 'Closed', 'buyer22', 'Buyer');
INSERT INTO item (item_id, item_name, category, starting_price, image_url, item_condition, description, seller_login, seller_role) VALUES (235, 'Books Item 235', 'Books', 300.76, 'https://example.com/images/item_235.jpg', 'New', 'Fake test item 235 in Books category.', 'seller27', 'Seller');
INSERT INTO auction (auction_id, item_id, seller_login, seller_role, current_highest_bid, auction_status, winner_login, winner_role) VALUES (235, 235, 'seller27', 'Seller', 0.00, 'Active', NULL, NULL);
INSERT INTO item (item_id, item_name, category, starting_price, image_url, item_condition, description, seller_login, seller_role) VALUES (236, 'Sports Item 236', 'Sports', 177.84, 'https://example.com/images/item_236.jpg', 'New', 'Fake test item 236 in Sports category.', 'seller23', 'Seller');
INSERT INTO auction (auction_id, item_id, seller_login, seller_role, current_highest_bid, auction_status, winner_login, winner_role) VALUES (236, 236, 'seller23', 'Seller', 0.00, 'Active', NULL, NULL);
INSERT INTO item (item_id, item_name, category, starting_price, image_url, item_condition, description, seller_login, seller_role) VALUES (237, 'Clothing Item 237', 'Clothing', 108.15, 'https://example.com/images/item_237.jpg', 'New', 'Fake test item 237 in Clothing category.', 'seller97', 'Seller');
INSERT INTO auction (auction_id, item_id, seller_login, seller_role, current_highest_bid, auction_status, winner_login, winner_role) VALUES (237, 237, 'seller97', 'Seller', 395.75, 'Closed', 'buyer263', 'Buyer');
INSERT INTO item (item_id, item_name, category, starting_price, image_url, item_condition, description, seller_login, seller_role) VALUES (238, 'Home Item 238', 'Home', 151.81, 'https://example.com/images/item_238.jpg', 'Good', 'Fake test item 238 in Home category.', 'seller83', 'Seller');
INSERT INTO auction (auction_id, item_id, seller_login, seller_role, current_highest_bid, auction_status, winner_login, winner_role) VALUES (238, 238, 'seller83', 'Seller', 0.00, 'Active', NULL, NULL);
INSERT INTO item (item_id, item_name, category, starting_price, image_url, item_condition, description, seller_login, seller_role) VALUES (239, 'Books Item 239', 'Books', 385.13, 'https://example.com/images/item_239.jpg', 'Used', 'Fake test item 239 in Books category.', 'seller15', 'Seller');
INSERT INTO auction (auction_id, item_id, seller_login, seller_role, current_highest_bid, auction_status, winner_login, winner_role) VALUES (239, 239, 'seller15', 'Seller', 0.00, 'Active', NULL, NULL);
INSERT INTO item (item_id, item_name, category, starting_price, image_url, item_condition, description, seller_login, seller_role) VALUES (240, 'Art Item 240', 'Art', 303.33, 'https://example.com/images/item_240.jpg', 'Like New', 'Fake test item 240 in Art category.', 'seller72', 'Seller');
INSERT INTO auction (auction_id, item_id, seller_login, seller_role, current_highest_bid, auction_status, winner_login, winner_role) VALUES (240, 240, 'seller72', 'Seller', 392.20, 'Closed', 'buyer4', 'Buyer');
INSERT INTO item (item_id, item_name, category, starting_price, image_url, item_condition, description, seller_login, seller_role) VALUES (241, 'Games Item 241', 'Games', 196.73, 'https://example.com/images/item_241.jpg', 'Used', 'Fake test item 241 in Games category.', 'seller44', 'Seller');
INSERT INTO auction (auction_id, item_id, seller_login, seller_role, current_highest_bid, auction_status, winner_login, winner_role) VALUES (241, 241, 'seller44', 'Seller', 0.00, 'Active', NULL, NULL);
INSERT INTO item (item_id, item_name, category, starting_price, image_url, item_condition, description, seller_login, seller_role) VALUES (242, 'Games Item 242', 'Games', 121.19, 'https://example.com/images/item_242.jpg', 'New', 'Fake test item 242 in Games category.', 'seller73', 'Seller');
INSERT INTO auction (auction_id, item_id, seller_login, seller_role, current_highest_bid, auction_status, winner_login, winner_role) VALUES (242, 242, 'seller73', 'Seller', 0.00, 'Active', NULL, NULL);
INSERT INTO item (item_id, item_name, category, starting_price, image_url, item_condition, description, seller_login, seller_role) VALUES (243, 'Games Item 243', 'Games', 244.82, 'https://example.com/images/item_243.jpg', 'Good', 'Fake test item 243 in Games category.', 'seller8', 'Seller');
INSERT INTO auction (auction_id, item_id, seller_login, seller_role, current_highest_bid, auction_status, winner_login, winner_role) VALUES (243, 243, 'seller8', 'Seller', 534.61, 'Closed', 'buyer96', 'Buyer');
INSERT INTO item (item_id, item_name, category, starting_price, image_url, item_condition, description, seller_login, seller_role) VALUES (244, 'Clothing Item 244', 'Clothing', 421.56, 'https://example.com/images/item_244.jpg', 'New', 'Fake test item 244 in Clothing category.', 'seller80', 'Seller');
INSERT INTO auction (auction_id, item_id, seller_login, seller_role, current_highest_bid, auction_status, winner_login, winner_role) VALUES (244, 244, 'seller80', 'Seller', 0.00, 'Active', NULL, NULL);
INSERT INTO item (item_id, item_name, category, starting_price, image_url, item_condition, description, seller_login, seller_role) VALUES (245, 'Art Item 245', 'Art', 329.40, 'https://example.com/images/item_245.jpg', 'Good', 'Fake test item 245 in Art category.', 'seller51', 'Seller');
INSERT INTO auction (auction_id, item_id, seller_login, seller_role, current_highest_bid, auction_status, winner_login, winner_role) VALUES (245, 245, 'seller51', 'Seller', 0.00, 'Active', NULL, NULL);
INSERT INTO item (item_id, item_name, category, starting_price, image_url, item_condition, description, seller_login, seller_role) VALUES (246, 'Clothing Item 246', 'Clothing', 146.61, 'https://example.com/images/item_246.jpg', 'Used', 'Fake test item 246 in Clothing category.', 'seller7', 'Seller');
INSERT INTO auction (auction_id, item_id, seller_login, seller_role, current_highest_bid, auction_status, winner_login, winner_role) VALUES (246, 246, 'seller7', 'Seller', 359.93, 'Closed', 'buyer143', 'Buyer');
INSERT INTO item (item_id, item_name, category, starting_price, image_url, item_condition, description, seller_login, seller_role) VALUES (247, 'Electronics Item 247', 'Electronics', 241.56, 'https://example.com/images/item_247.jpg', 'Like New', 'Fake test item 247 in Electronics category.', 'seller10', 'Seller');
INSERT INTO auction (auction_id, item_id, seller_login, seller_role, current_highest_bid, auction_status, winner_login, winner_role) VALUES (247, 247, 'seller10', 'Seller', 0.00, 'Active', NULL, NULL);
INSERT INTO item (item_id, item_name, category, starting_price, image_url, item_condition, description, seller_login, seller_role) VALUES (248, 'Books Item 248', 'Books', 5.25, 'https://example.com/images/item_248.jpg', 'New', 'Fake test item 248 in Books category.', 'seller47', 'Seller');
INSERT INTO auction (auction_id, item_id, seller_login, seller_role, current_highest_bid, auction_status, winner_login, winner_role) VALUES (248, 248, 'seller47', 'Seller', 0.00, 'Active', NULL, NULL);
INSERT INTO item (item_id, item_name, category, starting_price, image_url, item_condition, description, seller_login, seller_role) VALUES (249, 'Clothing Item 249', 'Clothing', 312.82, 'https://example.com/images/item_249.jpg', 'Used', 'Fake test item 249 in Clothing category.', 'seller69', 'Seller');
INSERT INTO auction (auction_id, item_id, seller_login, seller_role, current_highest_bid, auction_status, winner_login, winner_role) VALUES (249, 249, 'seller69', 'Seller', 503.11, 'Closed', 'buyer260', 'Buyer');
INSERT INTO item (item_id, item_name, category, starting_price, image_url, item_condition, description, seller_login, seller_role) VALUES (250, 'Electronics Item 250', 'Electronics', 498.60, 'https://example.com/images/item_250.jpg', 'New', 'Fake test item 250 in Electronics category.', 'seller56', 'Seller');
INSERT INTO auction (auction_id, item_id, seller_login, seller_role, current_highest_bid, auction_status, winner_login, winner_role) VALUES (250, 250, 'seller56', 'Seller', 0.00, 'Active', NULL, NULL);
INSERT INTO item (item_id, item_name, category, starting_price, image_url, item_condition, description, seller_login, seller_role) VALUES (251, 'Art Item 251', 'Art', 43.97, 'https://example.com/images/item_251.jpg', 'New', 'Fake test item 251 in Art category.', 'seller13', 'Seller');
INSERT INTO auction (auction_id, item_id, seller_login, seller_role, current_highest_bid, auction_status, winner_login, winner_role) VALUES (251, 251, 'seller13', 'Seller', 0.00, 'Active', NULL, NULL);
INSERT INTO item (item_id, item_name, category, starting_price, image_url, item_condition, description, seller_login, seller_role) VALUES (252, 'Games Item 252', 'Games', 316.22, 'https://example.com/images/item_252.jpg', 'New', 'Fake test item 252 in Games category.', 'seller37', 'Seller');
INSERT INTO auction (auction_id, item_id, seller_login, seller_role, current_highest_bid, auction_status, winner_login, winner_role) VALUES (252, 252, 'seller37', 'Seller', 395.53, 'Closed', 'buyer135', 'Buyer');
INSERT INTO item (item_id, item_name, category, starting_price, image_url, item_condition, description, seller_login, seller_role) VALUES (253, 'Clothing Item 253', 'Clothing', 157.81, 'https://example.com/images/item_253.jpg', 'Used', 'Fake test item 253 in Clothing category.', 'seller77', 'Seller');
INSERT INTO auction (auction_id, item_id, seller_login, seller_role, current_highest_bid, auction_status, winner_login, winner_role) VALUES (253, 253, 'seller77', 'Seller', 0.00, 'Active', NULL, NULL);
INSERT INTO item (item_id, item_name, category, starting_price, image_url, item_condition, description, seller_login, seller_role) VALUES (254, 'Games Item 254', 'Games', 347.90, 'https://example.com/images/item_254.jpg', 'Good', 'Fake test item 254 in Games category.', 'seller96', 'Seller');
INSERT INTO auction (auction_id, item_id, seller_login, seller_role, current_highest_bid, auction_status, winner_login, winner_role) VALUES (254, 254, 'seller96', 'Seller', 0.00, 'Active', NULL, NULL);
INSERT INTO item (item_id, item_name, category, starting_price, image_url, item_condition, description, seller_login, seller_role) VALUES (255, 'Toys Item 255', 'Toys', 464.21, 'https://example.com/images/item_255.jpg', 'Fair', 'Fake test item 255 in Toys category.', 'seller40', 'Seller');
INSERT INTO auction (auction_id, item_id, seller_login, seller_role, current_highest_bid, auction_status, winner_login, winner_role) VALUES (255, 255, 'seller40', 'Seller', 632.04, 'Closed', 'buyer387', 'Buyer');
INSERT INTO item (item_id, item_name, category, starting_price, image_url, item_condition, description, seller_login, seller_role) VALUES (256, 'Sports Item 256', 'Sports', 67.79, 'https://example.com/images/item_256.jpg', 'Good', 'Fake test item 256 in Sports category.', 'seller2', 'Seller');
INSERT INTO auction (auction_id, item_id, seller_login, seller_role, current_highest_bid, auction_status, winner_login, winner_role) VALUES (256, 256, 'seller2', 'Seller', 0.00, 'Active', NULL, NULL);
INSERT INTO item (item_id, item_name, category, starting_price, image_url, item_condition, description, seller_login, seller_role) VALUES (257, 'Sports Item 257', 'Sports', 244.73, 'https://example.com/images/item_257.jpg', 'Used', 'Fake test item 257 in Sports category.', 'seller24', 'Seller');
INSERT INTO auction (auction_id, item_id, seller_login, seller_role, current_highest_bid, auction_status, winner_login, winner_role) VALUES (257, 257, 'seller24', 'Seller', 0.00, 'Active', NULL, NULL);
INSERT INTO item (item_id, item_name, category, starting_price, image_url, item_condition, description, seller_login, seller_role) VALUES (258, 'Sports Item 258', 'Sports', 347.20, 'https://example.com/images/item_258.jpg', 'Like New', 'Fake test item 258 in Sports category.', 'seller33', 'Seller');
INSERT INTO auction (auction_id, item_id, seller_login, seller_role, current_highest_bid, auction_status, winner_login, winner_role) VALUES (258, 258, 'seller33', 'Seller', 425.22, 'Closed', 'buyer90', 'Buyer');
INSERT INTO item (item_id, item_name, category, starting_price, image_url, item_condition, description, seller_login, seller_role) VALUES (259, 'Clothing Item 259', 'Clothing', 472.44, 'https://example.com/images/item_259.jpg', 'Used', 'Fake test item 259 in Clothing category.', 'seller73', 'Seller');
INSERT INTO auction (auction_id, item_id, seller_login, seller_role, current_highest_bid, auction_status, winner_login, winner_role) VALUES (259, 259, 'seller73', 'Seller', 0.00, 'Active', NULL, NULL);
INSERT INTO item (item_id, item_name, category, starting_price, image_url, item_condition, description, seller_login, seller_role) VALUES (260, 'Art Item 260', 'Art', 474.28, 'https://example.com/images/item_260.jpg', 'Like New', 'Fake test item 260 in Art category.', 'seller40', 'Seller');
INSERT INTO auction (auction_id, item_id, seller_login, seller_role, current_highest_bid, auction_status, winner_login, winner_role) VALUES (260, 260, 'seller40', 'Seller', 0.00, 'Active', NULL, NULL);
INSERT INTO item (item_id, item_name, category, starting_price, image_url, item_condition, description, seller_login, seller_role) VALUES (261, 'Books Item 261', 'Books', 31.81, 'https://example.com/images/item_261.jpg', 'Like New', 'Fake test item 261 in Books category.', 'seller8', 'Seller');
INSERT INTO auction (auction_id, item_id, seller_login, seller_role, current_highest_bid, auction_status, winner_login, winner_role) VALUES (261, 261, 'seller8', 'Seller', 174.19, 'Closed', 'buyer65', 'Buyer');
INSERT INTO item (item_id, item_name, category, starting_price, image_url, item_condition, description, seller_login, seller_role) VALUES (262, 'Art Item 262', 'Art', 482.89, 'https://example.com/images/item_262.jpg', 'Like New', 'Fake test item 262 in Art category.', 'seller20', 'Seller');
INSERT INTO auction (auction_id, item_id, seller_login, seller_role, current_highest_bid, auction_status, winner_login, winner_role) VALUES (262, 262, 'seller20', 'Seller', 0.00, 'Active', NULL, NULL);
INSERT INTO item (item_id, item_name, category, starting_price, image_url, item_condition, description, seller_login, seller_role) VALUES (263, 'Sports Item 263', 'Sports', 303.14, 'https://example.com/images/item_263.jpg', 'Fair', 'Fake test item 263 in Sports category.', 'seller23', 'Seller');
INSERT INTO auction (auction_id, item_id, seller_login, seller_role, current_highest_bid, auction_status, winner_login, winner_role) VALUES (263, 263, 'seller23', 'Seller', 0.00, 'Active', NULL, NULL);
INSERT INTO item (item_id, item_name, category, starting_price, image_url, item_condition, description, seller_login, seller_role) VALUES (264, 'Art Item 264', 'Art', 440.55, 'https://example.com/images/item_264.jpg', 'Like New', 'Fake test item 264 in Art category.', 'seller14', 'Seller');
INSERT INTO auction (auction_id, item_id, seller_login, seller_role, current_highest_bid, auction_status, winner_login, winner_role) VALUES (264, 264, 'seller14', 'Seller', 686.58, 'Closed', 'buyer214', 'Buyer');
INSERT INTO item (item_id, item_name, category, starting_price, image_url, item_condition, description, seller_login, seller_role) VALUES (265, 'Home Item 265', 'Home', 237.02, 'https://example.com/images/item_265.jpg', 'New', 'Fake test item 265 in Home category.', 'seller78', 'Seller');
INSERT INTO auction (auction_id, item_id, seller_login, seller_role, current_highest_bid, auction_status, winner_login, winner_role) VALUES (265, 265, 'seller78', 'Seller', 0.00, 'Active', NULL, NULL);
INSERT INTO item (item_id, item_name, category, starting_price, image_url, item_condition, description, seller_login, seller_role) VALUES (266, 'Home Item 266', 'Home', 235.02, 'https://example.com/images/item_266.jpg', 'Good', 'Fake test item 266 in Home category.', 'seller36', 'Seller');
INSERT INTO auction (auction_id, item_id, seller_login, seller_role, current_highest_bid, auction_status, winner_login, winner_role) VALUES (266, 266, 'seller36', 'Seller', 0.00, 'Active', NULL, NULL);
INSERT INTO item (item_id, item_name, category, starting_price, image_url, item_condition, description, seller_login, seller_role) VALUES (267, 'Games Item 267', 'Games', 334.87, 'https://example.com/images/item_267.jpg', 'Good', 'Fake test item 267 in Games category.', 'seller78', 'Seller');
INSERT INTO auction (auction_id, item_id, seller_login, seller_role, current_highest_bid, auction_status, winner_login, winner_role) VALUES (267, 267, 'seller78', 'Seller', 434.08, 'Closed', 'buyer342', 'Buyer');
INSERT INTO item (item_id, item_name, category, starting_price, image_url, item_condition, description, seller_login, seller_role) VALUES (268, 'Art Item 268', 'Art', 59.46, 'https://example.com/images/item_268.jpg', 'Like New', 'Fake test item 268 in Art category.', 'seller71', 'Seller');
INSERT INTO auction (auction_id, item_id, seller_login, seller_role, current_highest_bid, auction_status, winner_login, winner_role) VALUES (268, 268, 'seller71', 'Seller', 0.00, 'Active', NULL, NULL);
INSERT INTO item (item_id, item_name, category, starting_price, image_url, item_condition, description, seller_login, seller_role) VALUES (269, 'Sports Item 269', 'Sports', 370.37, 'https://example.com/images/item_269.jpg', 'Like New', 'Fake test item 269 in Sports category.', 'seller77', 'Seller');
INSERT INTO auction (auction_id, item_id, seller_login, seller_role, current_highest_bid, auction_status, winner_login, winner_role) VALUES (269, 269, 'seller77', 'Seller', 0.00, 'Active', NULL, NULL);
INSERT INTO item (item_id, item_name, category, starting_price, image_url, item_condition, description, seller_login, seller_role) VALUES (270, 'Games Item 270', 'Games', 296.28, 'https://example.com/images/item_270.jpg', 'Fair', 'Fake test item 270 in Games category.', 'seller16', 'Seller');
INSERT INTO auction (auction_id, item_id, seller_login, seller_role, current_highest_bid, auction_status, winner_login, winner_role) VALUES (270, 270, 'seller16', 'Seller', 480.54, 'Closed', 'buyer186', 'Buyer');
INSERT INTO item (item_id, item_name, category, starting_price, image_url, item_condition, description, seller_login, seller_role) VALUES (271, 'Games Item 271', 'Games', 478.09, 'https://example.com/images/item_271.jpg', 'Fair', 'Fake test item 271 in Games category.', 'seller88', 'Seller');
INSERT INTO auction (auction_id, item_id, seller_login, seller_role, current_highest_bid, auction_status, winner_login, winner_role) VALUES (271, 271, 'seller88', 'Seller', 0.00, 'Active', NULL, NULL);
INSERT INTO item (item_id, item_name, category, starting_price, image_url, item_condition, description, seller_login, seller_role) VALUES (272, 'Clothing Item 272', 'Clothing', 78.12, 'https://example.com/images/item_272.jpg', 'Used', 'Fake test item 272 in Clothing category.', 'seller5', 'Seller');
INSERT INTO auction (auction_id, item_id, seller_login, seller_role, current_highest_bid, auction_status, winner_login, winner_role) VALUES (272, 272, 'seller5', 'Seller', 0.00, 'Active', NULL, NULL);
INSERT INTO item (item_id, item_name, category, starting_price, image_url, item_condition, description, seller_login, seller_role) VALUES (273, 'Sports Item 273', 'Sports', 483.93, 'https://example.com/images/item_273.jpg', 'New', 'Fake test item 273 in Sports category.', 'seller75', 'Seller');
INSERT INTO auction (auction_id, item_id, seller_login, seller_role, current_highest_bid, auction_status, winner_login, winner_role) VALUES (273, 273, 'seller75', 'Seller', 609.29, 'Closed', 'buyer357', 'Buyer');
INSERT INTO item (item_id, item_name, category, starting_price, image_url, item_condition, description, seller_login, seller_role) VALUES (274, 'Electronics Item 274', 'Electronics', 178.28, 'https://example.com/images/item_274.jpg', 'Good', 'Fake test item 274 in Electronics category.', 'seller66', 'Seller');
INSERT INTO auction (auction_id, item_id, seller_login, seller_role, current_highest_bid, auction_status, winner_login, winner_role) VALUES (274, 274, 'seller66', 'Seller', 0.00, 'Active', NULL, NULL);
INSERT INTO item (item_id, item_name, category, starting_price, image_url, item_condition, description, seller_login, seller_role) VALUES (275, 'Toys Item 275', 'Toys', 107.84, 'https://example.com/images/item_275.jpg', 'Used', 'Fake test item 275 in Toys category.', 'seller95', 'Seller');
INSERT INTO auction (auction_id, item_id, seller_login, seller_role, current_highest_bid, auction_status, winner_login, winner_role) VALUES (275, 275, 'seller95', 'Seller', 0.00, 'Active', NULL, NULL);
INSERT INTO item (item_id, item_name, category, starting_price, image_url, item_condition, description, seller_login, seller_role) VALUES (276, 'Home Item 276', 'Home', 391.33, 'https://example.com/images/item_276.jpg', 'Like New', 'Fake test item 276 in Home category.', 'seller80', 'Seller');
INSERT INTO auction (auction_id, item_id, seller_login, seller_role, current_highest_bid, auction_status, winner_login, winner_role) VALUES (276, 276, 'seller80', 'Seller', 454.74, 'Closed', 'buyer270', 'Buyer');
INSERT INTO item (item_id, item_name, category, starting_price, image_url, item_condition, description, seller_login, seller_role) VALUES (277, 'Toys Item 277', 'Toys', 47.01, 'https://example.com/images/item_277.jpg', 'New', 'Fake test item 277 in Toys category.', 'seller31', 'Seller');
INSERT INTO auction (auction_id, item_id, seller_login, seller_role, current_highest_bid, auction_status, winner_login, winner_role) VALUES (277, 277, 'seller31', 'Seller', 0.00, 'Active', NULL, NULL);
INSERT INTO item (item_id, item_name, category, starting_price, image_url, item_condition, description, seller_login, seller_role) VALUES (278, 'Electronics Item 278', 'Electronics', 184.89, 'https://example.com/images/item_278.jpg', 'Like New', 'Fake test item 278 in Electronics category.', 'seller11', 'Seller');
INSERT INTO auction (auction_id, item_id, seller_login, seller_role, current_highest_bid, auction_status, winner_login, winner_role) VALUES (278, 278, 'seller11', 'Seller', 0.00, 'Active', NULL, NULL);
INSERT INTO item (item_id, item_name, category, starting_price, image_url, item_condition, description, seller_login, seller_role) VALUES (279, 'Games Item 279', 'Games', 431.60, 'https://example.com/images/item_279.jpg', 'Used', 'Fake test item 279 in Games category.', 'seller45', 'Seller');
INSERT INTO auction (auction_id, item_id, seller_login, seller_role, current_highest_bid, auction_status, winner_login, winner_role) VALUES (279, 279, 'seller45', 'Seller', 463.53, 'Closed', 'buyer240', 'Buyer');
INSERT INTO item (item_id, item_name, category, starting_price, image_url, item_condition, description, seller_login, seller_role) VALUES (280, 'Home Item 280', 'Home', 116.33, 'https://example.com/images/item_280.jpg', 'Like New', 'Fake test item 280 in Home category.', 'seller52', 'Seller');
INSERT INTO auction (auction_id, item_id, seller_login, seller_role, current_highest_bid, auction_status, winner_login, winner_role) VALUES (280, 280, 'seller52', 'Seller', 0.00, 'Active', NULL, NULL);
INSERT INTO item (item_id, item_name, category, starting_price, image_url, item_condition, description, seller_login, seller_role) VALUES (281, 'Toys Item 281', 'Toys', 362.72, 'https://example.com/images/item_281.jpg', 'Fair', 'Fake test item 281 in Toys category.', 'seller49', 'Seller');
INSERT INTO auction (auction_id, item_id, seller_login, seller_role, current_highest_bid, auction_status, winner_login, winner_role) VALUES (281, 281, 'seller49', 'Seller', 0.00, 'Active', NULL, NULL);
INSERT INTO item (item_id, item_name, category, starting_price, image_url, item_condition, description, seller_login, seller_role) VALUES (282, 'Home Item 282', 'Home', 231.54, 'https://example.com/images/item_282.jpg', 'Good', 'Fake test item 282 in Home category.', 'seller75', 'Seller');
INSERT INTO auction (auction_id, item_id, seller_login, seller_role, current_highest_bid, auction_status, winner_login, winner_role) VALUES (282, 282, 'seller75', 'Seller', 362.03, 'Closed', 'buyer209', 'Buyer');
INSERT INTO item (item_id, item_name, category, starting_price, image_url, item_condition, description, seller_login, seller_role) VALUES (283, 'Books Item 283', 'Books', 237.80, 'https://example.com/images/item_283.jpg', 'New', 'Fake test item 283 in Books category.', 'seller28', 'Seller');
INSERT INTO auction (auction_id, item_id, seller_login, seller_role, current_highest_bid, auction_status, winner_login, winner_role) VALUES (283, 283, 'seller28', 'Seller', 0.00, 'Active', NULL, NULL);
INSERT INTO item (item_id, item_name, category, starting_price, image_url, item_condition, description, seller_login, seller_role) VALUES (284, 'Home Item 284', 'Home', 341.39, 'https://example.com/images/item_284.jpg', 'Used', 'Fake test item 284 in Home category.', 'seller95', 'Seller');
INSERT INTO auction (auction_id, item_id, seller_login, seller_role, current_highest_bid, auction_status, winner_login, winner_role) VALUES (284, 284, 'seller95', 'Seller', 0.00, 'Active', NULL, NULL);
INSERT INTO item (item_id, item_name, category, starting_price, image_url, item_condition, description, seller_login, seller_role) VALUES (285, 'Toys Item 285', 'Toys', 461.38, 'https://example.com/images/item_285.jpg', 'Like New', 'Fake test item 285 in Toys category.', 'seller89', 'Seller');
INSERT INTO auction (auction_id, item_id, seller_login, seller_role, current_highest_bid, auction_status, winner_login, winner_role) VALUES (285, 285, 'seller89', 'Seller', 474.13, 'Closed', 'buyer288', 'Buyer');
INSERT INTO item (item_id, item_name, category, starting_price, image_url, item_condition, description, seller_login, seller_role) VALUES (286, 'Toys Item 286', 'Toys', 286.41, 'https://example.com/images/item_286.jpg', 'New', 'Fake test item 286 in Toys category.', 'seller30', 'Seller');
INSERT INTO auction (auction_id, item_id, seller_login, seller_role, current_highest_bid, auction_status, winner_login, winner_role) VALUES (286, 286, 'seller30', 'Seller', 0.00, 'Active', NULL, NULL);
INSERT INTO item (item_id, item_name, category, starting_price, image_url, item_condition, description, seller_login, seller_role) VALUES (287, 'Sports Item 287', 'Sports', 24.53, 'https://example.com/images/item_287.jpg', 'Like New', 'Fake test item 287 in Sports category.', 'seller88', 'Seller');
INSERT INTO auction (auction_id, item_id, seller_login, seller_role, current_highest_bid, auction_status, winner_login, winner_role) VALUES (287, 287, 'seller88', 'Seller', 0.00, 'Active', NULL, NULL);
INSERT INTO item (item_id, item_name, category, starting_price, image_url, item_condition, description, seller_login, seller_role) VALUES (288, 'Games Item 288', 'Games', 43.48, 'https://example.com/images/item_288.jpg', 'Like New', 'Fake test item 288 in Games category.', 'seller50', 'Seller');
INSERT INTO auction (auction_id, item_id, seller_login, seller_role, current_highest_bid, auction_status, winner_login, winner_role) VALUES (288, 288, 'seller50', 'Seller', 279.10, 'Closed', 'buyer116', 'Buyer');
INSERT INTO item (item_id, item_name, category, starting_price, image_url, item_condition, description, seller_login, seller_role) VALUES (289, 'Electronics Item 289', 'Electronics', 479.32, 'https://example.com/images/item_289.jpg', 'New', 'Fake test item 289 in Electronics category.', 'seller43', 'Seller');
INSERT INTO auction (auction_id, item_id, seller_login, seller_role, current_highest_bid, auction_status, winner_login, winner_role) VALUES (289, 289, 'seller43', 'Seller', 0.00, 'Active', NULL, NULL);
INSERT INTO item (item_id, item_name, category, starting_price, image_url, item_condition, description, seller_login, seller_role) VALUES (290, 'Sports Item 290', 'Sports', 56.58, 'https://example.com/images/item_290.jpg', 'Good', 'Fake test item 290 in Sports category.', 'seller88', 'Seller');
INSERT INTO auction (auction_id, item_id, seller_login, seller_role, current_highest_bid, auction_status, winner_login, winner_role) VALUES (290, 290, 'seller88', 'Seller', 0.00, 'Active', NULL, NULL);
INSERT INTO item (item_id, item_name, category, starting_price, image_url, item_condition, description, seller_login, seller_role) VALUES (291, 'Books Item 291', 'Books', 157.20, 'https://example.com/images/item_291.jpg', 'Good', 'Fake test item 291 in Books category.', 'seller58', 'Seller');
INSERT INTO auction (auction_id, item_id, seller_login, seller_role, current_highest_bid, auction_status, winner_login, winner_role) VALUES (291, 291, 'seller58', 'Seller', 187.43, 'Closed', 'buyer235', 'Buyer');
INSERT INTO item (item_id, item_name, category, starting_price, image_url, item_condition, description, seller_login, seller_role) VALUES (292, 'Clothing Item 292', 'Clothing', 472.61, 'https://example.com/images/item_292.jpg', 'Used', 'Fake test item 292 in Clothing category.', 'seller63', 'Seller');
INSERT INTO auction (auction_id, item_id, seller_login, seller_role, current_highest_bid, auction_status, winner_login, winner_role) VALUES (292, 292, 'seller63', 'Seller', 0.00, 'Active', NULL, NULL);
INSERT INTO item (item_id, item_name, category, starting_price, image_url, item_condition, description, seller_login, seller_role) VALUES (293, 'Home Item 293', 'Home', 335.64, 'https://example.com/images/item_293.jpg', 'Good', 'Fake test item 293 in Home category.', 'seller4', 'Seller');
INSERT INTO auction (auction_id, item_id, seller_login, seller_role, current_highest_bid, auction_status, winner_login, winner_role) VALUES (293, 293, 'seller4', 'Seller', 0.00, 'Active', NULL, NULL);
INSERT INTO item (item_id, item_name, category, starting_price, image_url, item_condition, description, seller_login, seller_role) VALUES (294, 'Electronics Item 294', 'Electronics', 96.39, 'https://example.com/images/item_294.jpg', 'New', 'Fake test item 294 in Electronics category.', 'seller99', 'Seller');
INSERT INTO auction (auction_id, item_id, seller_login, seller_role, current_highest_bid, auction_status, winner_login, winner_role) VALUES (294, 294, 'seller99', 'Seller', 356.72, 'Closed', 'buyer101', 'Buyer');
INSERT INTO item (item_id, item_name, category, starting_price, image_url, item_condition, description, seller_login, seller_role) VALUES (295, 'Toys Item 295', 'Toys', 117.76, 'https://example.com/images/item_295.jpg', 'New', 'Fake test item 295 in Toys category.', 'seller13', 'Seller');
INSERT INTO auction (auction_id, item_id, seller_login, seller_role, current_highest_bid, auction_status, winner_login, winner_role) VALUES (295, 295, 'seller13', 'Seller', 0.00, 'Active', NULL, NULL);
INSERT INTO item (item_id, item_name, category, starting_price, image_url, item_condition, description, seller_login, seller_role) VALUES (296, 'Art Item 296', 'Art', 277.32, 'https://example.com/images/item_296.jpg', 'Good', 'Fake test item 296 in Art category.', 'seller39', 'Seller');
INSERT INTO auction (auction_id, item_id, seller_login, seller_role, current_highest_bid, auction_status, winner_login, winner_role) VALUES (296, 296, 'seller39', 'Seller', 0.00, 'Active', NULL, NULL);
INSERT INTO item (item_id, item_name, category, starting_price, image_url, item_condition, description, seller_login, seller_role) VALUES (297, 'Art Item 297', 'Art', 378.50, 'https://example.com/images/item_297.jpg', 'Fair', 'Fake test item 297 in Art category.', 'seller34', 'Seller');
INSERT INTO auction (auction_id, item_id, seller_login, seller_role, current_highest_bid, auction_status, winner_login, winner_role) VALUES (297, 297, 'seller34', 'Seller', 654.68, 'Closed', 'buyer83', 'Buyer');
INSERT INTO item (item_id, item_name, category, starting_price, image_url, item_condition, description, seller_login, seller_role) VALUES (298, 'Toys Item 298', 'Toys', 379.46, 'https://example.com/images/item_298.jpg', 'New', 'Fake test item 298 in Toys category.', 'seller63', 'Seller');
INSERT INTO auction (auction_id, item_id, seller_login, seller_role, current_highest_bid, auction_status, winner_login, winner_role) VALUES (298, 298, 'seller63', 'Seller', 0.00, 'Active', NULL, NULL);
INSERT INTO item (item_id, item_name, category, starting_price, image_url, item_condition, description, seller_login, seller_role) VALUES (299, 'Toys Item 299', 'Toys', 215.98, 'https://example.com/images/item_299.jpg', 'New', 'Fake test item 299 in Toys category.', 'seller41', 'Seller');
INSERT INTO auction (auction_id, item_id, seller_login, seller_role, current_highest_bid, auction_status, winner_login, winner_role) VALUES (299, 299, 'seller41', 'Seller', 0.00, 'Active', NULL, NULL);
INSERT INTO item (item_id, item_name, category, starting_price, image_url, item_condition, description, seller_login, seller_role) VALUES (300, 'Electronics Item 300', 'Electronics', 298.04, 'https://example.com/images/item_300.jpg', 'New', 'Fake test item 300 in Electronics category.', 'seller6', 'Seller');
INSERT INTO auction (auction_id, item_id, seller_login, seller_role, current_highest_bid, auction_status, winner_login, winner_role) VALUES (300, 300, 'seller6', 'Seller', 535.50, 'Closed', 'buyer260', 'Buyer');
INSERT INTO item (item_id, item_name, category, starting_price, image_url, item_condition, description, seller_login, seller_role) VALUES (301, 'Toys Item 301', 'Toys', 174.96, 'https://example.com/images/item_301.jpg', 'Good', 'Fake test item 301 in Toys category.', 'seller9', 'Seller');
INSERT INTO auction (auction_id, item_id, seller_login, seller_role, current_highest_bid, auction_status, winner_login, winner_role) VALUES (301, 301, 'seller9', 'Seller', 0.00, 'Active', NULL, NULL);
INSERT INTO item (item_id, item_name, category, starting_price, image_url, item_condition, description, seller_login, seller_role) VALUES (302, 'Games Item 302', 'Games', 214.08, 'https://example.com/images/item_302.jpg', 'New', 'Fake test item 302 in Games category.', 'seller7', 'Seller');
INSERT INTO auction (auction_id, item_id, seller_login, seller_role, current_highest_bid, auction_status, winner_login, winner_role) VALUES (302, 302, 'seller7', 'Seller', 0.00, 'Active', NULL, NULL);
INSERT INTO item (item_id, item_name, category, starting_price, image_url, item_condition, description, seller_login, seller_role) VALUES (303, 'Games Item 303', 'Games', 164.60, 'https://example.com/images/item_303.jpg', 'Fair', 'Fake test item 303 in Games category.', 'seller33', 'Seller');
INSERT INTO auction (auction_id, item_id, seller_login, seller_role, current_highest_bid, auction_status, winner_login, winner_role) VALUES (303, 303, 'seller33', 'Seller', 453.53, 'Closed', 'buyer97', 'Buyer');
INSERT INTO item (item_id, item_name, category, starting_price, image_url, item_condition, description, seller_login, seller_role) VALUES (304, 'Games Item 304', 'Games', 187.34, 'https://example.com/images/item_304.jpg', 'Fair', 'Fake test item 304 in Games category.', 'seller95', 'Seller');
INSERT INTO auction (auction_id, item_id, seller_login, seller_role, current_highest_bid, auction_status, winner_login, winner_role) VALUES (304, 304, 'seller95', 'Seller', 0.00, 'Active', NULL, NULL);
INSERT INTO item (item_id, item_name, category, starting_price, image_url, item_condition, description, seller_login, seller_role) VALUES (305, 'Art Item 305', 'Art', 268.23, 'https://example.com/images/item_305.jpg', 'New', 'Fake test item 305 in Art category.', 'seller20', 'Seller');
INSERT INTO auction (auction_id, item_id, seller_login, seller_role, current_highest_bid, auction_status, winner_login, winner_role) VALUES (305, 305, 'seller20', 'Seller', 0.00, 'Active', NULL, NULL);
INSERT INTO item (item_id, item_name, category, starting_price, image_url, item_condition, description, seller_login, seller_role) VALUES (306, 'Games Item 306', 'Games', 98.32, 'https://example.com/images/item_306.jpg', 'Like New', 'Fake test item 306 in Games category.', 'seller20', 'Seller');
INSERT INTO auction (auction_id, item_id, seller_login, seller_role, current_highest_bid, auction_status, winner_login, winner_role) VALUES (306, 306, 'seller20', 'Seller', 355.38, 'Closed', 'buyer346', 'Buyer');
INSERT INTO item (item_id, item_name, category, starting_price, image_url, item_condition, description, seller_login, seller_role) VALUES (307, 'Home Item 307', 'Home', 312.03, 'https://example.com/images/item_307.jpg', 'New', 'Fake test item 307 in Home category.', 'seller33', 'Seller');
INSERT INTO auction (auction_id, item_id, seller_login, seller_role, current_highest_bid, auction_status, winner_login, winner_role) VALUES (307, 307, 'seller33', 'Seller', 0.00, 'Active', NULL, NULL);
INSERT INTO item (item_id, item_name, category, starting_price, image_url, item_condition, description, seller_login, seller_role) VALUES (308, 'Clothing Item 308', 'Clothing', 70.77, 'https://example.com/images/item_308.jpg', 'Like New', 'Fake test item 308 in Clothing category.', 'seller26', 'Seller');
INSERT INTO auction (auction_id, item_id, seller_login, seller_role, current_highest_bid, auction_status, winner_login, winner_role) VALUES (308, 308, 'seller26', 'Seller', 0.00, 'Active', NULL, NULL);
INSERT INTO item (item_id, item_name, category, starting_price, image_url, item_condition, description, seller_login, seller_role) VALUES (309, 'Games Item 309', 'Games', 491.22, 'https://example.com/images/item_309.jpg', 'Good', 'Fake test item 309 in Games category.', 'seller80', 'Seller');
INSERT INTO auction (auction_id, item_id, seller_login, seller_role, current_highest_bid, auction_status, winner_login, winner_role) VALUES (309, 309, 'seller80', 'Seller', 666.87, 'Closed', 'buyer219', 'Buyer');
INSERT INTO item (item_id, item_name, category, starting_price, image_url, item_condition, description, seller_login, seller_role) VALUES (310, 'Toys Item 310', 'Toys', 211.16, 'https://example.com/images/item_310.jpg', 'Fair', 'Fake test item 310 in Toys category.', 'seller98', 'Seller');
INSERT INTO auction (auction_id, item_id, seller_login, seller_role, current_highest_bid, auction_status, winner_login, winner_role) VALUES (310, 310, 'seller98', 'Seller', 0.00, 'Active', NULL, NULL);
INSERT INTO item (item_id, item_name, category, starting_price, image_url, item_condition, description, seller_login, seller_role) VALUES (311, 'Electronics Item 311', 'Electronics', 283.56, 'https://example.com/images/item_311.jpg', 'Like New', 'Fake test item 311 in Electronics category.', 'seller80', 'Seller');
INSERT INTO auction (auction_id, item_id, seller_login, seller_role, current_highest_bid, auction_status, winner_login, winner_role) VALUES (311, 311, 'seller80', 'Seller', 0.00, 'Active', NULL, NULL);
INSERT INTO item (item_id, item_name, category, starting_price, image_url, item_condition, description, seller_login, seller_role) VALUES (312, 'Art Item 312', 'Art', 331.38, 'https://example.com/images/item_312.jpg', 'Like New', 'Fake test item 312 in Art category.', 'seller42', 'Seller');
INSERT INTO auction (auction_id, item_id, seller_login, seller_role, current_highest_bid, auction_status, winner_login, winner_role) VALUES (312, 312, 'seller42', 'Seller', 525.45, 'Closed', 'buyer341', 'Buyer');
INSERT INTO item (item_id, item_name, category, starting_price, image_url, item_condition, description, seller_login, seller_role) VALUES (313, 'Art Item 313', 'Art', 399.56, 'https://example.com/images/item_313.jpg', 'Fair', 'Fake test item 313 in Art category.', 'seller78', 'Seller');
INSERT INTO auction (auction_id, item_id, seller_login, seller_role, current_highest_bid, auction_status, winner_login, winner_role) VALUES (313, 313, 'seller78', 'Seller', 0.00, 'Active', NULL, NULL);
INSERT INTO item (item_id, item_name, category, starting_price, image_url, item_condition, description, seller_login, seller_role) VALUES (314, 'Electronics Item 314', 'Electronics', 439.98, 'https://example.com/images/item_314.jpg', 'Like New', 'Fake test item 314 in Electronics category.', 'seller44', 'Seller');
INSERT INTO auction (auction_id, item_id, seller_login, seller_role, current_highest_bid, auction_status, winner_login, winner_role) VALUES (314, 314, 'seller44', 'Seller', 0.00, 'Active', NULL, NULL);
INSERT INTO item (item_id, item_name, category, starting_price, image_url, item_condition, description, seller_login, seller_role) VALUES (315, 'Sports Item 315', 'Sports', 426.44, 'https://example.com/images/item_315.jpg', 'Good', 'Fake test item 315 in Sports category.', 'seller28', 'Seller');
INSERT INTO auction (auction_id, item_id, seller_login, seller_role, current_highest_bid, auction_status, winner_login, winner_role) VALUES (315, 315, 'seller28', 'Seller', 615.81, 'Closed', 'buyer369', 'Buyer');
INSERT INTO item (item_id, item_name, category, starting_price, image_url, item_condition, description, seller_login, seller_role) VALUES (316, 'Electronics Item 316', 'Electronics', 405.13, 'https://example.com/images/item_316.jpg', 'Fair', 'Fake test item 316 in Electronics category.', 'seller62', 'Seller');
INSERT INTO auction (auction_id, item_id, seller_login, seller_role, current_highest_bid, auction_status, winner_login, winner_role) VALUES (316, 316, 'seller62', 'Seller', 0.00, 'Active', NULL, NULL);
INSERT INTO item (item_id, item_name, category, starting_price, image_url, item_condition, description, seller_login, seller_role) VALUES (317, 'Clothing Item 317', 'Clothing', 285.95, 'https://example.com/images/item_317.jpg', 'Fair', 'Fake test item 317 in Clothing category.', 'seller26', 'Seller');
INSERT INTO auction (auction_id, item_id, seller_login, seller_role, current_highest_bid, auction_status, winner_login, winner_role) VALUES (317, 317, 'seller26', 'Seller', 0.00, 'Active', NULL, NULL);
INSERT INTO item (item_id, item_name, category, starting_price, image_url, item_condition, description, seller_login, seller_role) VALUES (318, 'Electronics Item 318', 'Electronics', 404.63, 'https://example.com/images/item_318.jpg', 'Fair', 'Fake test item 318 in Electronics category.', 'seller82', 'Seller');
INSERT INTO auction (auction_id, item_id, seller_login, seller_role, current_highest_bid, auction_status, winner_login, winner_role) VALUES (318, 318, 'seller82', 'Seller', 562.62, 'Closed', 'buyer125', 'Buyer');
INSERT INTO item (item_id, item_name, category, starting_price, image_url, item_condition, description, seller_login, seller_role) VALUES (319, 'Home Item 319', 'Home', 43.25, 'https://example.com/images/item_319.jpg', 'Used', 'Fake test item 319 in Home category.', 'seller53', 'Seller');
INSERT INTO auction (auction_id, item_id, seller_login, seller_role, current_highest_bid, auction_status, winner_login, winner_role) VALUES (319, 319, 'seller53', 'Seller', 0.00, 'Active', NULL, NULL);
INSERT INTO item (item_id, item_name, category, starting_price, image_url, item_condition, description, seller_login, seller_role) VALUES (320, 'Toys Item 320', 'Toys', 209.25, 'https://example.com/images/item_320.jpg', 'Like New', 'Fake test item 320 in Toys category.', 'seller74', 'Seller');
INSERT INTO auction (auction_id, item_id, seller_login, seller_role, current_highest_bid, auction_status, winner_login, winner_role) VALUES (320, 320, 'seller74', 'Seller', 0.00, 'Active', NULL, NULL);
INSERT INTO item (item_id, item_name, category, starting_price, image_url, item_condition, description, seller_login, seller_role) VALUES (321, 'Electronics Item 321', 'Electronics', 247.55, 'https://example.com/images/item_321.jpg', 'Fair', 'Fake test item 321 in Electronics category.', 'seller49', 'Seller');
INSERT INTO auction (auction_id, item_id, seller_login, seller_role, current_highest_bid, auction_status, winner_login, winner_role) VALUES (321, 321, 'seller49', 'Seller', 487.27, 'Closed', 'buyer20', 'Buyer');
INSERT INTO item (item_id, item_name, category, starting_price, image_url, item_condition, description, seller_login, seller_role) VALUES (322, 'Sports Item 322', 'Sports', 329.42, 'https://example.com/images/item_322.jpg', 'Fair', 'Fake test item 322 in Sports category.', 'seller28', 'Seller');
INSERT INTO auction (auction_id, item_id, seller_login, seller_role, current_highest_bid, auction_status, winner_login, winner_role) VALUES (322, 322, 'seller28', 'Seller', 0.00, 'Active', NULL, NULL);
INSERT INTO item (item_id, item_name, category, starting_price, image_url, item_condition, description, seller_login, seller_role) VALUES (323, 'Clothing Item 323', 'Clothing', 122.61, 'https://example.com/images/item_323.jpg', 'Fair', 'Fake test item 323 in Clothing category.', 'seller78', 'Seller');
INSERT INTO auction (auction_id, item_id, seller_login, seller_role, current_highest_bid, auction_status, winner_login, winner_role) VALUES (323, 323, 'seller78', 'Seller', 0.00, 'Active', NULL, NULL);
INSERT INTO item (item_id, item_name, category, starting_price, image_url, item_condition, description, seller_login, seller_role) VALUES (324, 'Books Item 324', 'Books', 168.03, 'https://example.com/images/item_324.jpg', 'Fair', 'Fake test item 324 in Books category.', 'seller87', 'Seller');
INSERT INTO auction (auction_id, item_id, seller_login, seller_role, current_highest_bid, auction_status, winner_login, winner_role) VALUES (324, 324, 'seller87', 'Seller', 412.52, 'Closed', 'buyer392', 'Buyer');
INSERT INTO item (item_id, item_name, category, starting_price, image_url, item_condition, description, seller_login, seller_role) VALUES (325, 'Art Item 325', 'Art', 355.61, 'https://example.com/images/item_325.jpg', 'Fair', 'Fake test item 325 in Art category.', 'seller5', 'Seller');
INSERT INTO auction (auction_id, item_id, seller_login, seller_role, current_highest_bid, auction_status, winner_login, winner_role) VALUES (325, 325, 'seller5', 'Seller', 0.00, 'Active', NULL, NULL);
INSERT INTO item (item_id, item_name, category, starting_price, image_url, item_condition, description, seller_login, seller_role) VALUES (326, 'Games Item 326', 'Games', 138.33, 'https://example.com/images/item_326.jpg', 'Used', 'Fake test item 326 in Games category.', 'seller42', 'Seller');
INSERT INTO auction (auction_id, item_id, seller_login, seller_role, current_highest_bid, auction_status, winner_login, winner_role) VALUES (326, 326, 'seller42', 'Seller', 0.00, 'Active', NULL, NULL);
INSERT INTO item (item_id, item_name, category, starting_price, image_url, item_condition, description, seller_login, seller_role) VALUES (327, 'Games Item 327', 'Games', 211.34, 'https://example.com/images/item_327.jpg', 'Fair', 'Fake test item 327 in Games category.', 'seller100', 'Seller');
INSERT INTO auction (auction_id, item_id, seller_login, seller_role, current_highest_bid, auction_status, winner_login, winner_role) VALUES (327, 327, 'seller100', 'Seller', 453.45, 'Closed', 'buyer345', 'Buyer');
INSERT INTO item (item_id, item_name, category, starting_price, image_url, item_condition, description, seller_login, seller_role) VALUES (328, 'Electronics Item 328', 'Electronics', 429.59, 'https://example.com/images/item_328.jpg', 'Used', 'Fake test item 328 in Electronics category.', 'seller39', 'Seller');
INSERT INTO auction (auction_id, item_id, seller_login, seller_role, current_highest_bid, auction_status, winner_login, winner_role) VALUES (328, 328, 'seller39', 'Seller', 0.00, 'Active', NULL, NULL);
INSERT INTO item (item_id, item_name, category, starting_price, image_url, item_condition, description, seller_login, seller_role) VALUES (329, 'Sports Item 329', 'Sports', 37.56, 'https://example.com/images/item_329.jpg', 'Fair', 'Fake test item 329 in Sports category.', 'seller52', 'Seller');
INSERT INTO auction (auction_id, item_id, seller_login, seller_role, current_highest_bid, auction_status, winner_login, winner_role) VALUES (329, 329, 'seller52', 'Seller', 0.00, 'Active', NULL, NULL);
INSERT INTO item (item_id, item_name, category, starting_price, image_url, item_condition, description, seller_login, seller_role) VALUES (330, 'Art Item 330', 'Art', 95.29, 'https://example.com/images/item_330.jpg', 'Fair', 'Fake test item 330 in Art category.', 'seller72', 'Seller');
INSERT INTO auction (auction_id, item_id, seller_login, seller_role, current_highest_bid, auction_status, winner_login, winner_role) VALUES (330, 330, 'seller72', 'Seller', 274.97, 'Closed', 'buyer53', 'Buyer');
INSERT INTO item (item_id, item_name, category, starting_price, image_url, item_condition, description, seller_login, seller_role) VALUES (331, 'Art Item 331', 'Art', 113.33, 'https://example.com/images/item_331.jpg', 'Like New', 'Fake test item 331 in Art category.', 'seller80', 'Seller');
INSERT INTO auction (auction_id, item_id, seller_login, seller_role, current_highest_bid, auction_status, winner_login, winner_role) VALUES (331, 331, 'seller80', 'Seller', 0.00, 'Active', NULL, NULL);
INSERT INTO item (item_id, item_name, category, starting_price, image_url, item_condition, description, seller_login, seller_role) VALUES (332, 'Home Item 332', 'Home', 248.02, 'https://example.com/images/item_332.jpg', 'Used', 'Fake test item 332 in Home category.', 'seller75', 'Seller');
INSERT INTO auction (auction_id, item_id, seller_login, seller_role, current_highest_bid, auction_status, winner_login, winner_role) VALUES (332, 332, 'seller75', 'Seller', 0.00, 'Active', NULL, NULL);
INSERT INTO item (item_id, item_name, category, starting_price, image_url, item_condition, description, seller_login, seller_role) VALUES (333, 'Electronics Item 333', 'Electronics', 411.32, 'https://example.com/images/item_333.jpg', 'Like New', 'Fake test item 333 in Electronics category.', 'seller32', 'Seller');
INSERT INTO auction (auction_id, item_id, seller_login, seller_role, current_highest_bid, auction_status, winner_login, winner_role) VALUES (333, 333, 'seller32', 'Seller', 559.75, 'Closed', 'buyer320', 'Buyer');
INSERT INTO item (item_id, item_name, category, starting_price, image_url, item_condition, description, seller_login, seller_role) VALUES (334, 'Electronics Item 334', 'Electronics', 487.02, 'https://example.com/images/item_334.jpg', 'Like New', 'Fake test item 334 in Electronics category.', 'seller74', 'Seller');
INSERT INTO auction (auction_id, item_id, seller_login, seller_role, current_highest_bid, auction_status, winner_login, winner_role) VALUES (334, 334, 'seller74', 'Seller', 0.00, 'Active', NULL, NULL);
INSERT INTO item (item_id, item_name, category, starting_price, image_url, item_condition, description, seller_login, seller_role) VALUES (335, 'Home Item 335', 'Home', 252.72, 'https://example.com/images/item_335.jpg', 'New', 'Fake test item 335 in Home category.', 'seller70', 'Seller');
INSERT INTO auction (auction_id, item_id, seller_login, seller_role, current_highest_bid, auction_status, winner_login, winner_role) VALUES (335, 335, 'seller70', 'Seller', 0.00, 'Active', NULL, NULL);
INSERT INTO item (item_id, item_name, category, starting_price, image_url, item_condition, description, seller_login, seller_role) VALUES (336, 'Sports Item 336', 'Sports', 72.02, 'https://example.com/images/item_336.jpg', 'New', 'Fake test item 336 in Sports category.', 'seller28', 'Seller');
INSERT INTO auction (auction_id, item_id, seller_login, seller_role, current_highest_bid, auction_status, winner_login, winner_role) VALUES (336, 336, 'seller28', 'Seller', 357.96, 'Closed', 'buyer309', 'Buyer');
INSERT INTO item (item_id, item_name, category, starting_price, image_url, item_condition, description, seller_login, seller_role) VALUES (337, 'Clothing Item 337', 'Clothing', 212.90, 'https://example.com/images/item_337.jpg', 'Like New', 'Fake test item 337 in Clothing category.', 'seller93', 'Seller');
INSERT INTO auction (auction_id, item_id, seller_login, seller_role, current_highest_bid, auction_status, winner_login, winner_role) VALUES (337, 337, 'seller93', 'Seller', 0.00, 'Active', NULL, NULL);
INSERT INTO item (item_id, item_name, category, starting_price, image_url, item_condition, description, seller_login, seller_role) VALUES (338, 'Books Item 338', 'Books', 218.81, 'https://example.com/images/item_338.jpg', 'Like New', 'Fake test item 338 in Books category.', 'seller92', 'Seller');
INSERT INTO auction (auction_id, item_id, seller_login, seller_role, current_highest_bid, auction_status, winner_login, winner_role) VALUES (338, 338, 'seller92', 'Seller', 0.00, 'Active', NULL, NULL);
INSERT INTO item (item_id, item_name, category, starting_price, image_url, item_condition, description, seller_login, seller_role) VALUES (339, 'Sports Item 339', 'Sports', 318.53, 'https://example.com/images/item_339.jpg', 'Used', 'Fake test item 339 in Sports category.', 'seller9', 'Seller');
INSERT INTO auction (auction_id, item_id, seller_login, seller_role, current_highest_bid, auction_status, winner_login, winner_role) VALUES (339, 339, 'seller9', 'Seller', 533.99, 'Closed', 'buyer115', 'Buyer');
INSERT INTO item (item_id, item_name, category, starting_price, image_url, item_condition, description, seller_login, seller_role) VALUES (340, 'Books Item 340', 'Books', 478.10, 'https://example.com/images/item_340.jpg', 'Used', 'Fake test item 340 in Books category.', 'seller46', 'Seller');
INSERT INTO auction (auction_id, item_id, seller_login, seller_role, current_highest_bid, auction_status, winner_login, winner_role) VALUES (340, 340, 'seller46', 'Seller', 0.00, 'Active', NULL, NULL);
INSERT INTO item (item_id, item_name, category, starting_price, image_url, item_condition, description, seller_login, seller_role) VALUES (341, 'Books Item 341', 'Books', 277.16, 'https://example.com/images/item_341.jpg', 'Used', 'Fake test item 341 in Books category.', 'seller78', 'Seller');
INSERT INTO auction (auction_id, item_id, seller_login, seller_role, current_highest_bid, auction_status, winner_login, winner_role) VALUES (341, 341, 'seller78', 'Seller', 0.00, 'Active', NULL, NULL);
INSERT INTO item (item_id, item_name, category, starting_price, image_url, item_condition, description, seller_login, seller_role) VALUES (342, 'Games Item 342', 'Games', 306.42, 'https://example.com/images/item_342.jpg', 'New', 'Fake test item 342 in Games category.', 'seller90', 'Seller');
INSERT INTO auction (auction_id, item_id, seller_login, seller_role, current_highest_bid, auction_status, winner_login, winner_role) VALUES (342, 342, 'seller90', 'Seller', 371.89, 'Closed', 'buyer233', 'Buyer');
INSERT INTO item (item_id, item_name, category, starting_price, image_url, item_condition, description, seller_login, seller_role) VALUES (343, 'Books Item 343', 'Books', 352.45, 'https://example.com/images/item_343.jpg', 'Used', 'Fake test item 343 in Books category.', 'seller31', 'Seller');
INSERT INTO auction (auction_id, item_id, seller_login, seller_role, current_highest_bid, auction_status, winner_login, winner_role) VALUES (343, 343, 'seller31', 'Seller', 0.00, 'Active', NULL, NULL);
INSERT INTO item (item_id, item_name, category, starting_price, image_url, item_condition, description, seller_login, seller_role) VALUES (344, 'Clothing Item 344', 'Clothing', 461.40, 'https://example.com/images/item_344.jpg', 'Fair', 'Fake test item 344 in Clothing category.', 'seller70', 'Seller');
INSERT INTO auction (auction_id, item_id, seller_login, seller_role, current_highest_bid, auction_status, winner_login, winner_role) VALUES (344, 344, 'seller70', 'Seller', 0.00, 'Active', NULL, NULL);
INSERT INTO item (item_id, item_name, category, starting_price, image_url, item_condition, description, seller_login, seller_role) VALUES (345, 'Electronics Item 345', 'Electronics', 412.78, 'https://example.com/images/item_345.jpg', 'Used', 'Fake test item 345 in Electronics category.', 'seller73', 'Seller');
INSERT INTO auction (auction_id, item_id, seller_login, seller_role, current_highest_bid, auction_status, winner_login, winner_role) VALUES (345, 345, 'seller73', 'Seller', 642.79, 'Closed', 'buyer322', 'Buyer');
INSERT INTO item (item_id, item_name, category, starting_price, image_url, item_condition, description, seller_login, seller_role) VALUES (346, 'Clothing Item 346', 'Clothing', 351.73, 'https://example.com/images/item_346.jpg', 'Good', 'Fake test item 346 in Clothing category.', 'seller47', 'Seller');
INSERT INTO auction (auction_id, item_id, seller_login, seller_role, current_highest_bid, auction_status, winner_login, winner_role) VALUES (346, 346, 'seller47', 'Seller', 0.00, 'Active', NULL, NULL);
INSERT INTO item (item_id, item_name, category, starting_price, image_url, item_condition, description, seller_login, seller_role) VALUES (347, 'Sports Item 347', 'Sports', 316.20, 'https://example.com/images/item_347.jpg', 'New', 'Fake test item 347 in Sports category.', 'seller40', 'Seller');
INSERT INTO auction (auction_id, item_id, seller_login, seller_role, current_highest_bid, auction_status, winner_login, winner_role) VALUES (347, 347, 'seller40', 'Seller', 0.00, 'Active', NULL, NULL);
INSERT INTO item (item_id, item_name, category, starting_price, image_url, item_condition, description, seller_login, seller_role) VALUES (348, 'Games Item 348', 'Games', 416.62, 'https://example.com/images/item_348.jpg', 'Like New', 'Fake test item 348 in Games category.', 'seller58', 'Seller');
INSERT INTO auction (auction_id, item_id, seller_login, seller_role, current_highest_bid, auction_status, winner_login, winner_role) VALUES (348, 348, 'seller58', 'Seller', 649.46, 'Closed', 'buyer15', 'Buyer');
INSERT INTO item (item_id, item_name, category, starting_price, image_url, item_condition, description, seller_login, seller_role) VALUES (349, 'Clothing Item 349', 'Clothing', 476.20, 'https://example.com/images/item_349.jpg', 'Used', 'Fake test item 349 in Clothing category.', 'seller23', 'Seller');
INSERT INTO auction (auction_id, item_id, seller_login, seller_role, current_highest_bid, auction_status, winner_login, winner_role) VALUES (349, 349, 'seller23', 'Seller', 0.00, 'Active', NULL, NULL);
INSERT INTO item (item_id, item_name, category, starting_price, image_url, item_condition, description, seller_login, seller_role) VALUES (350, 'Games Item 350', 'Games', 172.27, 'https://example.com/images/item_350.jpg', 'New', 'Fake test item 350 in Games category.', 'seller92', 'Seller');
INSERT INTO auction (auction_id, item_id, seller_login, seller_role, current_highest_bid, auction_status, winner_login, winner_role) VALUES (350, 350, 'seller92', 'Seller', 0.00, 'Active', NULL, NULL);
INSERT INTO item (item_id, item_name, category, starting_price, image_url, item_condition, description, seller_login, seller_role) VALUES (351, 'Clothing Item 351', 'Clothing', 323.69, 'https://example.com/images/item_351.jpg', 'Used', 'Fake test item 351 in Clothing category.', 'seller27', 'Seller');
INSERT INTO auction (auction_id, item_id, seller_login, seller_role, current_highest_bid, auction_status, winner_login, winner_role) VALUES (351, 351, 'seller27', 'Seller', 340.30, 'Closed', 'buyer254', 'Buyer');
INSERT INTO item (item_id, item_name, category, starting_price, image_url, item_condition, description, seller_login, seller_role) VALUES (352, 'Clothing Item 352', 'Clothing', 174.83, 'https://example.com/images/item_352.jpg', 'Good', 'Fake test item 352 in Clothing category.', 'seller79', 'Seller');
INSERT INTO auction (auction_id, item_id, seller_login, seller_role, current_highest_bid, auction_status, winner_login, winner_role) VALUES (352, 352, 'seller79', 'Seller', 0.00, 'Active', NULL, NULL);
INSERT INTO item (item_id, item_name, category, starting_price, image_url, item_condition, description, seller_login, seller_role) VALUES (353, 'Home Item 353', 'Home', 413.72, 'https://example.com/images/item_353.jpg', 'Fair', 'Fake test item 353 in Home category.', 'seller19', 'Seller');
INSERT INTO auction (auction_id, item_id, seller_login, seller_role, current_highest_bid, auction_status, winner_login, winner_role) VALUES (353, 353, 'seller19', 'Seller', 0.00, 'Active', NULL, NULL);
INSERT INTO item (item_id, item_name, category, starting_price, image_url, item_condition, description, seller_login, seller_role) VALUES (354, 'Games Item 354', 'Games', 308.20, 'https://example.com/images/item_354.jpg', 'New', 'Fake test item 354 in Games category.', 'seller85', 'Seller');
INSERT INTO auction (auction_id, item_id, seller_login, seller_role, current_highest_bid, auction_status, winner_login, winner_role) VALUES (354, 354, 'seller85', 'Seller', 577.03, 'Closed', 'buyer105', 'Buyer');
INSERT INTO item (item_id, item_name, category, starting_price, image_url, item_condition, description, seller_login, seller_role) VALUES (355, 'Home Item 355', 'Home', 322.72, 'https://example.com/images/item_355.jpg', 'New', 'Fake test item 355 in Home category.', 'seller1', 'Seller');
INSERT INTO auction (auction_id, item_id, seller_login, seller_role, current_highest_bid, auction_status, winner_login, winner_role) VALUES (355, 355, 'seller1', 'Seller', 0.00, 'Active', NULL, NULL);
INSERT INTO item (item_id, item_name, category, starting_price, image_url, item_condition, description, seller_login, seller_role) VALUES (356, 'Home Item 356', 'Home', 377.31, 'https://example.com/images/item_356.jpg', 'Used', 'Fake test item 356 in Home category.', 'seller33', 'Seller');
INSERT INTO auction (auction_id, item_id, seller_login, seller_role, current_highest_bid, auction_status, winner_login, winner_role) VALUES (356, 356, 'seller33', 'Seller', 0.00, 'Active', NULL, NULL);
INSERT INTO item (item_id, item_name, category, starting_price, image_url, item_condition, description, seller_login, seller_role) VALUES (357, 'Electronics Item 357', 'Electronics', 462.63, 'https://example.com/images/item_357.jpg', 'Like New', 'Fake test item 357 in Electronics category.', 'seller15', 'Seller');
INSERT INTO auction (auction_id, item_id, seller_login, seller_role, current_highest_bid, auction_status, winner_login, winner_role) VALUES (357, 357, 'seller15', 'Seller', 597.20, 'Closed', 'buyer41', 'Buyer');
INSERT INTO item (item_id, item_name, category, starting_price, image_url, item_condition, description, seller_login, seller_role) VALUES (358, 'Games Item 358', 'Games', 122.72, 'https://example.com/images/item_358.jpg', 'New', 'Fake test item 358 in Games category.', 'seller42', 'Seller');
INSERT INTO auction (auction_id, item_id, seller_login, seller_role, current_highest_bid, auction_status, winner_login, winner_role) VALUES (358, 358, 'seller42', 'Seller', 0.00, 'Active', NULL, NULL);
INSERT INTO item (item_id, item_name, category, starting_price, image_url, item_condition, description, seller_login, seller_role) VALUES (359, 'Sports Item 359', 'Sports', 350.71, 'https://example.com/images/item_359.jpg', 'Fair', 'Fake test item 359 in Sports category.', 'seller71', 'Seller');
INSERT INTO auction (auction_id, item_id, seller_login, seller_role, current_highest_bid, auction_status, winner_login, winner_role) VALUES (359, 359, 'seller71', 'Seller', 0.00, 'Active', NULL, NULL);
INSERT INTO item (item_id, item_name, category, starting_price, image_url, item_condition, description, seller_login, seller_role) VALUES (360, 'Books Item 360', 'Books', 455.16, 'https://example.com/images/item_360.jpg', 'Like New', 'Fake test item 360 in Books category.', 'seller81', 'Seller');
INSERT INTO auction (auction_id, item_id, seller_login, seller_role, current_highest_bid, auction_status, winner_login, winner_role) VALUES (360, 360, 'seller81', 'Seller', 557.50, 'Closed', 'buyer28', 'Buyer');
INSERT INTO item (item_id, item_name, category, starting_price, image_url, item_condition, description, seller_login, seller_role) VALUES (361, 'Home Item 361', 'Home', 98.93, 'https://example.com/images/item_361.jpg', 'Fair', 'Fake test item 361 in Home category.', 'seller49', 'Seller');
INSERT INTO auction (auction_id, item_id, seller_login, seller_role, current_highest_bid, auction_status, winner_login, winner_role) VALUES (361, 361, 'seller49', 'Seller', 0.00, 'Active', NULL, NULL);
INSERT INTO item (item_id, item_name, category, starting_price, image_url, item_condition, description, seller_login, seller_role) VALUES (362, 'Clothing Item 362', 'Clothing', 375.56, 'https://example.com/images/item_362.jpg', 'Used', 'Fake test item 362 in Clothing category.', 'seller47', 'Seller');
INSERT INTO auction (auction_id, item_id, seller_login, seller_role, current_highest_bid, auction_status, winner_login, winner_role) VALUES (362, 362, 'seller47', 'Seller', 0.00, 'Active', NULL, NULL);
INSERT INTO item (item_id, item_name, category, starting_price, image_url, item_condition, description, seller_login, seller_role) VALUES (363, 'Sports Item 363', 'Sports', 163.07, 'https://example.com/images/item_363.jpg', 'Good', 'Fake test item 363 in Sports category.', 'seller66', 'Seller');
INSERT INTO auction (auction_id, item_id, seller_login, seller_role, current_highest_bid, auction_status, winner_login, winner_role) VALUES (363, 363, 'seller66', 'Seller', 246.39, 'Closed', 'buyer208', 'Buyer');
INSERT INTO item (item_id, item_name, category, starting_price, image_url, item_condition, description, seller_login, seller_role) VALUES (364, 'Sports Item 364', 'Sports', 149.84, 'https://example.com/images/item_364.jpg', 'Like New', 'Fake test item 364 in Sports category.', 'seller51', 'Seller');
INSERT INTO auction (auction_id, item_id, seller_login, seller_role, current_highest_bid, auction_status, winner_login, winner_role) VALUES (364, 364, 'seller51', 'Seller', 0.00, 'Active', NULL, NULL);
INSERT INTO item (item_id, item_name, category, starting_price, image_url, item_condition, description, seller_login, seller_role) VALUES (365, 'Books Item 365', 'Books', 248.68, 'https://example.com/images/item_365.jpg', 'Fair', 'Fake test item 365 in Books category.', 'seller32', 'Seller');
INSERT INTO auction (auction_id, item_id, seller_login, seller_role, current_highest_bid, auction_status, winner_login, winner_role) VALUES (365, 365, 'seller32', 'Seller', 0.00, 'Active', NULL, NULL);
INSERT INTO item (item_id, item_name, category, starting_price, image_url, item_condition, description, seller_login, seller_role) VALUES (366, 'Books Item 366', 'Books', 439.11, 'https://example.com/images/item_366.jpg', 'Used', 'Fake test item 366 in Books category.', 'seller75', 'Seller');
INSERT INTO auction (auction_id, item_id, seller_login, seller_role, current_highest_bid, auction_status, winner_login, winner_role) VALUES (366, 366, 'seller75', 'Seller', 539.40, 'Closed', 'buyer377', 'Buyer');
INSERT INTO item (item_id, item_name, category, starting_price, image_url, item_condition, description, seller_login, seller_role) VALUES (367, 'Art Item 367', 'Art', 18.24, 'https://example.com/images/item_367.jpg', 'Good', 'Fake test item 367 in Art category.', 'seller49', 'Seller');
INSERT INTO auction (auction_id, item_id, seller_login, seller_role, current_highest_bid, auction_status, winner_login, winner_role) VALUES (367, 367, 'seller49', 'Seller', 0.00, 'Active', NULL, NULL);
INSERT INTO item (item_id, item_name, category, starting_price, image_url, item_condition, description, seller_login, seller_role) VALUES (368, 'Toys Item 368', 'Toys', 105.96, 'https://example.com/images/item_368.jpg', 'Fair', 'Fake test item 368 in Toys category.', 'seller33', 'Seller');
INSERT INTO auction (auction_id, item_id, seller_login, seller_role, current_highest_bid, auction_status, winner_login, winner_role) VALUES (368, 368, 'seller33', 'Seller', 0.00, 'Active', NULL, NULL);
INSERT INTO item (item_id, item_name, category, starting_price, image_url, item_condition, description, seller_login, seller_role) VALUES (369, 'Electronics Item 369', 'Electronics', 491.53, 'https://example.com/images/item_369.jpg', 'Good', 'Fake test item 369 in Electronics category.', 'seller80', 'Seller');
INSERT INTO auction (auction_id, item_id, seller_login, seller_role, current_highest_bid, auction_status, winner_login, winner_role) VALUES (369, 369, 'seller80', 'Seller', 558.52, 'Closed', 'buyer297', 'Buyer');
INSERT INTO item (item_id, item_name, category, starting_price, image_url, item_condition, description, seller_login, seller_role) VALUES (370, 'Sports Item 370', 'Sports', 347.68, 'https://example.com/images/item_370.jpg', 'Fair', 'Fake test item 370 in Sports category.', 'seller71', 'Seller');
INSERT INTO auction (auction_id, item_id, seller_login, seller_role, current_highest_bid, auction_status, winner_login, winner_role) VALUES (370, 370, 'seller71', 'Seller', 0.00, 'Active', NULL, NULL);
INSERT INTO item (item_id, item_name, category, starting_price, image_url, item_condition, description, seller_login, seller_role) VALUES (371, 'Clothing Item 371', 'Clothing', 239.56, 'https://example.com/images/item_371.jpg', 'Good', 'Fake test item 371 in Clothing category.', 'seller6', 'Seller');
INSERT INTO auction (auction_id, item_id, seller_login, seller_role, current_highest_bid, auction_status, winner_login, winner_role) VALUES (371, 371, 'seller6', 'Seller', 0.00, 'Active', NULL, NULL);
INSERT INTO item (item_id, item_name, category, starting_price, image_url, item_condition, description, seller_login, seller_role) VALUES (372, 'Art Item 372', 'Art', 93.56, 'https://example.com/images/item_372.jpg', 'Good', 'Fake test item 372 in Art category.', 'seller55', 'Seller');
INSERT INTO auction (auction_id, item_id, seller_login, seller_role, current_highest_bid, auction_status, winner_login, winner_role) VALUES (372, 372, 'seller55', 'Seller', 326.74, 'Closed', 'buyer387', 'Buyer');
INSERT INTO item (item_id, item_name, category, starting_price, image_url, item_condition, description, seller_login, seller_role) VALUES (373, 'Home Item 373', 'Home', 352.34, 'https://example.com/images/item_373.jpg', 'Used', 'Fake test item 373 in Home category.', 'seller66', 'Seller');
INSERT INTO auction (auction_id, item_id, seller_login, seller_role, current_highest_bid, auction_status, winner_login, winner_role) VALUES (373, 373, 'seller66', 'Seller', 0.00, 'Active', NULL, NULL);
INSERT INTO item (item_id, item_name, category, starting_price, image_url, item_condition, description, seller_login, seller_role) VALUES (374, 'Clothing Item 374', 'Clothing', 83.85, 'https://example.com/images/item_374.jpg', 'New', 'Fake test item 374 in Clothing category.', 'seller21', 'Seller');
INSERT INTO auction (auction_id, item_id, seller_login, seller_role, current_highest_bid, auction_status, winner_login, winner_role) VALUES (374, 374, 'seller21', 'Seller', 0.00, 'Active', NULL, NULL);
INSERT INTO item (item_id, item_name, category, starting_price, image_url, item_condition, description, seller_login, seller_role) VALUES (375, 'Art Item 375', 'Art', 136.13, 'https://example.com/images/item_375.jpg', 'New', 'Fake test item 375 in Art category.', 'seller77', 'Seller');
INSERT INTO auction (auction_id, item_id, seller_login, seller_role, current_highest_bid, auction_status, winner_login, winner_role) VALUES (375, 375, 'seller77', 'Seller', 420.15, 'Closed', 'buyer175', 'Buyer');
INSERT INTO item (item_id, item_name, category, starting_price, image_url, item_condition, description, seller_login, seller_role) VALUES (376, 'Games Item 376', 'Games', 302.09, 'https://example.com/images/item_376.jpg', 'Used', 'Fake test item 376 in Games category.', 'seller84', 'Seller');
INSERT INTO auction (auction_id, item_id, seller_login, seller_role, current_highest_bid, auction_status, winner_login, winner_role) VALUES (376, 376, 'seller84', 'Seller', 0.00, 'Active', NULL, NULL);
INSERT INTO item (item_id, item_name, category, starting_price, image_url, item_condition, description, seller_login, seller_role) VALUES (377, 'Sports Item 377', 'Sports', 20.20, 'https://example.com/images/item_377.jpg', 'Like New', 'Fake test item 377 in Sports category.', 'seller83', 'Seller');
INSERT INTO auction (auction_id, item_id, seller_login, seller_role, current_highest_bid, auction_status, winner_login, winner_role) VALUES (377, 377, 'seller83', 'Seller', 0.00, 'Active', NULL, NULL);
INSERT INTO item (item_id, item_name, category, starting_price, image_url, item_condition, description, seller_login, seller_role) VALUES (378, 'Games Item 378', 'Games', 67.44, 'https://example.com/images/item_378.jpg', 'Good', 'Fake test item 378 in Games category.', 'seller14', 'Seller');
INSERT INTO auction (auction_id, item_id, seller_login, seller_role, current_highest_bid, auction_status, winner_login, winner_role) VALUES (378, 378, 'seller14', 'Seller', 347.88, 'Closed', 'buyer37', 'Buyer');
INSERT INTO item (item_id, item_name, category, starting_price, image_url, item_condition, description, seller_login, seller_role) VALUES (379, 'Home Item 379', 'Home', 331.05, 'https://example.com/images/item_379.jpg', 'Fair', 'Fake test item 379 in Home category.', 'seller91', 'Seller');
INSERT INTO auction (auction_id, item_id, seller_login, seller_role, current_highest_bid, auction_status, winner_login, winner_role) VALUES (379, 379, 'seller91', 'Seller', 0.00, 'Active', NULL, NULL);
INSERT INTO item (item_id, item_name, category, starting_price, image_url, item_condition, description, seller_login, seller_role) VALUES (380, 'Games Item 380', 'Games', 75.49, 'https://example.com/images/item_380.jpg', 'Like New', 'Fake test item 380 in Games category.', 'seller6', 'Seller');
INSERT INTO auction (auction_id, item_id, seller_login, seller_role, current_highest_bid, auction_status, winner_login, winner_role) VALUES (380, 380, 'seller6', 'Seller', 0.00, 'Active', NULL, NULL);
INSERT INTO item (item_id, item_name, category, starting_price, image_url, item_condition, description, seller_login, seller_role) VALUES (381, 'Sports Item 381', 'Sports', 132.06, 'https://example.com/images/item_381.jpg', 'Used', 'Fake test item 381 in Sports category.', 'seller77', 'Seller');
INSERT INTO auction (auction_id, item_id, seller_login, seller_role, current_highest_bid, auction_status, winner_login, winner_role) VALUES (381, 381, 'seller77', 'Seller', 176.44, 'Closed', 'buyer390', 'Buyer');
INSERT INTO item (item_id, item_name, category, starting_price, image_url, item_condition, description, seller_login, seller_role) VALUES (382, 'Sports Item 382', 'Sports', 209.80, 'https://example.com/images/item_382.jpg', 'Good', 'Fake test item 382 in Sports category.', 'seller2', 'Seller');
INSERT INTO auction (auction_id, item_id, seller_login, seller_role, current_highest_bid, auction_status, winner_login, winner_role) VALUES (382, 382, 'seller2', 'Seller', 0.00, 'Active', NULL, NULL);
INSERT INTO item (item_id, item_name, category, starting_price, image_url, item_condition, description, seller_login, seller_role) VALUES (383, 'Art Item 383', 'Art', 7.92, 'https://example.com/images/item_383.jpg', 'Fair', 'Fake test item 383 in Art category.', 'seller62', 'Seller');
INSERT INTO auction (auction_id, item_id, seller_login, seller_role, current_highest_bid, auction_status, winner_login, winner_role) VALUES (383, 383, 'seller62', 'Seller', 0.00, 'Active', NULL, NULL);
INSERT INTO item (item_id, item_name, category, starting_price, image_url, item_condition, description, seller_login, seller_role) VALUES (384, 'Home Item 384', 'Home', 94.92, 'https://example.com/images/item_384.jpg', 'Used', 'Fake test item 384 in Home category.', 'seller46', 'Seller');
INSERT INTO auction (auction_id, item_id, seller_login, seller_role, current_highest_bid, auction_status, winner_login, winner_role) VALUES (384, 384, 'seller46', 'Seller', 270.65, 'Closed', 'buyer321', 'Buyer');
INSERT INTO item (item_id, item_name, category, starting_price, image_url, item_condition, description, seller_login, seller_role) VALUES (385, 'Art Item 385', 'Art', 495.33, 'https://example.com/images/item_385.jpg', 'Good', 'Fake test item 385 in Art category.', 'seller99', 'Seller');
INSERT INTO auction (auction_id, item_id, seller_login, seller_role, current_highest_bid, auction_status, winner_login, winner_role) VALUES (385, 385, 'seller99', 'Seller', 0.00, 'Active', NULL, NULL);
INSERT INTO item (item_id, item_name, category, starting_price, image_url, item_condition, description, seller_login, seller_role) VALUES (386, 'Electronics Item 386', 'Electronics', 31.62, 'https://example.com/images/item_386.jpg', 'Good', 'Fake test item 386 in Electronics category.', 'seller24', 'Seller');
INSERT INTO auction (auction_id, item_id, seller_login, seller_role, current_highest_bid, auction_status, winner_login, winner_role) VALUES (386, 386, 'seller24', 'Seller', 0.00, 'Active', NULL, NULL);
INSERT INTO item (item_id, item_name, category, starting_price, image_url, item_condition, description, seller_login, seller_role) VALUES (387, 'Home Item 387', 'Home', 125.54, 'https://example.com/images/item_387.jpg', 'Used', 'Fake test item 387 in Home category.', 'seller79', 'Seller');
INSERT INTO auction (auction_id, item_id, seller_login, seller_role, current_highest_bid, auction_status, winner_login, winner_role) VALUES (387, 387, 'seller79', 'Seller', 342.16, 'Closed', 'buyer133', 'Buyer');
INSERT INTO item (item_id, item_name, category, starting_price, image_url, item_condition, description, seller_login, seller_role) VALUES (388, 'Books Item 388', 'Books', 412.70, 'https://example.com/images/item_388.jpg', 'Used', 'Fake test item 388 in Books category.', 'seller94', 'Seller');
INSERT INTO auction (auction_id, item_id, seller_login, seller_role, current_highest_bid, auction_status, winner_login, winner_role) VALUES (388, 388, 'seller94', 'Seller', 0.00, 'Active', NULL, NULL);
INSERT INTO item (item_id, item_name, category, starting_price, image_url, item_condition, description, seller_login, seller_role) VALUES (389, 'Clothing Item 389', 'Clothing', 219.39, 'https://example.com/images/item_389.jpg', 'Used', 'Fake test item 389 in Clothing category.', 'seller12', 'Seller');
INSERT INTO auction (auction_id, item_id, seller_login, seller_role, current_highest_bid, auction_status, winner_login, winner_role) VALUES (389, 389, 'seller12', 'Seller', 0.00, 'Active', NULL, NULL);
INSERT INTO item (item_id, item_name, category, starting_price, image_url, item_condition, description, seller_login, seller_role) VALUES (390, 'Art Item 390', 'Art', 385.42, 'https://example.com/images/item_390.jpg', 'Used', 'Fake test item 390 in Art category.', 'seller61', 'Seller');
INSERT INTO auction (auction_id, item_id, seller_login, seller_role, current_highest_bid, auction_status, winner_login, winner_role) VALUES (390, 390, 'seller61', 'Seller', 620.74, 'Closed', 'buyer163', 'Buyer');
INSERT INTO item (item_id, item_name, category, starting_price, image_url, item_condition, description, seller_login, seller_role) VALUES (391, 'Art Item 391', 'Art', 282.57, 'https://example.com/images/item_391.jpg', 'New', 'Fake test item 391 in Art category.', 'seller92', 'Seller');
INSERT INTO auction (auction_id, item_id, seller_login, seller_role, current_highest_bid, auction_status, winner_login, winner_role) VALUES (391, 391, 'seller92', 'Seller', 0.00, 'Active', NULL, NULL);
INSERT INTO item (item_id, item_name, category, starting_price, image_url, item_condition, description, seller_login, seller_role) VALUES (392, 'Electronics Item 392', 'Electronics', 259.36, 'https://example.com/images/item_392.jpg', 'Like New', 'Fake test item 392 in Electronics category.', 'seller61', 'Seller');
INSERT INTO auction (auction_id, item_id, seller_login, seller_role, current_highest_bid, auction_status, winner_login, winner_role) VALUES (392, 392, 'seller61', 'Seller', 0.00, 'Active', NULL, NULL);
INSERT INTO item (item_id, item_name, category, starting_price, image_url, item_condition, description, seller_login, seller_role) VALUES (393, 'Books Item 393', 'Books', 388.59, 'https://example.com/images/item_393.jpg', 'Good', 'Fake test item 393 in Books category.', 'seller99', 'Seller');
INSERT INTO auction (auction_id, item_id, seller_login, seller_role, current_highest_bid, auction_status, winner_login, winner_role) VALUES (393, 393, 'seller99', 'Seller', 539.64, 'Closed', 'buyer35', 'Buyer');
INSERT INTO item (item_id, item_name, category, starting_price, image_url, item_condition, description, seller_login, seller_role) VALUES (394, 'Home Item 394', 'Home', 308.90, 'https://example.com/images/item_394.jpg', 'Used', 'Fake test item 394 in Home category.', 'seller36', 'Seller');
INSERT INTO auction (auction_id, item_id, seller_login, seller_role, current_highest_bid, auction_status, winner_login, winner_role) VALUES (394, 394, 'seller36', 'Seller', 0.00, 'Active', NULL, NULL);
INSERT INTO item (item_id, item_name, category, starting_price, image_url, item_condition, description, seller_login, seller_role) VALUES (395, 'Art Item 395', 'Art', 114.86, 'https://example.com/images/item_395.jpg', 'Used', 'Fake test item 395 in Art category.', 'seller54', 'Seller');
INSERT INTO auction (auction_id, item_id, seller_login, seller_role, current_highest_bid, auction_status, winner_login, winner_role) VALUES (395, 395, 'seller54', 'Seller', 0.00, 'Active', NULL, NULL);
INSERT INTO item (item_id, item_name, category, starting_price, image_url, item_condition, description, seller_login, seller_role) VALUES (396, 'Art Item 396', 'Art', 499.94, 'https://example.com/images/item_396.jpg', 'Used', 'Fake test item 396 in Art category.', 'seller13', 'Seller');
INSERT INTO auction (auction_id, item_id, seller_login, seller_role, current_highest_bid, auction_status, winner_login, winner_role) VALUES (396, 396, 'seller13', 'Seller', 603.85, 'Closed', 'buyer365', 'Buyer');
INSERT INTO item (item_id, item_name, category, starting_price, image_url, item_condition, description, seller_login, seller_role) VALUES (397, 'Clothing Item 397', 'Clothing', 336.45, 'https://example.com/images/item_397.jpg', 'Used', 'Fake test item 397 in Clothing category.', 'seller65', 'Seller');
INSERT INTO auction (auction_id, item_id, seller_login, seller_role, current_highest_bid, auction_status, winner_login, winner_role) VALUES (397, 397, 'seller65', 'Seller', 0.00, 'Active', NULL, NULL);
INSERT INTO item (item_id, item_name, category, starting_price, image_url, item_condition, description, seller_login, seller_role) VALUES (398, 'Toys Item 398', 'Toys', 179.77, 'https://example.com/images/item_398.jpg', 'Good', 'Fake test item 398 in Toys category.', 'seller86', 'Seller');
INSERT INTO auction (auction_id, item_id, seller_login, seller_role, current_highest_bid, auction_status, winner_login, winner_role) VALUES (398, 398, 'seller86', 'Seller', 0.00, 'Active', NULL, NULL);
INSERT INTO item (item_id, item_name, category, starting_price, image_url, item_condition, description, seller_login, seller_role) VALUES (399, 'Sports Item 399', 'Sports', 276.06, 'https://example.com/images/item_399.jpg', 'New', 'Fake test item 399 in Sports category.', 'seller7', 'Seller');
INSERT INTO auction (auction_id, item_id, seller_login, seller_role, current_highest_bid, auction_status, winner_login, winner_role) VALUES (399, 399, 'seller7', 'Seller', 327.72, 'Closed', 'buyer73', 'Buyer');
INSERT INTO item (item_id, item_name, category, starting_price, image_url, item_condition, description, seller_login, seller_role) VALUES (400, 'Electronics Item 400', 'Electronics', 346.08, 'https://example.com/images/item_400.jpg', 'Like New', 'Fake test item 400 in Electronics category.', 'seller50', 'Seller');
INSERT INTO auction (auction_id, item_id, seller_login, seller_role, current_highest_bid, auction_status, winner_login, winner_role) VALUES (400, 400, 'seller50', 'Seller', 0.00, 'Active', NULL, NULL);
INSERT INTO item (item_id, item_name, category, starting_price, image_url, item_condition, description, seller_login, seller_role) VALUES (401, 'Electronics Item 401', 'Electronics', 59.61, 'https://example.com/images/item_401.jpg', 'Fair', 'Fake test item 401 in Electronics category.', 'seller59', 'Seller');
INSERT INTO auction (auction_id, item_id, seller_login, seller_role, current_highest_bid, auction_status, winner_login, winner_role) VALUES (401, 401, 'seller59', 'Seller', 0.00, 'Active', NULL, NULL);
INSERT INTO item (item_id, item_name, category, starting_price, image_url, item_condition, description, seller_login, seller_role) VALUES (402, 'Electronics Item 402', 'Electronics', 404.33, 'https://example.com/images/item_402.jpg', 'Like New', 'Fake test item 402 in Electronics category.', 'seller20', 'Seller');
INSERT INTO auction (auction_id, item_id, seller_login, seller_role, current_highest_bid, auction_status, winner_login, winner_role) VALUES (402, 402, 'seller20', 'Seller', 454.52, 'Closed', 'buyer331', 'Buyer');
INSERT INTO item (item_id, item_name, category, starting_price, image_url, item_condition, description, seller_login, seller_role) VALUES (403, 'Games Item 403', 'Games', 85.27, 'https://example.com/images/item_403.jpg', 'Good', 'Fake test item 403 in Games category.', 'seller85', 'Seller');
INSERT INTO auction (auction_id, item_id, seller_login, seller_role, current_highest_bid, auction_status, winner_login, winner_role) VALUES (403, 403, 'seller85', 'Seller', 0.00, 'Active', NULL, NULL);
INSERT INTO item (item_id, item_name, category, starting_price, image_url, item_condition, description, seller_login, seller_role) VALUES (404, 'Toys Item 404', 'Toys', 187.61, 'https://example.com/images/item_404.jpg', 'Like New', 'Fake test item 404 in Toys category.', 'seller41', 'Seller');
INSERT INTO auction (auction_id, item_id, seller_login, seller_role, current_highest_bid, auction_status, winner_login, winner_role) VALUES (404, 404, 'seller41', 'Seller', 0.00, 'Active', NULL, NULL);
INSERT INTO item (item_id, item_name, category, starting_price, image_url, item_condition, description, seller_login, seller_role) VALUES (405, 'Books Item 405', 'Books', 211.48, 'https://example.com/images/item_405.jpg', 'Fair', 'Fake test item 405 in Books category.', 'seller7', 'Seller');
INSERT INTO auction (auction_id, item_id, seller_login, seller_role, current_highest_bid, auction_status, winner_login, winner_role) VALUES (405, 405, 'seller7', 'Seller', 316.53, 'Closed', 'buyer86', 'Buyer');
INSERT INTO item (item_id, item_name, category, starting_price, image_url, item_condition, description, seller_login, seller_role) VALUES (406, 'Games Item 406', 'Games', 241.38, 'https://example.com/images/item_406.jpg', 'Used', 'Fake test item 406 in Games category.', 'seller40', 'Seller');
INSERT INTO auction (auction_id, item_id, seller_login, seller_role, current_highest_bid, auction_status, winner_login, winner_role) VALUES (406, 406, 'seller40', 'Seller', 0.00, 'Active', NULL, NULL);
INSERT INTO item (item_id, item_name, category, starting_price, image_url, item_condition, description, seller_login, seller_role) VALUES (407, 'Games Item 407', 'Games', 32.23, 'https://example.com/images/item_407.jpg', 'New', 'Fake test item 407 in Games category.', 'seller65', 'Seller');
INSERT INTO auction (auction_id, item_id, seller_login, seller_role, current_highest_bid, auction_status, winner_login, winner_role) VALUES (407, 407, 'seller65', 'Seller', 0.00, 'Active', NULL, NULL);
INSERT INTO item (item_id, item_name, category, starting_price, image_url, item_condition, description, seller_login, seller_role) VALUES (408, 'Home Item 408', 'Home', 261.42, 'https://example.com/images/item_408.jpg', 'Fair', 'Fake test item 408 in Home category.', 'seller27', 'Seller');
INSERT INTO auction (auction_id, item_id, seller_login, seller_role, current_highest_bid, auction_status, winner_login, winner_role) VALUES (408, 408, 'seller27', 'Seller', 437.31, 'Closed', 'buyer271', 'Buyer');
INSERT INTO item (item_id, item_name, category, starting_price, image_url, item_condition, description, seller_login, seller_role) VALUES (409, 'Toys Item 409', 'Toys', 392.72, 'https://example.com/images/item_409.jpg', 'Fair', 'Fake test item 409 in Toys category.', 'seller73', 'Seller');
INSERT INTO auction (auction_id, item_id, seller_login, seller_role, current_highest_bid, auction_status, winner_login, winner_role) VALUES (409, 409, 'seller73', 'Seller', 0.00, 'Active', NULL, NULL);
INSERT INTO item (item_id, item_name, category, starting_price, image_url, item_condition, description, seller_login, seller_role) VALUES (410, 'Books Item 410', 'Books', 205.56, 'https://example.com/images/item_410.jpg', 'Like New', 'Fake test item 410 in Books category.', 'seller31', 'Seller');
INSERT INTO auction (auction_id, item_id, seller_login, seller_role, current_highest_bid, auction_status, winner_login, winner_role) VALUES (410, 410, 'seller31', 'Seller', 0.00, 'Active', NULL, NULL);
INSERT INTO item (item_id, item_name, category, starting_price, image_url, item_condition, description, seller_login, seller_role) VALUES (411, 'Clothing Item 411', 'Clothing', 95.56, 'https://example.com/images/item_411.jpg', 'Used', 'Fake test item 411 in Clothing category.', 'seller63', 'Seller');
INSERT INTO auction (auction_id, item_id, seller_login, seller_role, current_highest_bid, auction_status, winner_login, winner_role) VALUES (411, 411, 'seller63', 'Seller', 240.61, 'Closed', 'buyer259', 'Buyer');
INSERT INTO item (item_id, item_name, category, starting_price, image_url, item_condition, description, seller_login, seller_role) VALUES (412, 'Books Item 412', 'Books', 478.05, 'https://example.com/images/item_412.jpg', 'Used', 'Fake test item 412 in Books category.', 'seller38', 'Seller');
INSERT INTO auction (auction_id, item_id, seller_login, seller_role, current_highest_bid, auction_status, winner_login, winner_role) VALUES (412, 412, 'seller38', 'Seller', 0.00, 'Active', NULL, NULL);
INSERT INTO item (item_id, item_name, category, starting_price, image_url, item_condition, description, seller_login, seller_role) VALUES (413, 'Sports Item 413', 'Sports', 475.56, 'https://example.com/images/item_413.jpg', 'Fair', 'Fake test item 413 in Sports category.', 'seller49', 'Seller');
INSERT INTO auction (auction_id, item_id, seller_login, seller_role, current_highest_bid, auction_status, winner_login, winner_role) VALUES (413, 413, 'seller49', 'Seller', 0.00, 'Active', NULL, NULL);
INSERT INTO item (item_id, item_name, category, starting_price, image_url, item_condition, description, seller_login, seller_role) VALUES (414, 'Games Item 414', 'Games', 160.39, 'https://example.com/images/item_414.jpg', 'Like New', 'Fake test item 414 in Games category.', 'seller6', 'Seller');
INSERT INTO auction (auction_id, item_id, seller_login, seller_role, current_highest_bid, auction_status, winner_login, winner_role) VALUES (414, 414, 'seller6', 'Seller', 358.08, 'Closed', 'buyer366', 'Buyer');
INSERT INTO item (item_id, item_name, category, starting_price, image_url, item_condition, description, seller_login, seller_role) VALUES (415, 'Games Item 415', 'Games', 241.88, 'https://example.com/images/item_415.jpg', 'Used', 'Fake test item 415 in Games category.', 'seller74', 'Seller');
INSERT INTO auction (auction_id, item_id, seller_login, seller_role, current_highest_bid, auction_status, winner_login, winner_role) VALUES (415, 415, 'seller74', 'Seller', 0.00, 'Active', NULL, NULL);
INSERT INTO item (item_id, item_name, category, starting_price, image_url, item_condition, description, seller_login, seller_role) VALUES (416, 'Electronics Item 416', 'Electronics', 438.30, 'https://example.com/images/item_416.jpg', 'Good', 'Fake test item 416 in Electronics category.', 'seller65', 'Seller');
INSERT INTO auction (auction_id, item_id, seller_login, seller_role, current_highest_bid, auction_status, winner_login, winner_role) VALUES (416, 416, 'seller65', 'Seller', 0.00, 'Active', NULL, NULL);
INSERT INTO item (item_id, item_name, category, starting_price, image_url, item_condition, description, seller_login, seller_role) VALUES (417, 'Games Item 417', 'Games', 312.46, 'https://example.com/images/item_417.jpg', 'Used', 'Fake test item 417 in Games category.', 'seller25', 'Seller');
INSERT INTO auction (auction_id, item_id, seller_login, seller_role, current_highest_bid, auction_status, winner_login, winner_role) VALUES (417, 417, 'seller25', 'Seller', 438.70, 'Closed', 'buyer93', 'Buyer');
INSERT INTO item (item_id, item_name, category, starting_price, image_url, item_condition, description, seller_login, seller_role) VALUES (418, 'Clothing Item 418', 'Clothing', 446.79, 'https://example.com/images/item_418.jpg', 'Like New', 'Fake test item 418 in Clothing category.', 'seller43', 'Seller');
INSERT INTO auction (auction_id, item_id, seller_login, seller_role, current_highest_bid, auction_status, winner_login, winner_role) VALUES (418, 418, 'seller43', 'Seller', 0.00, 'Active', NULL, NULL);
INSERT INTO item (item_id, item_name, category, starting_price, image_url, item_condition, description, seller_login, seller_role) VALUES (419, 'Games Item 419', 'Games', 426.79, 'https://example.com/images/item_419.jpg', 'Used', 'Fake test item 419 in Games category.', 'seller61', 'Seller');
INSERT INTO auction (auction_id, item_id, seller_login, seller_role, current_highest_bid, auction_status, winner_login, winner_role) VALUES (419, 419, 'seller61', 'Seller', 0.00, 'Active', NULL, NULL);
INSERT INTO item (item_id, item_name, category, starting_price, image_url, item_condition, description, seller_login, seller_role) VALUES (420, 'Electronics Item 420', 'Electronics', 257.48, 'https://example.com/images/item_420.jpg', 'Good', 'Fake test item 420 in Electronics category.', 'seller97', 'Seller');
INSERT INTO auction (auction_id, item_id, seller_login, seller_role, current_highest_bid, auction_status, winner_login, winner_role) VALUES (420, 420, 'seller97', 'Seller', 276.88, 'Closed', 'buyer124', 'Buyer');
INSERT INTO item (item_id, item_name, category, starting_price, image_url, item_condition, description, seller_login, seller_role) VALUES (421, 'Games Item 421', 'Games', 96.69, 'https://example.com/images/item_421.jpg', 'Good', 'Fake test item 421 in Games category.', 'seller58', 'Seller');
INSERT INTO auction (auction_id, item_id, seller_login, seller_role, current_highest_bid, auction_status, winner_login, winner_role) VALUES (421, 421, 'seller58', 'Seller', 0.00, 'Active', NULL, NULL);
INSERT INTO item (item_id, item_name, category, starting_price, image_url, item_condition, description, seller_login, seller_role) VALUES (422, 'Toys Item 422', 'Toys', 202.65, 'https://example.com/images/item_422.jpg', 'New', 'Fake test item 422 in Toys category.', 'seller68', 'Seller');
INSERT INTO auction (auction_id, item_id, seller_login, seller_role, current_highest_bid, auction_status, winner_login, winner_role) VALUES (422, 422, 'seller68', 'Seller', 0.00, 'Active', NULL, NULL);
INSERT INTO item (item_id, item_name, category, starting_price, image_url, item_condition, description, seller_login, seller_role) VALUES (423, 'Books Item 423', 'Books', 412.86, 'https://example.com/images/item_423.jpg', 'Like New', 'Fake test item 423 in Books category.', 'seller61', 'Seller');
INSERT INTO auction (auction_id, item_id, seller_login, seller_role, current_highest_bid, auction_status, winner_login, winner_role) VALUES (423, 423, 'seller61', 'Seller', 484.28, 'Closed', 'buyer370', 'Buyer');
INSERT INTO item (item_id, item_name, category, starting_price, image_url, item_condition, description, seller_login, seller_role) VALUES (424, 'Toys Item 424', 'Toys', 242.74, 'https://example.com/images/item_424.jpg', 'Good', 'Fake test item 424 in Toys category.', 'seller62', 'Seller');
INSERT INTO auction (auction_id, item_id, seller_login, seller_role, current_highest_bid, auction_status, winner_login, winner_role) VALUES (424, 424, 'seller62', 'Seller', 0.00, 'Active', NULL, NULL);
INSERT INTO item (item_id, item_name, category, starting_price, image_url, item_condition, description, seller_login, seller_role) VALUES (425, 'Home Item 425', 'Home', 494.81, 'https://example.com/images/item_425.jpg', 'Fair', 'Fake test item 425 in Home category.', 'seller11', 'Seller');
INSERT INTO auction (auction_id, item_id, seller_login, seller_role, current_highest_bid, auction_status, winner_login, winner_role) VALUES (425, 425, 'seller11', 'Seller', 0.00, 'Active', NULL, NULL);
INSERT INTO item (item_id, item_name, category, starting_price, image_url, item_condition, description, seller_login, seller_role) VALUES (426, 'Electronics Item 426', 'Electronics', 296.51, 'https://example.com/images/item_426.jpg', 'Used', 'Fake test item 426 in Electronics category.', 'seller19', 'Seller');
INSERT INTO auction (auction_id, item_id, seller_login, seller_role, current_highest_bid, auction_status, winner_login, winner_role) VALUES (426, 426, 'seller19', 'Seller', 591.88, 'Closed', 'buyer200', 'Buyer');
INSERT INTO item (item_id, item_name, category, starting_price, image_url, item_condition, description, seller_login, seller_role) VALUES (427, 'Games Item 427', 'Games', 460.61, 'https://example.com/images/item_427.jpg', 'Like New', 'Fake test item 427 in Games category.', 'seller18', 'Seller');
INSERT INTO auction (auction_id, item_id, seller_login, seller_role, current_highest_bid, auction_status, winner_login, winner_role) VALUES (427, 427, 'seller18', 'Seller', 0.00, 'Active', NULL, NULL);
INSERT INTO item (item_id, item_name, category, starting_price, image_url, item_condition, description, seller_login, seller_role) VALUES (428, 'Art Item 428', 'Art', 454.46, 'https://example.com/images/item_428.jpg', 'Used', 'Fake test item 428 in Art category.', 'seller1', 'Seller');
INSERT INTO auction (auction_id, item_id, seller_login, seller_role, current_highest_bid, auction_status, winner_login, winner_role) VALUES (428, 428, 'seller1', 'Seller', 0.00, 'Active', NULL, NULL);
INSERT INTO item (item_id, item_name, category, starting_price, image_url, item_condition, description, seller_login, seller_role) VALUES (429, 'Clothing Item 429', 'Clothing', 421.82, 'https://example.com/images/item_429.jpg', 'Fair', 'Fake test item 429 in Clothing category.', 'seller46', 'Seller');
INSERT INTO auction (auction_id, item_id, seller_login, seller_role, current_highest_bid, auction_status, winner_login, winner_role) VALUES (429, 429, 'seller46', 'Seller', 498.50, 'Closed', 'buyer312', 'Buyer');
INSERT INTO item (item_id, item_name, category, starting_price, image_url, item_condition, description, seller_login, seller_role) VALUES (430, 'Sports Item 430', 'Sports', 177.83, 'https://example.com/images/item_430.jpg', 'New', 'Fake test item 430 in Sports category.', 'seller64', 'Seller');
INSERT INTO auction (auction_id, item_id, seller_login, seller_role, current_highest_bid, auction_status, winner_login, winner_role) VALUES (430, 430, 'seller64', 'Seller', 0.00, 'Active', NULL, NULL);
INSERT INTO item (item_id, item_name, category, starting_price, image_url, item_condition, description, seller_login, seller_role) VALUES (431, 'Clothing Item 431', 'Clothing', 422.15, 'https://example.com/images/item_431.jpg', 'Like New', 'Fake test item 431 in Clothing category.', 'seller54', 'Seller');
INSERT INTO auction (auction_id, item_id, seller_login, seller_role, current_highest_bid, auction_status, winner_login, winner_role) VALUES (431, 431, 'seller54', 'Seller', 0.00, 'Active', NULL, NULL);
INSERT INTO item (item_id, item_name, category, starting_price, image_url, item_condition, description, seller_login, seller_role) VALUES (432, 'Books Item 432', 'Books', 119.40, 'https://example.com/images/item_432.jpg', 'Like New', 'Fake test item 432 in Books category.', 'seller66', 'Seller');
INSERT INTO auction (auction_id, item_id, seller_login, seller_role, current_highest_bid, auction_status, winner_login, winner_role) VALUES (432, 432, 'seller66', 'Seller', 218.69, 'Closed', 'buyer281', 'Buyer');
INSERT INTO item (item_id, item_name, category, starting_price, image_url, item_condition, description, seller_login, seller_role) VALUES (433, 'Electronics Item 433', 'Electronics', 355.22, 'https://example.com/images/item_433.jpg', 'Fair', 'Fake test item 433 in Electronics category.', 'seller29', 'Seller');
INSERT INTO auction (auction_id, item_id, seller_login, seller_role, current_highest_bid, auction_status, winner_login, winner_role) VALUES (433, 433, 'seller29', 'Seller', 0.00, 'Active', NULL, NULL);
INSERT INTO item (item_id, item_name, category, starting_price, image_url, item_condition, description, seller_login, seller_role) VALUES (434, 'Art Item 434', 'Art', 435.37, 'https://example.com/images/item_434.jpg', 'Like New', 'Fake test item 434 in Art category.', 'seller6', 'Seller');
INSERT INTO auction (auction_id, item_id, seller_login, seller_role, current_highest_bid, auction_status, winner_login, winner_role) VALUES (434, 434, 'seller6', 'Seller', 0.00, 'Active', NULL, NULL);
INSERT INTO item (item_id, item_name, category, starting_price, image_url, item_condition, description, seller_login, seller_role) VALUES (435, 'Toys Item 435', 'Toys', 157.31, 'https://example.com/images/item_435.jpg', 'Fair', 'Fake test item 435 in Toys category.', 'seller30', 'Seller');
INSERT INTO auction (auction_id, item_id, seller_login, seller_role, current_highest_bid, auction_status, winner_login, winner_role) VALUES (435, 435, 'seller30', 'Seller', 387.01, 'Closed', 'buyer349', 'Buyer');
INSERT INTO item (item_id, item_name, category, starting_price, image_url, item_condition, description, seller_login, seller_role) VALUES (436, 'Electronics Item 436', 'Electronics', 179.46, 'https://example.com/images/item_436.jpg', 'Used', 'Fake test item 436 in Electronics category.', 'seller49', 'Seller');
INSERT INTO auction (auction_id, item_id, seller_login, seller_role, current_highest_bid, auction_status, winner_login, winner_role) VALUES (436, 436, 'seller49', 'Seller', 0.00, 'Active', NULL, NULL);
INSERT INTO item (item_id, item_name, category, starting_price, image_url, item_condition, description, seller_login, seller_role) VALUES (437, 'Books Item 437', 'Books', 254.76, 'https://example.com/images/item_437.jpg', 'Fair', 'Fake test item 437 in Books category.', 'seller73', 'Seller');
INSERT INTO auction (auction_id, item_id, seller_login, seller_role, current_highest_bid, auction_status, winner_login, winner_role) VALUES (437, 437, 'seller73', 'Seller', 0.00, 'Active', NULL, NULL);
INSERT INTO item (item_id, item_name, category, starting_price, image_url, item_condition, description, seller_login, seller_role) VALUES (438, 'Clothing Item 438', 'Clothing', 498.66, 'https://example.com/images/item_438.jpg', 'Like New', 'Fake test item 438 in Clothing category.', 'seller47', 'Seller');
INSERT INTO auction (auction_id, item_id, seller_login, seller_role, current_highest_bid, auction_status, winner_login, winner_role) VALUES (438, 438, 'seller47', 'Seller', 625.31, 'Closed', 'buyer187', 'Buyer');
INSERT INTO item (item_id, item_name, category, starting_price, image_url, item_condition, description, seller_login, seller_role) VALUES (439, 'Home Item 439', 'Home', 205.33, 'https://example.com/images/item_439.jpg', 'Used', 'Fake test item 439 in Home category.', 'seller50', 'Seller');
INSERT INTO auction (auction_id, item_id, seller_login, seller_role, current_highest_bid, auction_status, winner_login, winner_role) VALUES (439, 439, 'seller50', 'Seller', 0.00, 'Active', NULL, NULL);
INSERT INTO item (item_id, item_name, category, starting_price, image_url, item_condition, description, seller_login, seller_role) VALUES (440, 'Art Item 440', 'Art', 37.44, 'https://example.com/images/item_440.jpg', 'Used', 'Fake test item 440 in Art category.', 'seller39', 'Seller');
INSERT INTO auction (auction_id, item_id, seller_login, seller_role, current_highest_bid, auction_status, winner_login, winner_role) VALUES (440, 440, 'seller39', 'Seller', 0.00, 'Active', NULL, NULL);
INSERT INTO item (item_id, item_name, category, starting_price, image_url, item_condition, description, seller_login, seller_role) VALUES (441, 'Electronics Item 441', 'Electronics', 314.42, 'https://example.com/images/item_441.jpg', 'Fair', 'Fake test item 441 in Electronics category.', 'seller56', 'Seller');
INSERT INTO auction (auction_id, item_id, seller_login, seller_role, current_highest_bid, auction_status, winner_login, winner_role) VALUES (441, 441, 'seller56', 'Seller', 333.51, 'Closed', 'buyer113', 'Buyer');
INSERT INTO item (item_id, item_name, category, starting_price, image_url, item_condition, description, seller_login, seller_role) VALUES (442, 'Toys Item 442', 'Toys', 221.36, 'https://example.com/images/item_442.jpg', 'Used', 'Fake test item 442 in Toys category.', 'seller3', 'Seller');
INSERT INTO auction (auction_id, item_id, seller_login, seller_role, current_highest_bid, auction_status, winner_login, winner_role) VALUES (442, 442, 'seller3', 'Seller', 0.00, 'Active', NULL, NULL);
INSERT INTO item (item_id, item_name, category, starting_price, image_url, item_condition, description, seller_login, seller_role) VALUES (443, 'Toys Item 443', 'Toys', 202.23, 'https://example.com/images/item_443.jpg', 'Like New', 'Fake test item 443 in Toys category.', 'seller23', 'Seller');
INSERT INTO auction (auction_id, item_id, seller_login, seller_role, current_highest_bid, auction_status, winner_login, winner_role) VALUES (443, 443, 'seller23', 'Seller', 0.00, 'Active', NULL, NULL);
INSERT INTO item (item_id, item_name, category, starting_price, image_url, item_condition, description, seller_login, seller_role) VALUES (444, 'Toys Item 444', 'Toys', 57.90, 'https://example.com/images/item_444.jpg', 'Used', 'Fake test item 444 in Toys category.', 'seller13', 'Seller');
INSERT INTO auction (auction_id, item_id, seller_login, seller_role, current_highest_bid, auction_status, winner_login, winner_role) VALUES (444, 444, 'seller13', 'Seller', 356.53, 'Closed', 'buyer88', 'Buyer');
INSERT INTO item (item_id, item_name, category, starting_price, image_url, item_condition, description, seller_login, seller_role) VALUES (445, 'Electronics Item 445', 'Electronics', 132.70, 'https://example.com/images/item_445.jpg', 'Used', 'Fake test item 445 in Electronics category.', 'seller5', 'Seller');
INSERT INTO auction (auction_id, item_id, seller_login, seller_role, current_highest_bid, auction_status, winner_login, winner_role) VALUES (445, 445, 'seller5', 'Seller', 0.00, 'Active', NULL, NULL);
INSERT INTO item (item_id, item_name, category, starting_price, image_url, item_condition, description, seller_login, seller_role) VALUES (446, 'Electronics Item 446', 'Electronics', 54.57, 'https://example.com/images/item_446.jpg', 'New', 'Fake test item 446 in Electronics category.', 'seller38', 'Seller');
INSERT INTO auction (auction_id, item_id, seller_login, seller_role, current_highest_bid, auction_status, winner_login, winner_role) VALUES (446, 446, 'seller38', 'Seller', 0.00, 'Active', NULL, NULL);
INSERT INTO item (item_id, item_name, category, starting_price, image_url, item_condition, description, seller_login, seller_role) VALUES (447, 'Art Item 447', 'Art', 301.12, 'https://example.com/images/item_447.jpg', 'Used', 'Fake test item 447 in Art category.', 'seller24', 'Seller');
INSERT INTO auction (auction_id, item_id, seller_login, seller_role, current_highest_bid, auction_status, winner_login, winner_role) VALUES (447, 447, 'seller24', 'Seller', 598.08, 'Closed', 'buyer271', 'Buyer');
INSERT INTO item (item_id, item_name, category, starting_price, image_url, item_condition, description, seller_login, seller_role) VALUES (448, 'Books Item 448', 'Books', 282.56, 'https://example.com/images/item_448.jpg', 'Used', 'Fake test item 448 in Books category.', 'seller70', 'Seller');
INSERT INTO auction (auction_id, item_id, seller_login, seller_role, current_highest_bid, auction_status, winner_login, winner_role) VALUES (448, 448, 'seller70', 'Seller', 0.00, 'Active', NULL, NULL);
INSERT INTO item (item_id, item_name, category, starting_price, image_url, item_condition, description, seller_login, seller_role) VALUES (449, 'Toys Item 449', 'Toys', 245.90, 'https://example.com/images/item_449.jpg', 'Like New', 'Fake test item 449 in Toys category.', 'seller6', 'Seller');
INSERT INTO auction (auction_id, item_id, seller_login, seller_role, current_highest_bid, auction_status, winner_login, winner_role) VALUES (449, 449, 'seller6', 'Seller', 0.00, 'Active', NULL, NULL);
INSERT INTO item (item_id, item_name, category, starting_price, image_url, item_condition, description, seller_login, seller_role) VALUES (450, 'Games Item 450', 'Games', 384.24, 'https://example.com/images/item_450.jpg', 'Used', 'Fake test item 450 in Games category.', 'seller32', 'Seller');
INSERT INTO auction (auction_id, item_id, seller_login, seller_role, current_highest_bid, auction_status, winner_login, winner_role) VALUES (450, 450, 'seller32', 'Seller', 629.81, 'Closed', 'buyer306', 'Buyer');
INSERT INTO item (item_id, item_name, category, starting_price, image_url, item_condition, description, seller_login, seller_role) VALUES (451, 'Home Item 451', 'Home', 327.74, 'https://example.com/images/item_451.jpg', 'Like New', 'Fake test item 451 in Home category.', 'seller27', 'Seller');
INSERT INTO auction (auction_id, item_id, seller_login, seller_role, current_highest_bid, auction_status, winner_login, winner_role) VALUES (451, 451, 'seller27', 'Seller', 0.00, 'Active', NULL, NULL);
INSERT INTO item (item_id, item_name, category, starting_price, image_url, item_condition, description, seller_login, seller_role) VALUES (452, 'Sports Item 452', 'Sports', 186.14, 'https://example.com/images/item_452.jpg', 'Like New', 'Fake test item 452 in Sports category.', 'seller54', 'Seller');
INSERT INTO auction (auction_id, item_id, seller_login, seller_role, current_highest_bid, auction_status, winner_login, winner_role) VALUES (452, 452, 'seller54', 'Seller', 0.00, 'Active', NULL, NULL);
INSERT INTO item (item_id, item_name, category, starting_price, image_url, item_condition, description, seller_login, seller_role) VALUES (453, 'Games Item 453', 'Games', 481.81, 'https://example.com/images/item_453.jpg', 'Good', 'Fake test item 453 in Games category.', 'seller37', 'Seller');
INSERT INTO auction (auction_id, item_id, seller_login, seller_role, current_highest_bid, auction_status, winner_login, winner_role) VALUES (453, 453, 'seller37', 'Seller', 573.68, 'Closed', 'buyer202', 'Buyer');
INSERT INTO item (item_id, item_name, category, starting_price, image_url, item_condition, description, seller_login, seller_role) VALUES (454, 'Toys Item 454', 'Toys', 83.53, 'https://example.com/images/item_454.jpg', 'Like New', 'Fake test item 454 in Toys category.', 'seller17', 'Seller');
INSERT INTO auction (auction_id, item_id, seller_login, seller_role, current_highest_bid, auction_status, winner_login, winner_role) VALUES (454, 454, 'seller17', 'Seller', 0.00, 'Active', NULL, NULL);
INSERT INTO item (item_id, item_name, category, starting_price, image_url, item_condition, description, seller_login, seller_role) VALUES (455, 'Books Item 455', 'Books', 488.30, 'https://example.com/images/item_455.jpg', 'New', 'Fake test item 455 in Books category.', 'seller15', 'Seller');
INSERT INTO auction (auction_id, item_id, seller_login, seller_role, current_highest_bid, auction_status, winner_login, winner_role) VALUES (455, 455, 'seller15', 'Seller', 0.00, 'Active', NULL, NULL);
INSERT INTO item (item_id, item_name, category, starting_price, image_url, item_condition, description, seller_login, seller_role) VALUES (456, 'Clothing Item 456', 'Clothing', 458.08, 'https://example.com/images/item_456.jpg', 'Fair', 'Fake test item 456 in Clothing category.', 'seller11', 'Seller');
INSERT INTO auction (auction_id, item_id, seller_login, seller_role, current_highest_bid, auction_status, winner_login, winner_role) VALUES (456, 456, 'seller11', 'Seller', 752.33, 'Closed', 'buyer180', 'Buyer');
INSERT INTO item (item_id, item_name, category, starting_price, image_url, item_condition, description, seller_login, seller_role) VALUES (457, 'Art Item 457', 'Art', 497.58, 'https://example.com/images/item_457.jpg', 'Like New', 'Fake test item 457 in Art category.', 'seller97', 'Seller');
INSERT INTO auction (auction_id, item_id, seller_login, seller_role, current_highest_bid, auction_status, winner_login, winner_role) VALUES (457, 457, 'seller97', 'Seller', 0.00, 'Active', NULL, NULL);
INSERT INTO item (item_id, item_name, category, starting_price, image_url, item_condition, description, seller_login, seller_role) VALUES (458, 'Books Item 458', 'Books', 300.08, 'https://example.com/images/item_458.jpg', 'New', 'Fake test item 458 in Books category.', 'seller64', 'Seller');
INSERT INTO auction (auction_id, item_id, seller_login, seller_role, current_highest_bid, auction_status, winner_login, winner_role) VALUES (458, 458, 'seller64', 'Seller', 0.00, 'Active', NULL, NULL);
INSERT INTO item (item_id, item_name, category, starting_price, image_url, item_condition, description, seller_login, seller_role) VALUES (459, 'Books Item 459', 'Books', 394.36, 'https://example.com/images/item_459.jpg', 'Like New', 'Fake test item 459 in Books category.', 'seller42', 'Seller');
INSERT INTO auction (auction_id, item_id, seller_login, seller_role, current_highest_bid, auction_status, winner_login, winner_role) VALUES (459, 459, 'seller42', 'Seller', 560.64, 'Closed', 'buyer208', 'Buyer');
INSERT INTO item (item_id, item_name, category, starting_price, image_url, item_condition, description, seller_login, seller_role) VALUES (460, 'Books Item 460', 'Books', 289.05, 'https://example.com/images/item_460.jpg', 'Good', 'Fake test item 460 in Books category.', 'seller4', 'Seller');
INSERT INTO auction (auction_id, item_id, seller_login, seller_role, current_highest_bid, auction_status, winner_login, winner_role) VALUES (460, 460, 'seller4', 'Seller', 0.00, 'Active', NULL, NULL);
INSERT INTO item (item_id, item_name, category, starting_price, image_url, item_condition, description, seller_login, seller_role) VALUES (461, 'Home Item 461', 'Home', 252.58, 'https://example.com/images/item_461.jpg', 'New', 'Fake test item 461 in Home category.', 'seller39', 'Seller');
INSERT INTO auction (auction_id, item_id, seller_login, seller_role, current_highest_bid, auction_status, winner_login, winner_role) VALUES (461, 461, 'seller39', 'Seller', 0.00, 'Active', NULL, NULL);
INSERT INTO item (item_id, item_name, category, starting_price, image_url, item_condition, description, seller_login, seller_role) VALUES (462, 'Clothing Item 462', 'Clothing', 259.32, 'https://example.com/images/item_462.jpg', 'Used', 'Fake test item 462 in Clothing category.', 'seller43', 'Seller');
INSERT INTO auction (auction_id, item_id, seller_login, seller_role, current_highest_bid, auction_status, winner_login, winner_role) VALUES (462, 462, 'seller43', 'Seller', 368.10, 'Closed', 'buyer288', 'Buyer');
INSERT INTO item (item_id, item_name, category, starting_price, image_url, item_condition, description, seller_login, seller_role) VALUES (463, 'Games Item 463', 'Games', 58.70, 'https://example.com/images/item_463.jpg', 'New', 'Fake test item 463 in Games category.', 'seller13', 'Seller');
INSERT INTO auction (auction_id, item_id, seller_login, seller_role, current_highest_bid, auction_status, winner_login, winner_role) VALUES (463, 463, 'seller13', 'Seller', 0.00, 'Active', NULL, NULL);
INSERT INTO item (item_id, item_name, category, starting_price, image_url, item_condition, description, seller_login, seller_role) VALUES (464, 'Books Item 464', 'Books', 353.14, 'https://example.com/images/item_464.jpg', 'Like New', 'Fake test item 464 in Books category.', 'seller90', 'Seller');
INSERT INTO auction (auction_id, item_id, seller_login, seller_role, current_highest_bid, auction_status, winner_login, winner_role) VALUES (464, 464, 'seller90', 'Seller', 0.00, 'Active', NULL, NULL);
INSERT INTO item (item_id, item_name, category, starting_price, image_url, item_condition, description, seller_login, seller_role) VALUES (465, 'Clothing Item 465', 'Clothing', 284.96, 'https://example.com/images/item_465.jpg', 'New', 'Fake test item 465 in Clothing category.', 'seller17', 'Seller');
INSERT INTO auction (auction_id, item_id, seller_login, seller_role, current_highest_bid, auction_status, winner_login, winner_role) VALUES (465, 465, 'seller17', 'Seller', 344.37, 'Closed', 'buyer221', 'Buyer');
INSERT INTO item (item_id, item_name, category, starting_price, image_url, item_condition, description, seller_login, seller_role) VALUES (466, 'Home Item 466', 'Home', 459.53, 'https://example.com/images/item_466.jpg', 'Used', 'Fake test item 466 in Home category.', 'seller91', 'Seller');
INSERT INTO auction (auction_id, item_id, seller_login, seller_role, current_highest_bid, auction_status, winner_login, winner_role) VALUES (466, 466, 'seller91', 'Seller', 0.00, 'Active', NULL, NULL);
INSERT INTO item (item_id, item_name, category, starting_price, image_url, item_condition, description, seller_login, seller_role) VALUES (467, 'Sports Item 467', 'Sports', 277.55, 'https://example.com/images/item_467.jpg', 'Good', 'Fake test item 467 in Sports category.', 'seller74', 'Seller');
INSERT INTO auction (auction_id, item_id, seller_login, seller_role, current_highest_bid, auction_status, winner_login, winner_role) VALUES (467, 467, 'seller74', 'Seller', 0.00, 'Active', NULL, NULL);
INSERT INTO item (item_id, item_name, category, starting_price, image_url, item_condition, description, seller_login, seller_role) VALUES (468, 'Games Item 468', 'Games', 111.04, 'https://example.com/images/item_468.jpg', 'Good', 'Fake test item 468 in Games category.', 'seller19', 'Seller');
INSERT INTO auction (auction_id, item_id, seller_login, seller_role, current_highest_bid, auction_status, winner_login, winner_role) VALUES (468, 468, 'seller19', 'Seller', 181.09, 'Closed', 'buyer400', 'Buyer');
INSERT INTO item (item_id, item_name, category, starting_price, image_url, item_condition, description, seller_login, seller_role) VALUES (469, 'Home Item 469', 'Home', 100.60, 'https://example.com/images/item_469.jpg', 'Fair', 'Fake test item 469 in Home category.', 'seller52', 'Seller');
INSERT INTO auction (auction_id, item_id, seller_login, seller_role, current_highest_bid, auction_status, winner_login, winner_role) VALUES (469, 469, 'seller52', 'Seller', 0.00, 'Active', NULL, NULL);
INSERT INTO item (item_id, item_name, category, starting_price, image_url, item_condition, description, seller_login, seller_role) VALUES (470, 'Art Item 470', 'Art', 110.77, 'https://example.com/images/item_470.jpg', 'Good', 'Fake test item 470 in Art category.', 'seller63', 'Seller');
INSERT INTO auction (auction_id, item_id, seller_login, seller_role, current_highest_bid, auction_status, winner_login, winner_role) VALUES (470, 470, 'seller63', 'Seller', 0.00, 'Active', NULL, NULL);
INSERT INTO item (item_id, item_name, category, starting_price, image_url, item_condition, description, seller_login, seller_role) VALUES (471, 'Sports Item 471', 'Sports', 374.39, 'https://example.com/images/item_471.jpg', 'Like New', 'Fake test item 471 in Sports category.', 'seller60', 'Seller');
INSERT INTO auction (auction_id, item_id, seller_login, seller_role, current_highest_bid, auction_status, winner_login, winner_role) VALUES (471, 471, 'seller60', 'Seller', 602.67, 'Closed', 'buyer323', 'Buyer');
INSERT INTO item (item_id, item_name, category, starting_price, image_url, item_condition, description, seller_login, seller_role) VALUES (472, 'Art Item 472', 'Art', 375.92, 'https://example.com/images/item_472.jpg', 'Fair', 'Fake test item 472 in Art category.', 'seller49', 'Seller');
INSERT INTO auction (auction_id, item_id, seller_login, seller_role, current_highest_bid, auction_status, winner_login, winner_role) VALUES (472, 472, 'seller49', 'Seller', 0.00, 'Active', NULL, NULL);
INSERT INTO item (item_id, item_name, category, starting_price, image_url, item_condition, description, seller_login, seller_role) VALUES (473, 'Sports Item 473', 'Sports', 321.90, 'https://example.com/images/item_473.jpg', 'Used', 'Fake test item 473 in Sports category.', 'seller95', 'Seller');
INSERT INTO auction (auction_id, item_id, seller_login, seller_role, current_highest_bid, auction_status, winner_login, winner_role) VALUES (473, 473, 'seller95', 'Seller', 0.00, 'Active', NULL, NULL);
INSERT INTO item (item_id, item_name, category, starting_price, image_url, item_condition, description, seller_login, seller_role) VALUES (474, 'Games Item 474', 'Games', 300.19, 'https://example.com/images/item_474.jpg', 'New', 'Fake test item 474 in Games category.', 'seller37', 'Seller');
INSERT INTO auction (auction_id, item_id, seller_login, seller_role, current_highest_bid, auction_status, winner_login, winner_role) VALUES (474, 474, 'seller37', 'Seller', 377.44, 'Closed', 'buyer352', 'Buyer');
INSERT INTO item (item_id, item_name, category, starting_price, image_url, item_condition, description, seller_login, seller_role) VALUES (475, 'Toys Item 475', 'Toys', 469.82, 'https://example.com/images/item_475.jpg', 'Fair', 'Fake test item 475 in Toys category.', 'seller5', 'Seller');
INSERT INTO auction (auction_id, item_id, seller_login, seller_role, current_highest_bid, auction_status, winner_login, winner_role) VALUES (475, 475, 'seller5', 'Seller', 0.00, 'Active', NULL, NULL);
INSERT INTO item (item_id, item_name, category, starting_price, image_url, item_condition, description, seller_login, seller_role) VALUES (476, 'Sports Item 476', 'Sports', 437.88, 'https://example.com/images/item_476.jpg', 'Fair', 'Fake test item 476 in Sports category.', 'seller25', 'Seller');
INSERT INTO auction (auction_id, item_id, seller_login, seller_role, current_highest_bid, auction_status, winner_login, winner_role) VALUES (476, 476, 'seller25', 'Seller', 0.00, 'Active', NULL, NULL);
INSERT INTO item (item_id, item_name, category, starting_price, image_url, item_condition, description, seller_login, seller_role) VALUES (477, 'Electronics Item 477', 'Electronics', 75.53, 'https://example.com/images/item_477.jpg', 'Good', 'Fake test item 477 in Electronics category.', 'seller45', 'Seller');
INSERT INTO auction (auction_id, item_id, seller_login, seller_role, current_highest_bid, auction_status, winner_login, winner_role) VALUES (477, 477, 'seller45', 'Seller', 161.09, 'Closed', 'buyer62', 'Buyer');
INSERT INTO item (item_id, item_name, category, starting_price, image_url, item_condition, description, seller_login, seller_role) VALUES (478, 'Home Item 478', 'Home', 38.65, 'https://example.com/images/item_478.jpg', 'Used', 'Fake test item 478 in Home category.', 'seller24', 'Seller');
INSERT INTO auction (auction_id, item_id, seller_login, seller_role, current_highest_bid, auction_status, winner_login, winner_role) VALUES (478, 478, 'seller24', 'Seller', 0.00, 'Active', NULL, NULL);
INSERT INTO item (item_id, item_name, category, starting_price, image_url, item_condition, description, seller_login, seller_role) VALUES (479, 'Toys Item 479', 'Toys', 408.18, 'https://example.com/images/item_479.jpg', 'Good', 'Fake test item 479 in Toys category.', 'seller19', 'Seller');
INSERT INTO auction (auction_id, item_id, seller_login, seller_role, current_highest_bid, auction_status, winner_login, winner_role) VALUES (479, 479, 'seller19', 'Seller', 0.00, 'Active', NULL, NULL);
INSERT INTO item (item_id, item_name, category, starting_price, image_url, item_condition, description, seller_login, seller_role) VALUES (480, 'Art Item 480', 'Art', 183.41, 'https://example.com/images/item_480.jpg', 'Good', 'Fake test item 480 in Art category.', 'seller2', 'Seller');
INSERT INTO auction (auction_id, item_id, seller_login, seller_role, current_highest_bid, auction_status, winner_login, winner_role) VALUES (480, 480, 'seller2', 'Seller', 448.87, 'Closed', 'buyer227', 'Buyer');
INSERT INTO item (item_id, item_name, category, starting_price, image_url, item_condition, description, seller_login, seller_role) VALUES (481, 'Sports Item 481', 'Sports', 223.32, 'https://example.com/images/item_481.jpg', 'Like New', 'Fake test item 481 in Sports category.', 'seller37', 'Seller');
INSERT INTO auction (auction_id, item_id, seller_login, seller_role, current_highest_bid, auction_status, winner_login, winner_role) VALUES (481, 481, 'seller37', 'Seller', 0.00, 'Active', NULL, NULL);
INSERT INTO item (item_id, item_name, category, starting_price, image_url, item_condition, description, seller_login, seller_role) VALUES (482, 'Toys Item 482', 'Toys', 451.22, 'https://example.com/images/item_482.jpg', 'New', 'Fake test item 482 in Toys category.', 'seller17', 'Seller');
INSERT INTO auction (auction_id, item_id, seller_login, seller_role, current_highest_bid, auction_status, winner_login, winner_role) VALUES (482, 482, 'seller17', 'Seller', 0.00, 'Active', NULL, NULL);
INSERT INTO item (item_id, item_name, category, starting_price, image_url, item_condition, description, seller_login, seller_role) VALUES (483, 'Sports Item 483', 'Sports', 129.26, 'https://example.com/images/item_483.jpg', 'Good', 'Fake test item 483 in Sports category.', 'seller32', 'Seller');
INSERT INTO auction (auction_id, item_id, seller_login, seller_role, current_highest_bid, auction_status, winner_login, winner_role) VALUES (483, 483, 'seller32', 'Seller', 413.24, 'Closed', 'buyer190', 'Buyer');
INSERT INTO item (item_id, item_name, category, starting_price, image_url, item_condition, description, seller_login, seller_role) VALUES (484, 'Books Item 484', 'Books', 498.70, 'https://example.com/images/item_484.jpg', 'New', 'Fake test item 484 in Books category.', 'seller50', 'Seller');
INSERT INTO auction (auction_id, item_id, seller_login, seller_role, current_highest_bid, auction_status, winner_login, winner_role) VALUES (484, 484, 'seller50', 'Seller', 0.00, 'Active', NULL, NULL);
INSERT INTO item (item_id, item_name, category, starting_price, image_url, item_condition, description, seller_login, seller_role) VALUES (485, 'Games Item 485', 'Games', 76.18, 'https://example.com/images/item_485.jpg', 'Used', 'Fake test item 485 in Games category.', 'seller24', 'Seller');
INSERT INTO auction (auction_id, item_id, seller_login, seller_role, current_highest_bid, auction_status, winner_login, winner_role) VALUES (485, 485, 'seller24', 'Seller', 0.00, 'Active', NULL, NULL);
INSERT INTO item (item_id, item_name, category, starting_price, image_url, item_condition, description, seller_login, seller_role) VALUES (486, 'Electronics Item 486', 'Electronics', 115.21, 'https://example.com/images/item_486.jpg', 'New', 'Fake test item 486 in Electronics category.', 'seller12', 'Seller');
INSERT INTO auction (auction_id, item_id, seller_login, seller_role, current_highest_bid, auction_status, winner_login, winner_role) VALUES (486, 486, 'seller12', 'Seller', 235.78, 'Closed', 'buyer144', 'Buyer');
INSERT INTO item (item_id, item_name, category, starting_price, image_url, item_condition, description, seller_login, seller_role) VALUES (487, 'Electronics Item 487', 'Electronics', 428.42, 'https://example.com/images/item_487.jpg', 'New', 'Fake test item 487 in Electronics category.', 'seller79', 'Seller');
INSERT INTO auction (auction_id, item_id, seller_login, seller_role, current_highest_bid, auction_status, winner_login, winner_role) VALUES (487, 487, 'seller79', 'Seller', 0.00, 'Active', NULL, NULL);
INSERT INTO item (item_id, item_name, category, starting_price, image_url, item_condition, description, seller_login, seller_role) VALUES (488, 'Toys Item 488', 'Toys', 419.67, 'https://example.com/images/item_488.jpg', 'Good', 'Fake test item 488 in Toys category.', 'seller43', 'Seller');
INSERT INTO auction (auction_id, item_id, seller_login, seller_role, current_highest_bid, auction_status, winner_login, winner_role) VALUES (488, 488, 'seller43', 'Seller', 0.00, 'Active', NULL, NULL);
INSERT INTO item (item_id, item_name, category, starting_price, image_url, item_condition, description, seller_login, seller_role) VALUES (489, 'Clothing Item 489', 'Clothing', 168.92, 'https://example.com/images/item_489.jpg', 'Fair', 'Fake test item 489 in Clothing category.', 'seller80', 'Seller');
INSERT INTO auction (auction_id, item_id, seller_login, seller_role, current_highest_bid, auction_status, winner_login, winner_role) VALUES (489, 489, 'seller80', 'Seller', 413.18, 'Closed', 'buyer227', 'Buyer');
INSERT INTO item (item_id, item_name, category, starting_price, image_url, item_condition, description, seller_login, seller_role) VALUES (490, 'Books Item 490', 'Books', 443.51, 'https://example.com/images/item_490.jpg', 'New', 'Fake test item 490 in Books category.', 'seller2', 'Seller');
INSERT INTO auction (auction_id, item_id, seller_login, seller_role, current_highest_bid, auction_status, winner_login, winner_role) VALUES (490, 490, 'seller2', 'Seller', 0.00, 'Active', NULL, NULL);
INSERT INTO item (item_id, item_name, category, starting_price, image_url, item_condition, description, seller_login, seller_role) VALUES (491, 'Toys Item 491', 'Toys', 79.64, 'https://example.com/images/item_491.jpg', 'Fair', 'Fake test item 491 in Toys category.', 'seller66', 'Seller');
INSERT INTO auction (auction_id, item_id, seller_login, seller_role, current_highest_bid, auction_status, winner_login, winner_role) VALUES (491, 491, 'seller66', 'Seller', 0.00, 'Active', NULL, NULL);
INSERT INTO item (item_id, item_name, category, starting_price, image_url, item_condition, description, seller_login, seller_role) VALUES (492, 'Toys Item 492', 'Toys', 445.29, 'https://example.com/images/item_492.jpg', 'Fair', 'Fake test item 492 in Toys category.', 'seller38', 'Seller');
INSERT INTO auction (auction_id, item_id, seller_login, seller_role, current_highest_bid, auction_status, winner_login, winner_role) VALUES (492, 492, 'seller38', 'Seller', 648.90, 'Closed', 'buyer148', 'Buyer');
INSERT INTO item (item_id, item_name, category, starting_price, image_url, item_condition, description, seller_login, seller_role) VALUES (493, 'Art Item 493', 'Art', 7.24, 'https://example.com/images/item_493.jpg', 'Used', 'Fake test item 493 in Art category.', 'seller54', 'Seller');
INSERT INTO auction (auction_id, item_id, seller_login, seller_role, current_highest_bid, auction_status, winner_login, winner_role) VALUES (493, 493, 'seller54', 'Seller', 0.00, 'Active', NULL, NULL);
INSERT INTO item (item_id, item_name, category, starting_price, image_url, item_condition, description, seller_login, seller_role) VALUES (494, 'Books Item 494', 'Books', 496.99, 'https://example.com/images/item_494.jpg', 'New', 'Fake test item 494 in Books category.', 'seller73', 'Seller');
INSERT INTO auction (auction_id, item_id, seller_login, seller_role, current_highest_bid, auction_status, winner_login, winner_role) VALUES (494, 494, 'seller73', 'Seller', 0.00, 'Active', NULL, NULL);
INSERT INTO item (item_id, item_name, category, starting_price, image_url, item_condition, description, seller_login, seller_role) VALUES (495, 'Art Item 495', 'Art', 309.34, 'https://example.com/images/item_495.jpg', 'New', 'Fake test item 495 in Art category.', 'seller94', 'Seller');
INSERT INTO auction (auction_id, item_id, seller_login, seller_role, current_highest_bid, auction_status, winner_login, winner_role) VALUES (495, 495, 'seller94', 'Seller', 398.39, 'Closed', 'buyer397', 'Buyer');
INSERT INTO item (item_id, item_name, category, starting_price, image_url, item_condition, description, seller_login, seller_role) VALUES (496, 'Art Item 496', 'Art', 377.01, 'https://example.com/images/item_496.jpg', 'Like New', 'Fake test item 496 in Art category.', 'seller23', 'Seller');
INSERT INTO auction (auction_id, item_id, seller_login, seller_role, current_highest_bid, auction_status, winner_login, winner_role) VALUES (496, 496, 'seller23', 'Seller', 0.00, 'Active', NULL, NULL);
INSERT INTO item (item_id, item_name, category, starting_price, image_url, item_condition, description, seller_login, seller_role) VALUES (497, 'Toys Item 497', 'Toys', 425.15, 'https://example.com/images/item_497.jpg', 'Fair', 'Fake test item 497 in Toys category.', 'seller87', 'Seller');
INSERT INTO auction (auction_id, item_id, seller_login, seller_role, current_highest_bid, auction_status, winner_login, winner_role) VALUES (497, 497, 'seller87', 'Seller', 0.00, 'Active', NULL, NULL);
INSERT INTO item (item_id, item_name, category, starting_price, image_url, item_condition, description, seller_login, seller_role) VALUES (498, 'Art Item 498', 'Art', 225.89, 'https://example.com/images/item_498.jpg', 'Fair', 'Fake test item 498 in Art category.', 'seller29', 'Seller');
INSERT INTO auction (auction_id, item_id, seller_login, seller_role, current_highest_bid, auction_status, winner_login, winner_role) VALUES (498, 498, 'seller29', 'Seller', 349.08, 'Closed', 'buyer266', 'Buyer');
INSERT INTO item (item_id, item_name, category, starting_price, image_url, item_condition, description, seller_login, seller_role) VALUES (499, 'Electronics Item 499', 'Electronics', 74.36, 'https://example.com/images/item_499.jpg', 'Used', 'Fake test item 499 in Electronics category.', 'seller34', 'Seller');
INSERT INTO auction (auction_id, item_id, seller_login, seller_role, current_highest_bid, auction_status, winner_login, winner_role) VALUES (499, 499, 'seller34', 'Seller', 0.00, 'Active', NULL, NULL);
INSERT INTO item (item_id, item_name, category, starting_price, image_url, item_condition, description, seller_login, seller_role) VALUES (500, 'Games Item 500', 'Games', 172.26, 'https://example.com/images/item_500.jpg', 'New', 'Fake test item 500 in Games category.', 'seller88', 'Seller');
INSERT INTO auction (auction_id, item_id, seller_login, seller_role, current_highest_bid, auction_status, winner_login, winner_role) VALUES (500, 500, 'seller88', 'Seller', 0.00, 'Active', NULL, NULL);
INSERT INTO item (item_id, item_name, category, starting_price, image_url, item_condition, description, seller_login, seller_role) VALUES (501, 'Sports Item 501', 'Sports', 152.16, 'https://example.com/images/item_501.jpg', 'Like New', 'Fake test item 501 in Sports category.', 'seller64', 'Seller');
INSERT INTO auction (auction_id, item_id, seller_login, seller_role, current_highest_bid, auction_status, winner_login, winner_role) VALUES (501, 501, 'seller64', 'Seller', 418.59, 'Closed', 'buyer63', 'Buyer');
INSERT INTO item (item_id, item_name, category, starting_price, image_url, item_condition, description, seller_login, seller_role) VALUES (502, 'Art Item 502', 'Art', 178.51, 'https://example.com/images/item_502.jpg', 'Fair', 'Fake test item 502 in Art category.', 'seller92', 'Seller');
INSERT INTO auction (auction_id, item_id, seller_login, seller_role, current_highest_bid, auction_status, winner_login, winner_role) VALUES (502, 502, 'seller92', 'Seller', 0.00, 'Active', NULL, NULL);
INSERT INTO item (item_id, item_name, category, starting_price, image_url, item_condition, description, seller_login, seller_role) VALUES (503, 'Home Item 503', 'Home', 343.46, 'https://example.com/images/item_503.jpg', 'New', 'Fake test item 503 in Home category.', 'seller27', 'Seller');
INSERT INTO auction (auction_id, item_id, seller_login, seller_role, current_highest_bid, auction_status, winner_login, winner_role) VALUES (503, 503, 'seller27', 'Seller', 0.00, 'Active', NULL, NULL);
INSERT INTO item (item_id, item_name, category, starting_price, image_url, item_condition, description, seller_login, seller_role) VALUES (504, 'Electronics Item 504', 'Electronics', 450.83, 'https://example.com/images/item_504.jpg', 'Used', 'Fake test item 504 in Electronics category.', 'seller51', 'Seller');
INSERT INTO auction (auction_id, item_id, seller_login, seller_role, current_highest_bid, auction_status, winner_login, winner_role) VALUES (504, 504, 'seller51', 'Seller', 694.40, 'Closed', 'buyer172', 'Buyer');
INSERT INTO item (item_id, item_name, category, starting_price, image_url, item_condition, description, seller_login, seller_role) VALUES (505, 'Electronics Item 505', 'Electronics', 83.59, 'https://example.com/images/item_505.jpg', 'New', 'Fake test item 505 in Electronics category.', 'seller39', 'Seller');
INSERT INTO auction (auction_id, item_id, seller_login, seller_role, current_highest_bid, auction_status, winner_login, winner_role) VALUES (505, 505, 'seller39', 'Seller', 0.00, 'Active', NULL, NULL);
INSERT INTO item (item_id, item_name, category, starting_price, image_url, item_condition, description, seller_login, seller_role) VALUES (506, 'Toys Item 506', 'Toys', 185.76, 'https://example.com/images/item_506.jpg', 'Like New', 'Fake test item 506 in Toys category.', 'seller43', 'Seller');
INSERT INTO auction (auction_id, item_id, seller_login, seller_role, current_highest_bid, auction_status, winner_login, winner_role) VALUES (506, 506, 'seller43', 'Seller', 0.00, 'Active', NULL, NULL);
INSERT INTO item (item_id, item_name, category, starting_price, image_url, item_condition, description, seller_login, seller_role) VALUES (507, 'Books Item 507', 'Books', 483.41, 'https://example.com/images/item_507.jpg', 'Used', 'Fake test item 507 in Books category.', 'seller39', 'Seller');
INSERT INTO auction (auction_id, item_id, seller_login, seller_role, current_highest_bid, auction_status, winner_login, winner_role) VALUES (507, 507, 'seller39', 'Seller', 747.66, 'Closed', 'buyer123', 'Buyer');
INSERT INTO item (item_id, item_name, category, starting_price, image_url, item_condition, description, seller_login, seller_role) VALUES (508, 'Clothing Item 508', 'Clothing', 90.00, 'https://example.com/images/item_508.jpg', 'Like New', 'Fake test item 508 in Clothing category.', 'seller76', 'Seller');
INSERT INTO auction (auction_id, item_id, seller_login, seller_role, current_highest_bid, auction_status, winner_login, winner_role) VALUES (508, 508, 'seller76', 'Seller', 0.00, 'Active', NULL, NULL);
INSERT INTO item (item_id, item_name, category, starting_price, image_url, item_condition, description, seller_login, seller_role) VALUES (509, 'Clothing Item 509', 'Clothing', 66.94, 'https://example.com/images/item_509.jpg', 'Used', 'Fake test item 509 in Clothing category.', 'seller69', 'Seller');
INSERT INTO auction (auction_id, item_id, seller_login, seller_role, current_highest_bid, auction_status, winner_login, winner_role) VALUES (509, 509, 'seller69', 'Seller', 0.00, 'Active', NULL, NULL);
INSERT INTO item (item_id, item_name, category, starting_price, image_url, item_condition, description, seller_login, seller_role) VALUES (510, 'Games Item 510', 'Games', 228.98, 'https://example.com/images/item_510.jpg', 'Used', 'Fake test item 510 in Games category.', 'seller92', 'Seller');
INSERT INTO auction (auction_id, item_id, seller_login, seller_role, current_highest_bid, auction_status, winner_login, winner_role) VALUES (510, 510, 'seller92', 'Seller', 464.43, 'Closed', 'buyer249', 'Buyer');
INSERT INTO item (item_id, item_name, category, starting_price, image_url, item_condition, description, seller_login, seller_role) VALUES (511, 'Art Item 511', 'Art', 415.84, 'https://example.com/images/item_511.jpg', 'Good', 'Fake test item 511 in Art category.', 'seller75', 'Seller');
INSERT INTO auction (auction_id, item_id, seller_login, seller_role, current_highest_bid, auction_status, winner_login, winner_role) VALUES (511, 511, 'seller75', 'Seller', 0.00, 'Active', NULL, NULL);
INSERT INTO item (item_id, item_name, category, starting_price, image_url, item_condition, description, seller_login, seller_role) VALUES (512, 'Art Item 512', 'Art', 377.94, 'https://example.com/images/item_512.jpg', 'Used', 'Fake test item 512 in Art category.', 'seller12', 'Seller');
INSERT INTO auction (auction_id, item_id, seller_login, seller_role, current_highest_bid, auction_status, winner_login, winner_role) VALUES (512, 512, 'seller12', 'Seller', 0.00, 'Active', NULL, NULL);
INSERT INTO item (item_id, item_name, category, starting_price, image_url, item_condition, description, seller_login, seller_role) VALUES (513, 'Clothing Item 513', 'Clothing', 30.30, 'https://example.com/images/item_513.jpg', 'Good', 'Fake test item 513 in Clothing category.', 'seller6', 'Seller');
INSERT INTO auction (auction_id, item_id, seller_login, seller_role, current_highest_bid, auction_status, winner_login, winner_role) VALUES (513, 513, 'seller6', 'Seller', 133.87, 'Closed', 'buyer169', 'Buyer');
INSERT INTO item (item_id, item_name, category, starting_price, image_url, item_condition, description, seller_login, seller_role) VALUES (514, 'Books Item 514', 'Books', 185.48, 'https://example.com/images/item_514.jpg', 'Used', 'Fake test item 514 in Books category.', 'seller28', 'Seller');
INSERT INTO auction (auction_id, item_id, seller_login, seller_role, current_highest_bid, auction_status, winner_login, winner_role) VALUES (514, 514, 'seller28', 'Seller', 0.00, 'Active', NULL, NULL);
INSERT INTO item (item_id, item_name, category, starting_price, image_url, item_condition, description, seller_login, seller_role) VALUES (515, 'Games Item 515', 'Games', 151.51, 'https://example.com/images/item_515.jpg', 'Used', 'Fake test item 515 in Games category.', 'seller5', 'Seller');
INSERT INTO auction (auction_id, item_id, seller_login, seller_role, current_highest_bid, auction_status, winner_login, winner_role) VALUES (515, 515, 'seller5', 'Seller', 0.00, 'Active', NULL, NULL);
INSERT INTO item (item_id, item_name, category, starting_price, image_url, item_condition, description, seller_login, seller_role) VALUES (516, 'Clothing Item 516', 'Clothing', 104.79, 'https://example.com/images/item_516.jpg', 'Fair', 'Fake test item 516 in Clothing category.', 'seller62', 'Seller');
INSERT INTO auction (auction_id, item_id, seller_login, seller_role, current_highest_bid, auction_status, winner_login, winner_role) VALUES (516, 516, 'seller62', 'Seller', 138.28, 'Closed', 'buyer142', 'Buyer');
INSERT INTO item (item_id, item_name, category, starting_price, image_url, item_condition, description, seller_login, seller_role) VALUES (517, 'Clothing Item 517', 'Clothing', 154.45, 'https://example.com/images/item_517.jpg', 'New', 'Fake test item 517 in Clothing category.', 'seller79', 'Seller');
INSERT INTO auction (auction_id, item_id, seller_login, seller_role, current_highest_bid, auction_status, winner_login, winner_role) VALUES (517, 517, 'seller79', 'Seller', 0.00, 'Active', NULL, NULL);
INSERT INTO item (item_id, item_name, category, starting_price, image_url, item_condition, description, seller_login, seller_role) VALUES (518, 'Clothing Item 518', 'Clothing', 165.38, 'https://example.com/images/item_518.jpg', 'Fair', 'Fake test item 518 in Clothing category.', 'seller48', 'Seller');
INSERT INTO auction (auction_id, item_id, seller_login, seller_role, current_highest_bid, auction_status, winner_login, winner_role) VALUES (518, 518, 'seller48', 'Seller', 0.00, 'Active', NULL, NULL);
INSERT INTO item (item_id, item_name, category, starting_price, image_url, item_condition, description, seller_login, seller_role) VALUES (519, 'Electronics Item 519', 'Electronics', 289.55, 'https://example.com/images/item_519.jpg', 'Used', 'Fake test item 519 in Electronics category.', 'seller23', 'Seller');
INSERT INTO auction (auction_id, item_id, seller_login, seller_role, current_highest_bid, auction_status, winner_login, winner_role) VALUES (519, 519, 'seller23', 'Seller', 447.71, 'Closed', 'buyer191', 'Buyer');
INSERT INTO item (item_id, item_name, category, starting_price, image_url, item_condition, description, seller_login, seller_role) VALUES (520, 'Art Item 520', 'Art', 24.94, 'https://example.com/images/item_520.jpg', 'Like New', 'Fake test item 520 in Art category.', 'seller16', 'Seller');
INSERT INTO auction (auction_id, item_id, seller_login, seller_role, current_highest_bid, auction_status, winner_login, winner_role) VALUES (520, 520, 'seller16', 'Seller', 0.00, 'Active', NULL, NULL);
INSERT INTO item (item_id, item_name, category, starting_price, image_url, item_condition, description, seller_login, seller_role) VALUES (521, 'Games Item 521', 'Games', 62.25, 'https://example.com/images/item_521.jpg', 'Fair', 'Fake test item 521 in Games category.', 'seller18', 'Seller');
INSERT INTO auction (auction_id, item_id, seller_login, seller_role, current_highest_bid, auction_status, winner_login, winner_role) VALUES (521, 521, 'seller18', 'Seller', 0.00, 'Active', NULL, NULL);
INSERT INTO item (item_id, item_name, category, starting_price, image_url, item_condition, description, seller_login, seller_role) VALUES (522, 'Games Item 522', 'Games', 64.73, 'https://example.com/images/item_522.jpg', 'Like New', 'Fake test item 522 in Games category.', 'seller24', 'Seller');
INSERT INTO auction (auction_id, item_id, seller_login, seller_role, current_highest_bid, auction_status, winner_login, winner_role) VALUES (522, 522, 'seller24', 'Seller', 79.12, 'Closed', 'buyer86', 'Buyer');
INSERT INTO item (item_id, item_name, category, starting_price, image_url, item_condition, description, seller_login, seller_role) VALUES (523, 'Sports Item 523', 'Sports', 195.02, 'https://example.com/images/item_523.jpg', 'New', 'Fake test item 523 in Sports category.', 'seller90', 'Seller');
INSERT INTO auction (auction_id, item_id, seller_login, seller_role, current_highest_bid, auction_status, winner_login, winner_role) VALUES (523, 523, 'seller90', 'Seller', 0.00, 'Active', NULL, NULL);
INSERT INTO item (item_id, item_name, category, starting_price, image_url, item_condition, description, seller_login, seller_role) VALUES (524, 'Clothing Item 524', 'Clothing', 251.43, 'https://example.com/images/item_524.jpg', 'Fair', 'Fake test item 524 in Clothing category.', 'seller64', 'Seller');
INSERT INTO auction (auction_id, item_id, seller_login, seller_role, current_highest_bid, auction_status, winner_login, winner_role) VALUES (524, 524, 'seller64', 'Seller', 0.00, 'Active', NULL, NULL);
INSERT INTO item (item_id, item_name, category, starting_price, image_url, item_condition, description, seller_login, seller_role) VALUES (525, 'Clothing Item 525', 'Clothing', 146.88, 'https://example.com/images/item_525.jpg', 'Used', 'Fake test item 525 in Clothing category.', 'seller13', 'Seller');
INSERT INTO auction (auction_id, item_id, seller_login, seller_role, current_highest_bid, auction_status, winner_login, winner_role) VALUES (525, 525, 'seller13', 'Seller', 415.22, 'Closed', 'buyer145', 'Buyer');
INSERT INTO item (item_id, item_name, category, starting_price, image_url, item_condition, description, seller_login, seller_role) VALUES (526, 'Art Item 526', 'Art', 294.02, 'https://example.com/images/item_526.jpg', 'Good', 'Fake test item 526 in Art category.', 'seller18', 'Seller');
INSERT INTO auction (auction_id, item_id, seller_login, seller_role, current_highest_bid, auction_status, winner_login, winner_role) VALUES (526, 526, 'seller18', 'Seller', 0.00, 'Active', NULL, NULL);
INSERT INTO item (item_id, item_name, category, starting_price, image_url, item_condition, description, seller_login, seller_role) VALUES (527, 'Electronics Item 527', 'Electronics', 365.04, 'https://example.com/images/item_527.jpg', 'Fair', 'Fake test item 527 in Electronics category.', 'seller25', 'Seller');
INSERT INTO auction (auction_id, item_id, seller_login, seller_role, current_highest_bid, auction_status, winner_login, winner_role) VALUES (527, 527, 'seller25', 'Seller', 0.00, 'Active', NULL, NULL);
INSERT INTO item (item_id, item_name, category, starting_price, image_url, item_condition, description, seller_login, seller_role) VALUES (528, 'Games Item 528', 'Games', 120.75, 'https://example.com/images/item_528.jpg', 'Used', 'Fake test item 528 in Games category.', 'seller80', 'Seller');
INSERT INTO auction (auction_id, item_id, seller_login, seller_role, current_highest_bid, auction_status, winner_login, winner_role) VALUES (528, 528, 'seller80', 'Seller', 207.97, 'Closed', 'buyer344', 'Buyer');
INSERT INTO item (item_id, item_name, category, starting_price, image_url, item_condition, description, seller_login, seller_role) VALUES (529, 'Home Item 529', 'Home', 377.08, 'https://example.com/images/item_529.jpg', 'Used', 'Fake test item 529 in Home category.', 'seller46', 'Seller');
INSERT INTO auction (auction_id, item_id, seller_login, seller_role, current_highest_bid, auction_status, winner_login, winner_role) VALUES (529, 529, 'seller46', 'Seller', 0.00, 'Active', NULL, NULL);
INSERT INTO item (item_id, item_name, category, starting_price, image_url, item_condition, description, seller_login, seller_role) VALUES (530, 'Sports Item 530', 'Sports', 107.26, 'https://example.com/images/item_530.jpg', 'Used', 'Fake test item 530 in Sports category.', 'seller4', 'Seller');
INSERT INTO auction (auction_id, item_id, seller_login, seller_role, current_highest_bid, auction_status, winner_login, winner_role) VALUES (530, 530, 'seller4', 'Seller', 0.00, 'Active', NULL, NULL);
INSERT INTO item (item_id, item_name, category, starting_price, image_url, item_condition, description, seller_login, seller_role) VALUES (531, 'Sports Item 531', 'Sports', 67.56, 'https://example.com/images/item_531.jpg', 'Good', 'Fake test item 531 in Sports category.', 'seller71', 'Seller');
INSERT INTO auction (auction_id, item_id, seller_login, seller_role, current_highest_bid, auction_status, winner_login, winner_role) VALUES (531, 531, 'seller71', 'Seller', 302.09, 'Closed', 'buyer352', 'Buyer');
INSERT INTO item (item_id, item_name, category, starting_price, image_url, item_condition, description, seller_login, seller_role) VALUES (532, 'Clothing Item 532', 'Clothing', 302.80, 'https://example.com/images/item_532.jpg', 'Like New', 'Fake test item 532 in Clothing category.', 'seller78', 'Seller');
INSERT INTO auction (auction_id, item_id, seller_login, seller_role, current_highest_bid, auction_status, winner_login, winner_role) VALUES (532, 532, 'seller78', 'Seller', 0.00, 'Active', NULL, NULL);
INSERT INTO item (item_id, item_name, category, starting_price, image_url, item_condition, description, seller_login, seller_role) VALUES (533, 'Sports Item 533', 'Sports', 344.96, 'https://example.com/images/item_533.jpg', 'Good', 'Fake test item 533 in Sports category.', 'seller91', 'Seller');
INSERT INTO auction (auction_id, item_id, seller_login, seller_role, current_highest_bid, auction_status, winner_login, winner_role) VALUES (533, 533, 'seller91', 'Seller', 0.00, 'Active', NULL, NULL);
INSERT INTO item (item_id, item_name, category, starting_price, image_url, item_condition, description, seller_login, seller_role) VALUES (534, 'Games Item 534', 'Games', 456.10, 'https://example.com/images/item_534.jpg', 'New', 'Fake test item 534 in Games category.', 'seller88', 'Seller');
INSERT INTO auction (auction_id, item_id, seller_login, seller_role, current_highest_bid, auction_status, winner_login, winner_role) VALUES (534, 534, 'seller88', 'Seller', 538.75, 'Closed', 'buyer330', 'Buyer');
INSERT INTO item (item_id, item_name, category, starting_price, image_url, item_condition, description, seller_login, seller_role) VALUES (535, 'Books Item 535', 'Books', 403.86, 'https://example.com/images/item_535.jpg', 'Good', 'Fake test item 535 in Books category.', 'seller66', 'Seller');
INSERT INTO auction (auction_id, item_id, seller_login, seller_role, current_highest_bid, auction_status, winner_login, winner_role) VALUES (535, 535, 'seller66', 'Seller', 0.00, 'Active', NULL, NULL);
INSERT INTO item (item_id, item_name, category, starting_price, image_url, item_condition, description, seller_login, seller_role) VALUES (536, 'Games Item 536', 'Games', 362.20, 'https://example.com/images/item_536.jpg', 'Fair', 'Fake test item 536 in Games category.', 'seller22', 'Seller');
INSERT INTO auction (auction_id, item_id, seller_login, seller_role, current_highest_bid, auction_status, winner_login, winner_role) VALUES (536, 536, 'seller22', 'Seller', 0.00, 'Active', NULL, NULL);
INSERT INTO item (item_id, item_name, category, starting_price, image_url, item_condition, description, seller_login, seller_role) VALUES (537, 'Home Item 537', 'Home', 319.80, 'https://example.com/images/item_537.jpg', 'Good', 'Fake test item 537 in Home category.', 'seller21', 'Seller');
INSERT INTO auction (auction_id, item_id, seller_login, seller_role, current_highest_bid, auction_status, winner_login, winner_role) VALUES (537, 537, 'seller21', 'Seller', 619.40, 'Closed', 'buyer98', 'Buyer');
INSERT INTO item (item_id, item_name, category, starting_price, image_url, item_condition, description, seller_login, seller_role) VALUES (538, 'Electronics Item 538', 'Electronics', 162.95, 'https://example.com/images/item_538.jpg', 'Good', 'Fake test item 538 in Electronics category.', 'seller75', 'Seller');
INSERT INTO auction (auction_id, item_id, seller_login, seller_role, current_highest_bid, auction_status, winner_login, winner_role) VALUES (538, 538, 'seller75', 'Seller', 0.00, 'Active', NULL, NULL);
INSERT INTO item (item_id, item_name, category, starting_price, image_url, item_condition, description, seller_login, seller_role) VALUES (539, 'Clothing Item 539', 'Clothing', 106.15, 'https://example.com/images/item_539.jpg', 'Used', 'Fake test item 539 in Clothing category.', 'seller62', 'Seller');
INSERT INTO auction (auction_id, item_id, seller_login, seller_role, current_highest_bid, auction_status, winner_login, winner_role) VALUES (539, 539, 'seller62', 'Seller', 0.00, 'Active', NULL, NULL);
INSERT INTO item (item_id, item_name, category, starting_price, image_url, item_condition, description, seller_login, seller_role) VALUES (540, 'Clothing Item 540', 'Clothing', 355.42, 'https://example.com/images/item_540.jpg', 'Like New', 'Fake test item 540 in Clothing category.', 'seller5', 'Seller');
INSERT INTO auction (auction_id, item_id, seller_login, seller_role, current_highest_bid, auction_status, winner_login, winner_role) VALUES (540, 540, 'seller5', 'Seller', 654.02, 'Closed', 'buyer288', 'Buyer');
INSERT INTO item (item_id, item_name, category, starting_price, image_url, item_condition, description, seller_login, seller_role) VALUES (541, 'Home Item 541', 'Home', 158.57, 'https://example.com/images/item_541.jpg', 'Fair', 'Fake test item 541 in Home category.', 'seller77', 'Seller');
INSERT INTO auction (auction_id, item_id, seller_login, seller_role, current_highest_bid, auction_status, winner_login, winner_role) VALUES (541, 541, 'seller77', 'Seller', 0.00, 'Active', NULL, NULL);
INSERT INTO item (item_id, item_name, category, starting_price, image_url, item_condition, description, seller_login, seller_role) VALUES (542, 'Books Item 542', 'Books', 408.99, 'https://example.com/images/item_542.jpg', 'Like New', 'Fake test item 542 in Books category.', 'seller20', 'Seller');
INSERT INTO auction (auction_id, item_id, seller_login, seller_role, current_highest_bid, auction_status, winner_login, winner_role) VALUES (542, 542, 'seller20', 'Seller', 0.00, 'Active', NULL, NULL);
INSERT INTO item (item_id, item_name, category, starting_price, image_url, item_condition, description, seller_login, seller_role) VALUES (543, 'Toys Item 543', 'Toys', 403.90, 'https://example.com/images/item_543.jpg', 'Like New', 'Fake test item 543 in Toys category.', 'seller99', 'Seller');
INSERT INTO auction (auction_id, item_id, seller_login, seller_role, current_highest_bid, auction_status, winner_login, winner_role) VALUES (543, 543, 'seller99', 'Seller', 586.21, 'Closed', 'buyer201', 'Buyer');
INSERT INTO item (item_id, item_name, category, starting_price, image_url, item_condition, description, seller_login, seller_role) VALUES (544, 'Electronics Item 544', 'Electronics', 263.57, 'https://example.com/images/item_544.jpg', 'Good', 'Fake test item 544 in Electronics category.', 'seller47', 'Seller');
INSERT INTO auction (auction_id, item_id, seller_login, seller_role, current_highest_bid, auction_status, winner_login, winner_role) VALUES (544, 544, 'seller47', 'Seller', 0.00, 'Active', NULL, NULL);
INSERT INTO item (item_id, item_name, category, starting_price, image_url, item_condition, description, seller_login, seller_role) VALUES (545, 'Sports Item 545', 'Sports', 444.86, 'https://example.com/images/item_545.jpg', 'Good', 'Fake test item 545 in Sports category.', 'seller2', 'Seller');
INSERT INTO auction (auction_id, item_id, seller_login, seller_role, current_highest_bid, auction_status, winner_login, winner_role) VALUES (545, 545, 'seller2', 'Seller', 0.00, 'Active', NULL, NULL);
INSERT INTO item (item_id, item_name, category, starting_price, image_url, item_condition, description, seller_login, seller_role) VALUES (546, 'Home Item 546', 'Home', 249.45, 'https://example.com/images/item_546.jpg', 'Used', 'Fake test item 546 in Home category.', 'seller79', 'Seller');
INSERT INTO auction (auction_id, item_id, seller_login, seller_role, current_highest_bid, auction_status, winner_login, winner_role) VALUES (546, 546, 'seller79', 'Seller', 460.98, 'Closed', 'buyer322', 'Buyer');
INSERT INTO item (item_id, item_name, category, starting_price, image_url, item_condition, description, seller_login, seller_role) VALUES (547, 'Art Item 547', 'Art', 198.83, 'https://example.com/images/item_547.jpg', 'New', 'Fake test item 547 in Art category.', 'seller57', 'Seller');
INSERT INTO auction (auction_id, item_id, seller_login, seller_role, current_highest_bid, auction_status, winner_login, winner_role) VALUES (547, 547, 'seller57', 'Seller', 0.00, 'Active', NULL, NULL);
INSERT INTO item (item_id, item_name, category, starting_price, image_url, item_condition, description, seller_login, seller_role) VALUES (548, 'Toys Item 548', 'Toys', 345.67, 'https://example.com/images/item_548.jpg', 'Good', 'Fake test item 548 in Toys category.', 'seller61', 'Seller');
INSERT INTO auction (auction_id, item_id, seller_login, seller_role, current_highest_bid, auction_status, winner_login, winner_role) VALUES (548, 548, 'seller61', 'Seller', 0.00, 'Active', NULL, NULL);
INSERT INTO item (item_id, item_name, category, starting_price, image_url, item_condition, description, seller_login, seller_role) VALUES (549, 'Electronics Item 549', 'Electronics', 5.36, 'https://example.com/images/item_549.jpg', 'New', 'Fake test item 549 in Electronics category.', 'seller14', 'Seller');
INSERT INTO auction (auction_id, item_id, seller_login, seller_role, current_highest_bid, auction_status, winner_login, winner_role) VALUES (549, 549, 'seller14', 'Seller', 246.23, 'Closed', 'buyer362', 'Buyer');
INSERT INTO item (item_id, item_name, category, starting_price, image_url, item_condition, description, seller_login, seller_role) VALUES (550, 'Toys Item 550', 'Toys', 475.88, 'https://example.com/images/item_550.jpg', 'Used', 'Fake test item 550 in Toys category.', 'seller9', 'Seller');
INSERT INTO auction (auction_id, item_id, seller_login, seller_role, current_highest_bid, auction_status, winner_login, winner_role) VALUES (550, 550, 'seller9', 'Seller', 0.00, 'Active', NULL, NULL);
INSERT INTO item (item_id, item_name, category, starting_price, image_url, item_condition, description, seller_login, seller_role) VALUES (551, 'Home Item 551', 'Home', 478.40, 'https://example.com/images/item_551.jpg', 'Good', 'Fake test item 551 in Home category.', 'seller23', 'Seller');
INSERT INTO auction (auction_id, item_id, seller_login, seller_role, current_highest_bid, auction_status, winner_login, winner_role) VALUES (551, 551, 'seller23', 'Seller', 0.00, 'Active', NULL, NULL);
INSERT INTO item (item_id, item_name, category, starting_price, image_url, item_condition, description, seller_login, seller_role) VALUES (552, 'Clothing Item 552', 'Clothing', 53.53, 'https://example.com/images/item_552.jpg', 'New', 'Fake test item 552 in Clothing category.', 'seller76', 'Seller');
INSERT INTO auction (auction_id, item_id, seller_login, seller_role, current_highest_bid, auction_status, winner_login, winner_role) VALUES (552, 552, 'seller76', 'Seller', 210.10, 'Closed', 'buyer364', 'Buyer');
INSERT INTO item (item_id, item_name, category, starting_price, image_url, item_condition, description, seller_login, seller_role) VALUES (553, 'Art Item 553', 'Art', 475.27, 'https://example.com/images/item_553.jpg', 'Good', 'Fake test item 553 in Art category.', 'seller74', 'Seller');
INSERT INTO auction (auction_id, item_id, seller_login, seller_role, current_highest_bid, auction_status, winner_login, winner_role) VALUES (553, 553, 'seller74', 'Seller', 0.00, 'Active', NULL, NULL);
INSERT INTO item (item_id, item_name, category, starting_price, image_url, item_condition, description, seller_login, seller_role) VALUES (554, 'Books Item 554', 'Books', 196.61, 'https://example.com/images/item_554.jpg', 'Fair', 'Fake test item 554 in Books category.', 'seller82', 'Seller');
INSERT INTO auction (auction_id, item_id, seller_login, seller_role, current_highest_bid, auction_status, winner_login, winner_role) VALUES (554, 554, 'seller82', 'Seller', 0.00, 'Active', NULL, NULL);
INSERT INTO item (item_id, item_name, category, starting_price, image_url, item_condition, description, seller_login, seller_role) VALUES (555, 'Games Item 555', 'Games', 344.94, 'https://example.com/images/item_555.jpg', 'New', 'Fake test item 555 in Games category.', 'seller8', 'Seller');
INSERT INTO auction (auction_id, item_id, seller_login, seller_role, current_highest_bid, auction_status, winner_login, winner_role) VALUES (555, 555, 'seller8', 'Seller', 462.77, 'Closed', 'buyer305', 'Buyer');
INSERT INTO item (item_id, item_name, category, starting_price, image_url, item_condition, description, seller_login, seller_role) VALUES (556, 'Sports Item 556', 'Sports', 55.69, 'https://example.com/images/item_556.jpg', 'Good', 'Fake test item 556 in Sports category.', 'seller48', 'Seller');
INSERT INTO auction (auction_id, item_id, seller_login, seller_role, current_highest_bid, auction_status, winner_login, winner_role) VALUES (556, 556, 'seller48', 'Seller', 0.00, 'Active', NULL, NULL);
INSERT INTO item (item_id, item_name, category, starting_price, image_url, item_condition, description, seller_login, seller_role) VALUES (557, 'Art Item 557', 'Art', 79.26, 'https://example.com/images/item_557.jpg', 'Used', 'Fake test item 557 in Art category.', 'seller37', 'Seller');
INSERT INTO auction (auction_id, item_id, seller_login, seller_role, current_highest_bid, auction_status, winner_login, winner_role) VALUES (557, 557, 'seller37', 'Seller', 0.00, 'Active', NULL, NULL);
INSERT INTO item (item_id, item_name, category, starting_price, image_url, item_condition, description, seller_login, seller_role) VALUES (558, 'Games Item 558', 'Games', 387.43, 'https://example.com/images/item_558.jpg', 'Used', 'Fake test item 558 in Games category.', 'seller62', 'Seller');
INSERT INTO auction (auction_id, item_id, seller_login, seller_role, current_highest_bid, auction_status, winner_login, winner_role) VALUES (558, 558, 'seller62', 'Seller', 430.89, 'Closed', 'buyer339', 'Buyer');
INSERT INTO item (item_id, item_name, category, starting_price, image_url, item_condition, description, seller_login, seller_role) VALUES (559, 'Toys Item 559', 'Toys', 281.86, 'https://example.com/images/item_559.jpg', 'New', 'Fake test item 559 in Toys category.', 'seller70', 'Seller');
INSERT INTO auction (auction_id, item_id, seller_login, seller_role, current_highest_bid, auction_status, winner_login, winner_role) VALUES (559, 559, 'seller70', 'Seller', 0.00, 'Active', NULL, NULL);
INSERT INTO item (item_id, item_name, category, starting_price, image_url, item_condition, description, seller_login, seller_role) VALUES (560, 'Home Item 560', 'Home', 55.01, 'https://example.com/images/item_560.jpg', 'Fair', 'Fake test item 560 in Home category.', 'seller1', 'Seller');
INSERT INTO auction (auction_id, item_id, seller_login, seller_role, current_highest_bid, auction_status, winner_login, winner_role) VALUES (560, 560, 'seller1', 'Seller', 0.00, 'Active', NULL, NULL);
INSERT INTO item (item_id, item_name, category, starting_price, image_url, item_condition, description, seller_login, seller_role) VALUES (561, 'Books Item 561', 'Books', 466.60, 'https://example.com/images/item_561.jpg', 'New', 'Fake test item 561 in Books category.', 'seller65', 'Seller');
INSERT INTO auction (auction_id, item_id, seller_login, seller_role, current_highest_bid, auction_status, winner_login, winner_role) VALUES (561, 561, 'seller65', 'Seller', 619.35, 'Closed', 'buyer203', 'Buyer');
INSERT INTO item (item_id, item_name, category, starting_price, image_url, item_condition, description, seller_login, seller_role) VALUES (562, 'Home Item 562', 'Home', 32.01, 'https://example.com/images/item_562.jpg', 'New', 'Fake test item 562 in Home category.', 'seller66', 'Seller');
INSERT INTO auction (auction_id, item_id, seller_login, seller_role, current_highest_bid, auction_status, winner_login, winner_role) VALUES (562, 562, 'seller66', 'Seller', 0.00, 'Active', NULL, NULL);
INSERT INTO item (item_id, item_name, category, starting_price, image_url, item_condition, description, seller_login, seller_role) VALUES (563, 'Games Item 563', 'Games', 348.88, 'https://example.com/images/item_563.jpg', 'New', 'Fake test item 563 in Games category.', 'seller61', 'Seller');
INSERT INTO auction (auction_id, item_id, seller_login, seller_role, current_highest_bid, auction_status, winner_login, winner_role) VALUES (563, 563, 'seller61', 'Seller', 0.00, 'Active', NULL, NULL);
INSERT INTO item (item_id, item_name, category, starting_price, image_url, item_condition, description, seller_login, seller_role) VALUES (564, 'Games Item 564', 'Games', 135.45, 'https://example.com/images/item_564.jpg', 'Good', 'Fake test item 564 in Games category.', 'seller67', 'Seller');
INSERT INTO auction (auction_id, item_id, seller_login, seller_role, current_highest_bid, auction_status, winner_login, winner_role) VALUES (564, 564, 'seller67', 'Seller', 187.17, 'Closed', 'buyer150', 'Buyer');
INSERT INTO item (item_id, item_name, category, starting_price, image_url, item_condition, description, seller_login, seller_role) VALUES (565, 'Toys Item 565', 'Toys', 296.60, 'https://example.com/images/item_565.jpg', 'Good', 'Fake test item 565 in Toys category.', 'seller58', 'Seller');
INSERT INTO auction (auction_id, item_id, seller_login, seller_role, current_highest_bid, auction_status, winner_login, winner_role) VALUES (565, 565, 'seller58', 'Seller', 0.00, 'Active', NULL, NULL);
INSERT INTO item (item_id, item_name, category, starting_price, image_url, item_condition, description, seller_login, seller_role) VALUES (566, 'Books Item 566', 'Books', 263.94, 'https://example.com/images/item_566.jpg', 'New', 'Fake test item 566 in Books category.', 'seller20', 'Seller');
INSERT INTO auction (auction_id, item_id, seller_login, seller_role, current_highest_bid, auction_status, winner_login, winner_role) VALUES (566, 566, 'seller20', 'Seller', 0.00, 'Active', NULL, NULL);
INSERT INTO item (item_id, item_name, category, starting_price, image_url, item_condition, description, seller_login, seller_role) VALUES (567, 'Clothing Item 567', 'Clothing', 435.48, 'https://example.com/images/item_567.jpg', 'Like New', 'Fake test item 567 in Clothing category.', 'seller4', 'Seller');
INSERT INTO auction (auction_id, item_id, seller_login, seller_role, current_highest_bid, auction_status, winner_login, winner_role) VALUES (567, 567, 'seller4', 'Seller', 597.33, 'Closed', 'buyer296', 'Buyer');
INSERT INTO item (item_id, item_name, category, starting_price, image_url, item_condition, description, seller_login, seller_role) VALUES (568, 'Art Item 568', 'Art', 296.78, 'https://example.com/images/item_568.jpg', 'Good', 'Fake test item 568 in Art category.', 'seller5', 'Seller');
INSERT INTO auction (auction_id, item_id, seller_login, seller_role, current_highest_bid, auction_status, winner_login, winner_role) VALUES (568, 568, 'seller5', 'Seller', 0.00, 'Active', NULL, NULL);
INSERT INTO item (item_id, item_name, category, starting_price, image_url, item_condition, description, seller_login, seller_role) VALUES (569, 'Games Item 569', 'Games', 137.62, 'https://example.com/images/item_569.jpg', 'Good', 'Fake test item 569 in Games category.', 'seller37', 'Seller');
INSERT INTO auction (auction_id, item_id, seller_login, seller_role, current_highest_bid, auction_status, winner_login, winner_role) VALUES (569, 569, 'seller37', 'Seller', 0.00, 'Active', NULL, NULL);
INSERT INTO item (item_id, item_name, category, starting_price, image_url, item_condition, description, seller_login, seller_role) VALUES (570, 'Sports Item 570', 'Sports', 295.86, 'https://example.com/images/item_570.jpg', 'Like New', 'Fake test item 570 in Sports category.', 'seller56', 'Seller');
INSERT INTO auction (auction_id, item_id, seller_login, seller_role, current_highest_bid, auction_status, winner_login, winner_role) VALUES (570, 570, 'seller56', 'Seller', 336.75, 'Closed', 'buyer83', 'Buyer');
INSERT INTO item (item_id, item_name, category, starting_price, image_url, item_condition, description, seller_login, seller_role) VALUES (571, 'Sports Item 571', 'Sports', 193.21, 'https://example.com/images/item_571.jpg', 'New', 'Fake test item 571 in Sports category.', 'seller74', 'Seller');
INSERT INTO auction (auction_id, item_id, seller_login, seller_role, current_highest_bid, auction_status, winner_login, winner_role) VALUES (571, 571, 'seller74', 'Seller', 0.00, 'Active', NULL, NULL);
INSERT INTO item (item_id, item_name, category, starting_price, image_url, item_condition, description, seller_login, seller_role) VALUES (572, 'Toys Item 572', 'Toys', 289.27, 'https://example.com/images/item_572.jpg', 'Used', 'Fake test item 572 in Toys category.', 'seller2', 'Seller');
INSERT INTO auction (auction_id, item_id, seller_login, seller_role, current_highest_bid, auction_status, winner_login, winner_role) VALUES (572, 572, 'seller2', 'Seller', 0.00, 'Active', NULL, NULL);
INSERT INTO item (item_id, item_name, category, starting_price, image_url, item_condition, description, seller_login, seller_role) VALUES (573, 'Games Item 573', 'Games', 201.89, 'https://example.com/images/item_573.jpg', 'Good', 'Fake test item 573 in Games category.', 'seller18', 'Seller');
INSERT INTO auction (auction_id, item_id, seller_login, seller_role, current_highest_bid, auction_status, winner_login, winner_role) VALUES (573, 573, 'seller18', 'Seller', 213.18, 'Closed', 'buyer172', 'Buyer');
INSERT INTO item (item_id, item_name, category, starting_price, image_url, item_condition, description, seller_login, seller_role) VALUES (574, 'Books Item 574', 'Books', 279.34, 'https://example.com/images/item_574.jpg', 'Like New', 'Fake test item 574 in Books category.', 'seller48', 'Seller');
INSERT INTO auction (auction_id, item_id, seller_login, seller_role, current_highest_bid, auction_status, winner_login, winner_role) VALUES (574, 574, 'seller48', 'Seller', 0.00, 'Active', NULL, NULL);
INSERT INTO item (item_id, item_name, category, starting_price, image_url, item_condition, description, seller_login, seller_role) VALUES (575, 'Sports Item 575', 'Sports', 100.87, 'https://example.com/images/item_575.jpg', 'Used', 'Fake test item 575 in Sports category.', 'seller31', 'Seller');
INSERT INTO auction (auction_id, item_id, seller_login, seller_role, current_highest_bid, auction_status, winner_login, winner_role) VALUES (575, 575, 'seller31', 'Seller', 0.00, 'Active', NULL, NULL);
INSERT INTO item (item_id, item_name, category, starting_price, image_url, item_condition, description, seller_login, seller_role) VALUES (576, 'Books Item 576', 'Books', 396.56, 'https://example.com/images/item_576.jpg', 'Fair', 'Fake test item 576 in Books category.', 'seller11', 'Seller');
INSERT INTO auction (auction_id, item_id, seller_login, seller_role, current_highest_bid, auction_status, winner_login, winner_role) VALUES (576, 576, 'seller11', 'Seller', 562.83, 'Closed', 'buyer207', 'Buyer');
INSERT INTO item (item_id, item_name, category, starting_price, image_url, item_condition, description, seller_login, seller_role) VALUES (577, 'Electronics Item 577', 'Electronics', 233.76, 'https://example.com/images/item_577.jpg', 'Like New', 'Fake test item 577 in Electronics category.', 'seller41', 'Seller');
INSERT INTO auction (auction_id, item_id, seller_login, seller_role, current_highest_bid, auction_status, winner_login, winner_role) VALUES (577, 577, 'seller41', 'Seller', 0.00, 'Active', NULL, NULL);
INSERT INTO item (item_id, item_name, category, starting_price, image_url, item_condition, description, seller_login, seller_role) VALUES (578, 'Electronics Item 578', 'Electronics', 195.61, 'https://example.com/images/item_578.jpg', 'Fair', 'Fake test item 578 in Electronics category.', 'seller99', 'Seller');
INSERT INTO auction (auction_id, item_id, seller_login, seller_role, current_highest_bid, auction_status, winner_login, winner_role) VALUES (578, 578, 'seller99', 'Seller', 0.00, 'Active', NULL, NULL);
INSERT INTO item (item_id, item_name, category, starting_price, image_url, item_condition, description, seller_login, seller_role) VALUES (579, 'Games Item 579', 'Games', 453.27, 'https://example.com/images/item_579.jpg', 'New', 'Fake test item 579 in Games category.', 'seller71', 'Seller');
INSERT INTO auction (auction_id, item_id, seller_login, seller_role, current_highest_bid, auction_status, winner_login, winner_role) VALUES (579, 579, 'seller71', 'Seller', 507.57, 'Closed', 'buyer7', 'Buyer');
INSERT INTO item (item_id, item_name, category, starting_price, image_url, item_condition, description, seller_login, seller_role) VALUES (580, 'Sports Item 580', 'Sports', 174.22, 'https://example.com/images/item_580.jpg', 'Used', 'Fake test item 580 in Sports category.', 'seller18', 'Seller');
INSERT INTO auction (auction_id, item_id, seller_login, seller_role, current_highest_bid, auction_status, winner_login, winner_role) VALUES (580, 580, 'seller18', 'Seller', 0.00, 'Active', NULL, NULL);
INSERT INTO item (item_id, item_name, category, starting_price, image_url, item_condition, description, seller_login, seller_role) VALUES (581, 'Electronics Item 581', 'Electronics', 479.80, 'https://example.com/images/item_581.jpg', 'New', 'Fake test item 581 in Electronics category.', 'seller7', 'Seller');
INSERT INTO auction (auction_id, item_id, seller_login, seller_role, current_highest_bid, auction_status, winner_login, winner_role) VALUES (581, 581, 'seller7', 'Seller', 0.00, 'Active', NULL, NULL);
INSERT INTO item (item_id, item_name, category, starting_price, image_url, item_condition, description, seller_login, seller_role) VALUES (582, 'Electronics Item 582', 'Electronics', 204.02, 'https://example.com/images/item_582.jpg', 'Fair', 'Fake test item 582 in Electronics category.', 'seller4', 'Seller');
INSERT INTO auction (auction_id, item_id, seller_login, seller_role, current_highest_bid, auction_status, winner_login, winner_role) VALUES (582, 582, 'seller4', 'Seller', 493.78, 'Closed', 'buyer114', 'Buyer');
INSERT INTO item (item_id, item_name, category, starting_price, image_url, item_condition, description, seller_login, seller_role) VALUES (583, 'Books Item 583', 'Books', 330.60, 'https://example.com/images/item_583.jpg', 'New', 'Fake test item 583 in Books category.', 'seller89', 'Seller');
INSERT INTO auction (auction_id, item_id, seller_login, seller_role, current_highest_bid, auction_status, winner_login, winner_role) VALUES (583, 583, 'seller89', 'Seller', 0.00, 'Active', NULL, NULL);
INSERT INTO item (item_id, item_name, category, starting_price, image_url, item_condition, description, seller_login, seller_role) VALUES (584, 'Clothing Item 584', 'Clothing', 375.42, 'https://example.com/images/item_584.jpg', 'New', 'Fake test item 584 in Clothing category.', 'seller41', 'Seller');
INSERT INTO auction (auction_id, item_id, seller_login, seller_role, current_highest_bid, auction_status, winner_login, winner_role) VALUES (584, 584, 'seller41', 'Seller', 0.00, 'Active', NULL, NULL);
INSERT INTO item (item_id, item_name, category, starting_price, image_url, item_condition, description, seller_login, seller_role) VALUES (585, 'Electronics Item 585', 'Electronics', 9.02, 'https://example.com/images/item_585.jpg', 'Fair', 'Fake test item 585 in Electronics category.', 'seller80', 'Seller');
INSERT INTO auction (auction_id, item_id, seller_login, seller_role, current_highest_bid, auction_status, winner_login, winner_role) VALUES (585, 585, 'seller80', 'Seller', 52.41, 'Closed', 'buyer258', 'Buyer');
INSERT INTO item (item_id, item_name, category, starting_price, image_url, item_condition, description, seller_login, seller_role) VALUES (586, 'Games Item 586', 'Games', 343.39, 'https://example.com/images/item_586.jpg', 'New', 'Fake test item 586 in Games category.', 'seller50', 'Seller');
INSERT INTO auction (auction_id, item_id, seller_login, seller_role, current_highest_bid, auction_status, winner_login, winner_role) VALUES (586, 586, 'seller50', 'Seller', 0.00, 'Active', NULL, NULL);
INSERT INTO item (item_id, item_name, category, starting_price, image_url, item_condition, description, seller_login, seller_role) VALUES (587, 'Games Item 587', 'Games', 178.34, 'https://example.com/images/item_587.jpg', 'Fair', 'Fake test item 587 in Games category.', 'seller9', 'Seller');
INSERT INTO auction (auction_id, item_id, seller_login, seller_role, current_highest_bid, auction_status, winner_login, winner_role) VALUES (587, 587, 'seller9', 'Seller', 0.00, 'Active', NULL, NULL);
INSERT INTO item (item_id, item_name, category, starting_price, image_url, item_condition, description, seller_login, seller_role) VALUES (588, 'Clothing Item 588', 'Clothing', 76.43, 'https://example.com/images/item_588.jpg', 'Like New', 'Fake test item 588 in Clothing category.', 'seller16', 'Seller');
INSERT INTO auction (auction_id, item_id, seller_login, seller_role, current_highest_bid, auction_status, winner_login, winner_role) VALUES (588, 588, 'seller16', 'Seller', 311.44, 'Closed', 'buyer367', 'Buyer');
INSERT INTO item (item_id, item_name, category, starting_price, image_url, item_condition, description, seller_login, seller_role) VALUES (589, 'Games Item 589', 'Games', 462.99, 'https://example.com/images/item_589.jpg', 'New', 'Fake test item 589 in Games category.', 'seller8', 'Seller');
INSERT INTO auction (auction_id, item_id, seller_login, seller_role, current_highest_bid, auction_status, winner_login, winner_role) VALUES (589, 589, 'seller8', 'Seller', 0.00, 'Active', NULL, NULL);
INSERT INTO item (item_id, item_name, category, starting_price, image_url, item_condition, description, seller_login, seller_role) VALUES (590, 'Books Item 590', 'Books', 210.21, 'https://example.com/images/item_590.jpg', 'Fair', 'Fake test item 590 in Books category.', 'seller81', 'Seller');
INSERT INTO auction (auction_id, item_id, seller_login, seller_role, current_highest_bid, auction_status, winner_login, winner_role) VALUES (590, 590, 'seller81', 'Seller', 0.00, 'Active', NULL, NULL);
INSERT INTO item (item_id, item_name, category, starting_price, image_url, item_condition, description, seller_login, seller_role) VALUES (591, 'Books Item 591', 'Books', 228.43, 'https://example.com/images/item_591.jpg', 'Fair', 'Fake test item 591 in Books category.', 'seller47', 'Seller');
INSERT INTO auction (auction_id, item_id, seller_login, seller_role, current_highest_bid, auction_status, winner_login, winner_role) VALUES (591, 591, 'seller47', 'Seller', 496.41, 'Closed', 'buyer80', 'Buyer');
INSERT INTO item (item_id, item_name, category, starting_price, image_url, item_condition, description, seller_login, seller_role) VALUES (592, 'Electronics Item 592', 'Electronics', 33.91, 'https://example.com/images/item_592.jpg', 'Good', 'Fake test item 592 in Electronics category.', 'seller14', 'Seller');
INSERT INTO auction (auction_id, item_id, seller_login, seller_role, current_highest_bid, auction_status, winner_login, winner_role) VALUES (592, 592, 'seller14', 'Seller', 0.00, 'Active', NULL, NULL);
INSERT INTO item (item_id, item_name, category, starting_price, image_url, item_condition, description, seller_login, seller_role) VALUES (593, 'Home Item 593', 'Home', 422.60, 'https://example.com/images/item_593.jpg', 'New', 'Fake test item 593 in Home category.', 'seller53', 'Seller');
INSERT INTO auction (auction_id, item_id, seller_login, seller_role, current_highest_bid, auction_status, winner_login, winner_role) VALUES (593, 593, 'seller53', 'Seller', 0.00, 'Active', NULL, NULL);
INSERT INTO item (item_id, item_name, category, starting_price, image_url, item_condition, description, seller_login, seller_role) VALUES (594, 'Electronics Item 594', 'Electronics', 494.73, 'https://example.com/images/item_594.jpg', 'New', 'Fake test item 594 in Electronics category.', 'seller92', 'Seller');
INSERT INTO auction (auction_id, item_id, seller_login, seller_role, current_highest_bid, auction_status, winner_login, winner_role) VALUES (594, 594, 'seller92', 'Seller', 559.13, 'Closed', 'buyer201', 'Buyer');
INSERT INTO item (item_id, item_name, category, starting_price, image_url, item_condition, description, seller_login, seller_role) VALUES (595, 'Clothing Item 595', 'Clothing', 20.05, 'https://example.com/images/item_595.jpg', 'New', 'Fake test item 595 in Clothing category.', 'seller95', 'Seller');
INSERT INTO auction (auction_id, item_id, seller_login, seller_role, current_highest_bid, auction_status, winner_login, winner_role) VALUES (595, 595, 'seller95', 'Seller', 0.00, 'Active', NULL, NULL);
INSERT INTO item (item_id, item_name, category, starting_price, image_url, item_condition, description, seller_login, seller_role) VALUES (596, 'Books Item 596', 'Books', 415.74, 'https://example.com/images/item_596.jpg', 'Good', 'Fake test item 596 in Books category.', 'seller91', 'Seller');
INSERT INTO auction (auction_id, item_id, seller_login, seller_role, current_highest_bid, auction_status, winner_login, winner_role) VALUES (596, 596, 'seller91', 'Seller', 0.00, 'Active', NULL, NULL);
INSERT INTO item (item_id, item_name, category, starting_price, image_url, item_condition, description, seller_login, seller_role) VALUES (597, 'Clothing Item 597', 'Clothing', 44.54, 'https://example.com/images/item_597.jpg', 'Fair', 'Fake test item 597 in Clothing category.', 'seller63', 'Seller');
INSERT INTO auction (auction_id, item_id, seller_login, seller_role, current_highest_bid, auction_status, winner_login, winner_role) VALUES (597, 597, 'seller63', 'Seller', 269.39, 'Closed', 'buyer88', 'Buyer');
INSERT INTO item (item_id, item_name, category, starting_price, image_url, item_condition, description, seller_login, seller_role) VALUES (598, 'Home Item 598', 'Home', 21.78, 'https://example.com/images/item_598.jpg', 'Fair', 'Fake test item 598 in Home category.', 'seller91', 'Seller');
INSERT INTO auction (auction_id, item_id, seller_login, seller_role, current_highest_bid, auction_status, winner_login, winner_role) VALUES (598, 598, 'seller91', 'Seller', 0.00, 'Active', NULL, NULL);
INSERT INTO item (item_id, item_name, category, starting_price, image_url, item_condition, description, seller_login, seller_role) VALUES (599, 'Electronics Item 599', 'Electronics', 81.98, 'https://example.com/images/item_599.jpg', 'Used', 'Fake test item 599 in Electronics category.', 'seller61', 'Seller');
INSERT INTO auction (auction_id, item_id, seller_login, seller_role, current_highest_bid, auction_status, winner_login, winner_role) VALUES (599, 599, 'seller61', 'Seller', 0.00, 'Active', NULL, NULL);
INSERT INTO item (item_id, item_name, category, starting_price, image_url, item_condition, description, seller_login, seller_role) VALUES (600, 'Electronics Item 600', 'Electronics', 447.21, 'https://example.com/images/item_600.jpg', 'New', 'Fake test item 600 in Electronics category.', 'seller81', 'Seller');
INSERT INTO auction (auction_id, item_id, seller_login, seller_role, current_highest_bid, auction_status, winner_login, winner_role) VALUES (600, 600, 'seller81', 'Seller', 585.10, 'Closed', 'buyer23', 'Buyer');
INSERT INTO item (item_id, item_name, category, starting_price, image_url, item_condition, description, seller_login, seller_role) VALUES (601, 'Art Item 601', 'Art', 175.85, 'https://example.com/images/item_601.jpg', 'Fair', 'Fake test item 601 in Art category.', 'seller74', 'Seller');
INSERT INTO auction (auction_id, item_id, seller_login, seller_role, current_highest_bid, auction_status, winner_login, winner_role) VALUES (601, 601, 'seller74', 'Seller', 0.00, 'Active', NULL, NULL);
INSERT INTO item (item_id, item_name, category, starting_price, image_url, item_condition, description, seller_login, seller_role) VALUES (602, 'Home Item 602', 'Home', 113.80, 'https://example.com/images/item_602.jpg', 'Used', 'Fake test item 602 in Home category.', 'seller98', 'Seller');
INSERT INTO auction (auction_id, item_id, seller_login, seller_role, current_highest_bid, auction_status, winner_login, winner_role) VALUES (602, 602, 'seller98', 'Seller', 0.00, 'Active', NULL, NULL);
INSERT INTO item (item_id, item_name, category, starting_price, image_url, item_condition, description, seller_login, seller_role) VALUES (603, 'Games Item 603', 'Games', 253.70, 'https://example.com/images/item_603.jpg', 'New', 'Fake test item 603 in Games category.', 'seller34', 'Seller');
INSERT INTO auction (auction_id, item_id, seller_login, seller_role, current_highest_bid, auction_status, winner_login, winner_role) VALUES (603, 603, 'seller34', 'Seller', 372.63, 'Closed', 'buyer117', 'Buyer');
INSERT INTO item (item_id, item_name, category, starting_price, image_url, item_condition, description, seller_login, seller_role) VALUES (604, 'Art Item 604', 'Art', 315.81, 'https://example.com/images/item_604.jpg', 'Used', 'Fake test item 604 in Art category.', 'seller2', 'Seller');
INSERT INTO auction (auction_id, item_id, seller_login, seller_role, current_highest_bid, auction_status, winner_login, winner_role) VALUES (604, 604, 'seller2', 'Seller', 0.00, 'Active', NULL, NULL);
INSERT INTO item (item_id, item_name, category, starting_price, image_url, item_condition, description, seller_login, seller_role) VALUES (605, 'Books Item 605', 'Books', 323.96, 'https://example.com/images/item_605.jpg', 'Fair', 'Fake test item 605 in Books category.', 'seller18', 'Seller');
INSERT INTO auction (auction_id, item_id, seller_login, seller_role, current_highest_bid, auction_status, winner_login, winner_role) VALUES (605, 605, 'seller18', 'Seller', 0.00, 'Active', NULL, NULL);
INSERT INTO item (item_id, item_name, category, starting_price, image_url, item_condition, description, seller_login, seller_role) VALUES (606, 'Home Item 606', 'Home', 217.81, 'https://example.com/images/item_606.jpg', 'Fair', 'Fake test item 606 in Home category.', 'seller81', 'Seller');
INSERT INTO auction (auction_id, item_id, seller_login, seller_role, current_highest_bid, auction_status, winner_login, winner_role) VALUES (606, 606, 'seller81', 'Seller', 458.74, 'Closed', 'buyer16', 'Buyer');
INSERT INTO item (item_id, item_name, category, starting_price, image_url, item_condition, description, seller_login, seller_role) VALUES (607, 'Toys Item 607', 'Toys', 421.99, 'https://example.com/images/item_607.jpg', 'Used', 'Fake test item 607 in Toys category.', 'seller55', 'Seller');
INSERT INTO auction (auction_id, item_id, seller_login, seller_role, current_highest_bid, auction_status, winner_login, winner_role) VALUES (607, 607, 'seller55', 'Seller', 0.00, 'Active', NULL, NULL);
INSERT INTO item (item_id, item_name, category, starting_price, image_url, item_condition, description, seller_login, seller_role) VALUES (608, 'Games Item 608', 'Games', 69.49, 'https://example.com/images/item_608.jpg', 'Like New', 'Fake test item 608 in Games category.', 'seller29', 'Seller');
INSERT INTO auction (auction_id, item_id, seller_login, seller_role, current_highest_bid, auction_status, winner_login, winner_role) VALUES (608, 608, 'seller29', 'Seller', 0.00, 'Active', NULL, NULL);
INSERT INTO item (item_id, item_name, category, starting_price, image_url, item_condition, description, seller_login, seller_role) VALUES (609, 'Sports Item 609', 'Sports', 350.64, 'https://example.com/images/item_609.jpg', 'Like New', 'Fake test item 609 in Sports category.', 'seller25', 'Seller');
INSERT INTO auction (auction_id, item_id, seller_login, seller_role, current_highest_bid, auction_status, winner_login, winner_role) VALUES (609, 609, 'seller25', 'Seller', 548.28, 'Closed', 'buyer145', 'Buyer');
INSERT INTO item (item_id, item_name, category, starting_price, image_url, item_condition, description, seller_login, seller_role) VALUES (610, 'Electronics Item 610', 'Electronics', 6.43, 'https://example.com/images/item_610.jpg', 'Fair', 'Fake test item 610 in Electronics category.', 'seller38', 'Seller');
INSERT INTO auction (auction_id, item_id, seller_login, seller_role, current_highest_bid, auction_status, winner_login, winner_role) VALUES (610, 610, 'seller38', 'Seller', 0.00, 'Active', NULL, NULL);
INSERT INTO item (item_id, item_name, category, starting_price, image_url, item_condition, description, seller_login, seller_role) VALUES (611, 'Games Item 611', 'Games', 28.74, 'https://example.com/images/item_611.jpg', 'Used', 'Fake test item 611 in Games category.', 'seller30', 'Seller');
INSERT INTO auction (auction_id, item_id, seller_login, seller_role, current_highest_bid, auction_status, winner_login, winner_role) VALUES (611, 611, 'seller30', 'Seller', 0.00, 'Active', NULL, NULL);
INSERT INTO item (item_id, item_name, category, starting_price, image_url, item_condition, description, seller_login, seller_role) VALUES (612, 'Books Item 612', 'Books', 242.92, 'https://example.com/images/item_612.jpg', 'Good', 'Fake test item 612 in Books category.', 'seller80', 'Seller');
INSERT INTO auction (auction_id, item_id, seller_login, seller_role, current_highest_bid, auction_status, winner_login, winner_role) VALUES (612, 612, 'seller80', 'Seller', 405.25, 'Closed', 'buyer55', 'Buyer');
INSERT INTO item (item_id, item_name, category, starting_price, image_url, item_condition, description, seller_login, seller_role) VALUES (613, 'Clothing Item 613', 'Clothing', 317.46, 'https://example.com/images/item_613.jpg', 'Good', 'Fake test item 613 in Clothing category.', 'seller34', 'Seller');
INSERT INTO auction (auction_id, item_id, seller_login, seller_role, current_highest_bid, auction_status, winner_login, winner_role) VALUES (613, 613, 'seller34', 'Seller', 0.00, 'Active', NULL, NULL);
INSERT INTO item (item_id, item_name, category, starting_price, image_url, item_condition, description, seller_login, seller_role) VALUES (614, 'Electronics Item 614', 'Electronics', 353.96, 'https://example.com/images/item_614.jpg', 'Good', 'Fake test item 614 in Electronics category.', 'seller85', 'Seller');
INSERT INTO auction (auction_id, item_id, seller_login, seller_role, current_highest_bid, auction_status, winner_login, winner_role) VALUES (614, 614, 'seller85', 'Seller', 0.00, 'Active', NULL, NULL);
INSERT INTO item (item_id, item_name, category, starting_price, image_url, item_condition, description, seller_login, seller_role) VALUES (615, 'Art Item 615', 'Art', 244.77, 'https://example.com/images/item_615.jpg', 'Good', 'Fake test item 615 in Art category.', 'seller98', 'Seller');
INSERT INTO auction (auction_id, item_id, seller_login, seller_role, current_highest_bid, auction_status, winner_login, winner_role) VALUES (615, 615, 'seller98', 'Seller', 477.64, 'Closed', 'buyer267', 'Buyer');
INSERT INTO item (item_id, item_name, category, starting_price, image_url, item_condition, description, seller_login, seller_role) VALUES (616, 'Toys Item 616', 'Toys', 406.21, 'https://example.com/images/item_616.jpg', 'Like New', 'Fake test item 616 in Toys category.', 'seller27', 'Seller');
INSERT INTO auction (auction_id, item_id, seller_login, seller_role, current_highest_bid, auction_status, winner_login, winner_role) VALUES (616, 616, 'seller27', 'Seller', 0.00, 'Active', NULL, NULL);
INSERT INTO item (item_id, item_name, category, starting_price, image_url, item_condition, description, seller_login, seller_role) VALUES (617, 'Art Item 617', 'Art', 447.63, 'https://example.com/images/item_617.jpg', 'Good', 'Fake test item 617 in Art category.', 'seller14', 'Seller');
INSERT INTO auction (auction_id, item_id, seller_login, seller_role, current_highest_bid, auction_status, winner_login, winner_role) VALUES (617, 617, 'seller14', 'Seller', 0.00, 'Active', NULL, NULL);
INSERT INTO item (item_id, item_name, category, starting_price, image_url, item_condition, description, seller_login, seller_role) VALUES (618, 'Toys Item 618', 'Toys', 91.55, 'https://example.com/images/item_618.jpg', 'Like New', 'Fake test item 618 in Toys category.', 'seller48', 'Seller');
INSERT INTO auction (auction_id, item_id, seller_login, seller_role, current_highest_bid, auction_status, winner_login, winner_role) VALUES (618, 618, 'seller48', 'Seller', 296.56, 'Closed', 'buyer191', 'Buyer');
INSERT INTO item (item_id, item_name, category, starting_price, image_url, item_condition, description, seller_login, seller_role) VALUES (619, 'Art Item 619', 'Art', 206.92, 'https://example.com/images/item_619.jpg', 'New', 'Fake test item 619 in Art category.', 'seller26', 'Seller');
INSERT INTO auction (auction_id, item_id, seller_login, seller_role, current_highest_bid, auction_status, winner_login, winner_role) VALUES (619, 619, 'seller26', 'Seller', 0.00, 'Active', NULL, NULL);
INSERT INTO item (item_id, item_name, category, starting_price, image_url, item_condition, description, seller_login, seller_role) VALUES (620, 'Sports Item 620', 'Sports', 289.13, 'https://example.com/images/item_620.jpg', 'New', 'Fake test item 620 in Sports category.', 'seller56', 'Seller');
INSERT INTO auction (auction_id, item_id, seller_login, seller_role, current_highest_bid, auction_status, winner_login, winner_role) VALUES (620, 620, 'seller56', 'Seller', 0.00, 'Active', NULL, NULL);
INSERT INTO item (item_id, item_name, category, starting_price, image_url, item_condition, description, seller_login, seller_role) VALUES (621, 'Sports Item 621', 'Sports', 426.07, 'https://example.com/images/item_621.jpg', 'Used', 'Fake test item 621 in Sports category.', 'seller45', 'Seller');
INSERT INTO auction (auction_id, item_id, seller_login, seller_role, current_highest_bid, auction_status, winner_login, winner_role) VALUES (621, 621, 'seller45', 'Seller', 645.15, 'Closed', 'buyer280', 'Buyer');
INSERT INTO item (item_id, item_name, category, starting_price, image_url, item_condition, description, seller_login, seller_role) VALUES (622, 'Home Item 622', 'Home', 484.48, 'https://example.com/images/item_622.jpg', 'Like New', 'Fake test item 622 in Home category.', 'seller64', 'Seller');
INSERT INTO auction (auction_id, item_id, seller_login, seller_role, current_highest_bid, auction_status, winner_login, winner_role) VALUES (622, 622, 'seller64', 'Seller', 0.00, 'Active', NULL, NULL);
INSERT INTO item (item_id, item_name, category, starting_price, image_url, item_condition, description, seller_login, seller_role) VALUES (623, 'Books Item 623', 'Books', 6.35, 'https://example.com/images/item_623.jpg', 'Good', 'Fake test item 623 in Books category.', 'seller44', 'Seller');
INSERT INTO auction (auction_id, item_id, seller_login, seller_role, current_highest_bid, auction_status, winner_login, winner_role) VALUES (623, 623, 'seller44', 'Seller', 0.00, 'Active', NULL, NULL);
INSERT INTO item (item_id, item_name, category, starting_price, image_url, item_condition, description, seller_login, seller_role) VALUES (624, 'Clothing Item 624', 'Clothing', 287.56, 'https://example.com/images/item_624.jpg', 'New', 'Fake test item 624 in Clothing category.', 'seller5', 'Seller');
INSERT INTO auction (auction_id, item_id, seller_login, seller_role, current_highest_bid, auction_status, winner_login, winner_role) VALUES (624, 624, 'seller5', 'Seller', 391.96, 'Closed', 'buyer336', 'Buyer');
INSERT INTO item (item_id, item_name, category, starting_price, image_url, item_condition, description, seller_login, seller_role) VALUES (625, 'Games Item 625', 'Games', 486.50, 'https://example.com/images/item_625.jpg', 'Used', 'Fake test item 625 in Games category.', 'seller10', 'Seller');
INSERT INTO auction (auction_id, item_id, seller_login, seller_role, current_highest_bid, auction_status, winner_login, winner_role) VALUES (625, 625, 'seller10', 'Seller', 0.00, 'Active', NULL, NULL);
INSERT INTO item (item_id, item_name, category, starting_price, image_url, item_condition, description, seller_login, seller_role) VALUES (626, 'Clothing Item 626', 'Clothing', 97.44, 'https://example.com/images/item_626.jpg', 'Fair', 'Fake test item 626 in Clothing category.', 'seller64', 'Seller');
INSERT INTO auction (auction_id, item_id, seller_login, seller_role, current_highest_bid, auction_status, winner_login, winner_role) VALUES (626, 626, 'seller64', 'Seller', 0.00, 'Active', NULL, NULL);
INSERT INTO item (item_id, item_name, category, starting_price, image_url, item_condition, description, seller_login, seller_role) VALUES (627, 'Home Item 627', 'Home', 243.38, 'https://example.com/images/item_627.jpg', 'Used', 'Fake test item 627 in Home category.', 'seller66', 'Seller');
INSERT INTO auction (auction_id, item_id, seller_login, seller_role, current_highest_bid, auction_status, winner_login, winner_role) VALUES (627, 627, 'seller66', 'Seller', 447.25, 'Closed', 'buyer267', 'Buyer');
INSERT INTO item (item_id, item_name, category, starting_price, image_url, item_condition, description, seller_login, seller_role) VALUES (628, 'Art Item 628', 'Art', 454.01, 'https://example.com/images/item_628.jpg', 'Like New', 'Fake test item 628 in Art category.', 'seller5', 'Seller');
INSERT INTO auction (auction_id, item_id, seller_login, seller_role, current_highest_bid, auction_status, winner_login, winner_role) VALUES (628, 628, 'seller5', 'Seller', 0.00, 'Active', NULL, NULL);
INSERT INTO item (item_id, item_name, category, starting_price, image_url, item_condition, description, seller_login, seller_role) VALUES (629, 'Games Item 629', 'Games', 185.13, 'https://example.com/images/item_629.jpg', 'Good', 'Fake test item 629 in Games category.', 'seller25', 'Seller');
INSERT INTO auction (auction_id, item_id, seller_login, seller_role, current_highest_bid, auction_status, winner_login, winner_role) VALUES (629, 629, 'seller25', 'Seller', 0.00, 'Active', NULL, NULL);
INSERT INTO item (item_id, item_name, category, starting_price, image_url, item_condition, description, seller_login, seller_role) VALUES (630, 'Toys Item 630', 'Toys', 276.24, 'https://example.com/images/item_630.jpg', 'New', 'Fake test item 630 in Toys category.', 'seller68', 'Seller');
INSERT INTO auction (auction_id, item_id, seller_login, seller_role, current_highest_bid, auction_status, winner_login, winner_role) VALUES (630, 630, 'seller68', 'Seller', 503.31, 'Closed', 'buyer80', 'Buyer');
INSERT INTO item (item_id, item_name, category, starting_price, image_url, item_condition, description, seller_login, seller_role) VALUES (631, 'Clothing Item 631', 'Clothing', 289.35, 'https://example.com/images/item_631.jpg', 'Like New', 'Fake test item 631 in Clothing category.', 'seller47', 'Seller');
INSERT INTO auction (auction_id, item_id, seller_login, seller_role, current_highest_bid, auction_status, winner_login, winner_role) VALUES (631, 631, 'seller47', 'Seller', 0.00, 'Active', NULL, NULL);
INSERT INTO item (item_id, item_name, category, starting_price, image_url, item_condition, description, seller_login, seller_role) VALUES (632, 'Sports Item 632', 'Sports', 392.47, 'https://example.com/images/item_632.jpg', 'Used', 'Fake test item 632 in Sports category.', 'seller20', 'Seller');
INSERT INTO auction (auction_id, item_id, seller_login, seller_role, current_highest_bid, auction_status, winner_login, winner_role) VALUES (632, 632, 'seller20', 'Seller', 0.00, 'Active', NULL, NULL);
INSERT INTO item (item_id, item_name, category, starting_price, image_url, item_condition, description, seller_login, seller_role) VALUES (633, 'Books Item 633', 'Books', 212.36, 'https://example.com/images/item_633.jpg', 'Fair', 'Fake test item 633 in Books category.', 'seller97', 'Seller');
INSERT INTO auction (auction_id, item_id, seller_login, seller_role, current_highest_bid, auction_status, winner_login, winner_role) VALUES (633, 633, 'seller97', 'Seller', 256.41, 'Closed', 'buyer286', 'Buyer');
INSERT INTO item (item_id, item_name, category, starting_price, image_url, item_condition, description, seller_login, seller_role) VALUES (634, 'Books Item 634', 'Books', 176.75, 'https://example.com/images/item_634.jpg', 'Fair', 'Fake test item 634 in Books category.', 'seller90', 'Seller');
INSERT INTO auction (auction_id, item_id, seller_login, seller_role, current_highest_bid, auction_status, winner_login, winner_role) VALUES (634, 634, 'seller90', 'Seller', 0.00, 'Active', NULL, NULL);
INSERT INTO item (item_id, item_name, category, starting_price, image_url, item_condition, description, seller_login, seller_role) VALUES (635, 'Games Item 635', 'Games', 377.90, 'https://example.com/images/item_635.jpg', 'Used', 'Fake test item 635 in Games category.', 'seller42', 'Seller');
INSERT INTO auction (auction_id, item_id, seller_login, seller_role, current_highest_bid, auction_status, winner_login, winner_role) VALUES (635, 635, 'seller42', 'Seller', 0.00, 'Active', NULL, NULL);
INSERT INTO item (item_id, item_name, category, starting_price, image_url, item_condition, description, seller_login, seller_role) VALUES (636, 'Art Item 636', 'Art', 89.33, 'https://example.com/images/item_636.jpg', 'Good', 'Fake test item 636 in Art category.', 'seller20', 'Seller');
INSERT INTO auction (auction_id, item_id, seller_login, seller_role, current_highest_bid, auction_status, winner_login, winner_role) VALUES (636, 636, 'seller20', 'Seller', 143.46, 'Closed', 'buyer366', 'Buyer');
INSERT INTO item (item_id, item_name, category, starting_price, image_url, item_condition, description, seller_login, seller_role) VALUES (637, 'Games Item 637', 'Games', 377.24, 'https://example.com/images/item_637.jpg', 'Like New', 'Fake test item 637 in Games category.', 'seller84', 'Seller');
INSERT INTO auction (auction_id, item_id, seller_login, seller_role, current_highest_bid, auction_status, winner_login, winner_role) VALUES (637, 637, 'seller84', 'Seller', 0.00, 'Active', NULL, NULL);
INSERT INTO item (item_id, item_name, category, starting_price, image_url, item_condition, description, seller_login, seller_role) VALUES (638, 'Electronics Item 638', 'Electronics', 484.99, 'https://example.com/images/item_638.jpg', 'Good', 'Fake test item 638 in Electronics category.', 'seller78', 'Seller');
INSERT INTO auction (auction_id, item_id, seller_login, seller_role, current_highest_bid, auction_status, winner_login, winner_role) VALUES (638, 638, 'seller78', 'Seller', 0.00, 'Active', NULL, NULL);
INSERT INTO item (item_id, item_name, category, starting_price, image_url, item_condition, description, seller_login, seller_role) VALUES (639, 'Art Item 639', 'Art', 126.59, 'https://example.com/images/item_639.jpg', 'Like New', 'Fake test item 639 in Art category.', 'seller40', 'Seller');
INSERT INTO auction (auction_id, item_id, seller_login, seller_role, current_highest_bid, auction_status, winner_login, winner_role) VALUES (639, 639, 'seller40', 'Seller', 142.49, 'Closed', 'buyer349', 'Buyer');
INSERT INTO item (item_id, item_name, category, starting_price, image_url, item_condition, description, seller_login, seller_role) VALUES (640, 'Games Item 640', 'Games', 37.13, 'https://example.com/images/item_640.jpg', 'Good', 'Fake test item 640 in Games category.', 'seller83', 'Seller');
INSERT INTO auction (auction_id, item_id, seller_login, seller_role, current_highest_bid, auction_status, winner_login, winner_role) VALUES (640, 640, 'seller83', 'Seller', 0.00, 'Active', NULL, NULL);
INSERT INTO item (item_id, item_name, category, starting_price, image_url, item_condition, description, seller_login, seller_role) VALUES (641, 'Books Item 641', 'Books', 47.43, 'https://example.com/images/item_641.jpg', 'Used', 'Fake test item 641 in Books category.', 'seller31', 'Seller');
INSERT INTO auction (auction_id, item_id, seller_login, seller_role, current_highest_bid, auction_status, winner_login, winner_role) VALUES (641, 641, 'seller31', 'Seller', 0.00, 'Active', NULL, NULL);
INSERT INTO item (item_id, item_name, category, starting_price, image_url, item_condition, description, seller_login, seller_role) VALUES (642, 'Home Item 642', 'Home', 190.18, 'https://example.com/images/item_642.jpg', 'Fair', 'Fake test item 642 in Home category.', 'seller32', 'Seller');
INSERT INTO auction (auction_id, item_id, seller_login, seller_role, current_highest_bid, auction_status, winner_login, winner_role) VALUES (642, 642, 'seller32', 'Seller', 434.52, 'Closed', 'buyer309', 'Buyer');
INSERT INTO item (item_id, item_name, category, starting_price, image_url, item_condition, description, seller_login, seller_role) VALUES (643, 'Clothing Item 643', 'Clothing', 355.75, 'https://example.com/images/item_643.jpg', 'Used', 'Fake test item 643 in Clothing category.', 'seller97', 'Seller');
INSERT INTO auction (auction_id, item_id, seller_login, seller_role, current_highest_bid, auction_status, winner_login, winner_role) VALUES (643, 643, 'seller97', 'Seller', 0.00, 'Active', NULL, NULL);
INSERT INTO item (item_id, item_name, category, starting_price, image_url, item_condition, description, seller_login, seller_role) VALUES (644, 'Sports Item 644', 'Sports', 114.12, 'https://example.com/images/item_644.jpg', 'Good', 'Fake test item 644 in Sports category.', 'seller61', 'Seller');
INSERT INTO auction (auction_id, item_id, seller_login, seller_role, current_highest_bid, auction_status, winner_login, winner_role) VALUES (644, 644, 'seller61', 'Seller', 0.00, 'Active', NULL, NULL);
INSERT INTO item (item_id, item_name, category, starting_price, image_url, item_condition, description, seller_login, seller_role) VALUES (645, 'Clothing Item 645', 'Clothing', 68.60, 'https://example.com/images/item_645.jpg', 'Fair', 'Fake test item 645 in Clothing category.', 'seller55', 'Seller');
INSERT INTO auction (auction_id, item_id, seller_login, seller_role, current_highest_bid, auction_status, winner_login, winner_role) VALUES (645, 645, 'seller55', 'Seller', 290.23, 'Closed', 'buyer313', 'Buyer');
INSERT INTO item (item_id, item_name, category, starting_price, image_url, item_condition, description, seller_login, seller_role) VALUES (646, 'Home Item 646', 'Home', 279.02, 'https://example.com/images/item_646.jpg', 'Fair', 'Fake test item 646 in Home category.', 'seller6', 'Seller');
INSERT INTO auction (auction_id, item_id, seller_login, seller_role, current_highest_bid, auction_status, winner_login, winner_role) VALUES (646, 646, 'seller6', 'Seller', 0.00, 'Active', NULL, NULL);
INSERT INTO item (item_id, item_name, category, starting_price, image_url, item_condition, description, seller_login, seller_role) VALUES (647, 'Books Item 647', 'Books', 131.36, 'https://example.com/images/item_647.jpg', 'New', 'Fake test item 647 in Books category.', 'seller8', 'Seller');
INSERT INTO auction (auction_id, item_id, seller_login, seller_role, current_highest_bid, auction_status, winner_login, winner_role) VALUES (647, 647, 'seller8', 'Seller', 0.00, 'Active', NULL, NULL);
INSERT INTO item (item_id, item_name, category, starting_price, image_url, item_condition, description, seller_login, seller_role) VALUES (648, 'Home Item 648', 'Home', 125.93, 'https://example.com/images/item_648.jpg', 'Used', 'Fake test item 648 in Home category.', 'seller27', 'Seller');
INSERT INTO auction (auction_id, item_id, seller_login, seller_role, current_highest_bid, auction_status, winner_login, winner_role) VALUES (648, 648, 'seller27', 'Seller', 389.22, 'Closed', 'buyer141', 'Buyer');
INSERT INTO item (item_id, item_name, category, starting_price, image_url, item_condition, description, seller_login, seller_role) VALUES (649, 'Art Item 649', 'Art', 16.18, 'https://example.com/images/item_649.jpg', 'Good', 'Fake test item 649 in Art category.', 'seller61', 'Seller');
INSERT INTO auction (auction_id, item_id, seller_login, seller_role, current_highest_bid, auction_status, winner_login, winner_role) VALUES (649, 649, 'seller61', 'Seller', 0.00, 'Active', NULL, NULL);
INSERT INTO item (item_id, item_name, category, starting_price, image_url, item_condition, description, seller_login, seller_role) VALUES (650, 'Toys Item 650', 'Toys', 182.26, 'https://example.com/images/item_650.jpg', 'Fair', 'Fake test item 650 in Toys category.', 'seller16', 'Seller');
INSERT INTO auction (auction_id, item_id, seller_login, seller_role, current_highest_bid, auction_status, winner_login, winner_role) VALUES (650, 650, 'seller16', 'Seller', 0.00, 'Active', NULL, NULL);
INSERT INTO item (item_id, item_name, category, starting_price, image_url, item_condition, description, seller_login, seller_role) VALUES (651, 'Games Item 651', 'Games', 472.17, 'https://example.com/images/item_651.jpg', 'Like New', 'Fake test item 651 in Games category.', 'seller63', 'Seller');
INSERT INTO auction (auction_id, item_id, seller_login, seller_role, current_highest_bid, auction_status, winner_login, winner_role) VALUES (651, 651, 'seller63', 'Seller', 754.59, 'Closed', 'buyer184', 'Buyer');
INSERT INTO item (item_id, item_name, category, starting_price, image_url, item_condition, description, seller_login, seller_role) VALUES (652, 'Books Item 652', 'Books', 44.27, 'https://example.com/images/item_652.jpg', 'Good', 'Fake test item 652 in Books category.', 'seller78', 'Seller');
INSERT INTO auction (auction_id, item_id, seller_login, seller_role, current_highest_bid, auction_status, winner_login, winner_role) VALUES (652, 652, 'seller78', 'Seller', 0.00, 'Active', NULL, NULL);
INSERT INTO item (item_id, item_name, category, starting_price, image_url, item_condition, description, seller_login, seller_role) VALUES (653, 'Clothing Item 653', 'Clothing', 495.15, 'https://example.com/images/item_653.jpg', 'Used', 'Fake test item 653 in Clothing category.', 'seller94', 'Seller');
INSERT INTO auction (auction_id, item_id, seller_login, seller_role, current_highest_bid, auction_status, winner_login, winner_role) VALUES (653, 653, 'seller94', 'Seller', 0.00, 'Active', NULL, NULL);
INSERT INTO item (item_id, item_name, category, starting_price, image_url, item_condition, description, seller_login, seller_role) VALUES (654, 'Art Item 654', 'Art', 488.67, 'https://example.com/images/item_654.jpg', 'Used', 'Fake test item 654 in Art category.', 'seller46', 'Seller');
INSERT INTO auction (auction_id, item_id, seller_login, seller_role, current_highest_bid, auction_status, winner_login, winner_role) VALUES (654, 654, 'seller46', 'Seller', 707.43, 'Closed', 'buyer33', 'Buyer');
INSERT INTO item (item_id, item_name, category, starting_price, image_url, item_condition, description, seller_login, seller_role) VALUES (655, 'Toys Item 655', 'Toys', 52.75, 'https://example.com/images/item_655.jpg', 'Like New', 'Fake test item 655 in Toys category.', 'seller41', 'Seller');
INSERT INTO auction (auction_id, item_id, seller_login, seller_role, current_highest_bid, auction_status, winner_login, winner_role) VALUES (655, 655, 'seller41', 'Seller', 0.00, 'Active', NULL, NULL);
INSERT INTO item (item_id, item_name, category, starting_price, image_url, item_condition, description, seller_login, seller_role) VALUES (656, 'Electronics Item 656', 'Electronics', 224.63, 'https://example.com/images/item_656.jpg', 'Used', 'Fake test item 656 in Electronics category.', 'seller48', 'Seller');
INSERT INTO auction (auction_id, item_id, seller_login, seller_role, current_highest_bid, auction_status, winner_login, winner_role) VALUES (656, 656, 'seller48', 'Seller', 0.00, 'Active', NULL, NULL);
INSERT INTO item (item_id, item_name, category, starting_price, image_url, item_condition, description, seller_login, seller_role) VALUES (657, 'Toys Item 657', 'Toys', 30.07, 'https://example.com/images/item_657.jpg', 'Good', 'Fake test item 657 in Toys category.', 'seller36', 'Seller');
INSERT INTO auction (auction_id, item_id, seller_login, seller_role, current_highest_bid, auction_status, winner_login, winner_role) VALUES (657, 657, 'seller36', 'Seller', 151.47, 'Closed', 'buyer322', 'Buyer');
INSERT INTO item (item_id, item_name, category, starting_price, image_url, item_condition, description, seller_login, seller_role) VALUES (658, 'Books Item 658', 'Books', 72.24, 'https://example.com/images/item_658.jpg', 'Used', 'Fake test item 658 in Books category.', 'seller94', 'Seller');
INSERT INTO auction (auction_id, item_id, seller_login, seller_role, current_highest_bid, auction_status, winner_login, winner_role) VALUES (658, 658, 'seller94', 'Seller', 0.00, 'Active', NULL, NULL);
INSERT INTO item (item_id, item_name, category, starting_price, image_url, item_condition, description, seller_login, seller_role) VALUES (659, 'Sports Item 659', 'Sports', 393.36, 'https://example.com/images/item_659.jpg', 'Fair', 'Fake test item 659 in Sports category.', 'seller36', 'Seller');
INSERT INTO auction (auction_id, item_id, seller_login, seller_role, current_highest_bid, auction_status, winner_login, winner_role) VALUES (659, 659, 'seller36', 'Seller', 0.00, 'Active', NULL, NULL);
INSERT INTO item (item_id, item_name, category, starting_price, image_url, item_condition, description, seller_login, seller_role) VALUES (660, 'Books Item 660', 'Books', 425.68, 'https://example.com/images/item_660.jpg', 'New', 'Fake test item 660 in Books category.', 'seller7', 'Seller');
INSERT INTO auction (auction_id, item_id, seller_login, seller_role, current_highest_bid, auction_status, winner_login, winner_role) VALUES (660, 660, 'seller7', 'Seller', 503.27, 'Closed', 'buyer18', 'Buyer');
INSERT INTO item (item_id, item_name, category, starting_price, image_url, item_condition, description, seller_login, seller_role) VALUES (661, 'Sports Item 661', 'Sports', 154.80, 'https://example.com/images/item_661.jpg', 'Like New', 'Fake test item 661 in Sports category.', 'seller24', 'Seller');
INSERT INTO auction (auction_id, item_id, seller_login, seller_role, current_highest_bid, auction_status, winner_login, winner_role) VALUES (661, 661, 'seller24', 'Seller', 0.00, 'Active', NULL, NULL);
INSERT INTO item (item_id, item_name, category, starting_price, image_url, item_condition, description, seller_login, seller_role) VALUES (662, 'Toys Item 662', 'Toys', 39.61, 'https://example.com/images/item_662.jpg', 'Like New', 'Fake test item 662 in Toys category.', 'seller59', 'Seller');
INSERT INTO auction (auction_id, item_id, seller_login, seller_role, current_highest_bid, auction_status, winner_login, winner_role) VALUES (662, 662, 'seller59', 'Seller', 0.00, 'Active', NULL, NULL);
INSERT INTO item (item_id, item_name, category, starting_price, image_url, item_condition, description, seller_login, seller_role) VALUES (663, 'Art Item 663', 'Art', 462.89, 'https://example.com/images/item_663.jpg', 'Fair', 'Fake test item 663 in Art category.', 'seller76', 'Seller');
INSERT INTO auction (auction_id, item_id, seller_login, seller_role, current_highest_bid, auction_status, winner_login, winner_role) VALUES (663, 663, 'seller76', 'Seller', 520.46, 'Closed', 'buyer381', 'Buyer');
INSERT INTO item (item_id, item_name, category, starting_price, image_url, item_condition, description, seller_login, seller_role) VALUES (664, 'Sports Item 664', 'Sports', 112.12, 'https://example.com/images/item_664.jpg', 'Like New', 'Fake test item 664 in Sports category.', 'seller64', 'Seller');
INSERT INTO auction (auction_id, item_id, seller_login, seller_role, current_highest_bid, auction_status, winner_login, winner_role) VALUES (664, 664, 'seller64', 'Seller', 0.00, 'Active', NULL, NULL);
INSERT INTO item (item_id, item_name, category, starting_price, image_url, item_condition, description, seller_login, seller_role) VALUES (665, 'Toys Item 665', 'Toys', 475.68, 'https://example.com/images/item_665.jpg', 'New', 'Fake test item 665 in Toys category.', 'seller9', 'Seller');
INSERT INTO auction (auction_id, item_id, seller_login, seller_role, current_highest_bid, auction_status, winner_login, winner_role) VALUES (665, 665, 'seller9', 'Seller', 0.00, 'Active', NULL, NULL);
INSERT INTO item (item_id, item_name, category, starting_price, image_url, item_condition, description, seller_login, seller_role) VALUES (666, 'Toys Item 666', 'Toys', 173.15, 'https://example.com/images/item_666.jpg', 'Used', 'Fake test item 666 in Toys category.', 'seller28', 'Seller');
INSERT INTO auction (auction_id, item_id, seller_login, seller_role, current_highest_bid, auction_status, winner_login, winner_role) VALUES (666, 666, 'seller28', 'Seller', 299.17, 'Closed', 'buyer83', 'Buyer');
INSERT INTO item (item_id, item_name, category, starting_price, image_url, item_condition, description, seller_login, seller_role) VALUES (667, 'Clothing Item 667', 'Clothing', 294.23, 'https://example.com/images/item_667.jpg', 'Fair', 'Fake test item 667 in Clothing category.', 'seller51', 'Seller');
INSERT INTO auction (auction_id, item_id, seller_login, seller_role, current_highest_bid, auction_status, winner_login, winner_role) VALUES (667, 667, 'seller51', 'Seller', 0.00, 'Active', NULL, NULL);
INSERT INTO item (item_id, item_name, category, starting_price, image_url, item_condition, description, seller_login, seller_role) VALUES (668, 'Clothing Item 668', 'Clothing', 312.93, 'https://example.com/images/item_668.jpg', 'New', 'Fake test item 668 in Clothing category.', 'seller55', 'Seller');
INSERT INTO auction (auction_id, item_id, seller_login, seller_role, current_highest_bid, auction_status, winner_login, winner_role) VALUES (668, 668, 'seller55', 'Seller', 0.00, 'Active', NULL, NULL);
INSERT INTO item (item_id, item_name, category, starting_price, image_url, item_condition, description, seller_login, seller_role) VALUES (669, 'Home Item 669', 'Home', 345.22, 'https://example.com/images/item_669.jpg', 'Like New', 'Fake test item 669 in Home category.', 'seller46', 'Seller');
INSERT INTO auction (auction_id, item_id, seller_login, seller_role, current_highest_bid, auction_status, winner_login, winner_role) VALUES (669, 669, 'seller46', 'Seller', 363.39, 'Closed', 'buyer285', 'Buyer');
INSERT INTO item (item_id, item_name, category, starting_price, image_url, item_condition, description, seller_login, seller_role) VALUES (670, 'Sports Item 670', 'Sports', 321.34, 'https://example.com/images/item_670.jpg', 'Used', 'Fake test item 670 in Sports category.', 'seller10', 'Seller');
INSERT INTO auction (auction_id, item_id, seller_login, seller_role, current_highest_bid, auction_status, winner_login, winner_role) VALUES (670, 670, 'seller10', 'Seller', 0.00, 'Active', NULL, NULL);
INSERT INTO item (item_id, item_name, category, starting_price, image_url, item_condition, description, seller_login, seller_role) VALUES (671, 'Home Item 671', 'Home', 109.94, 'https://example.com/images/item_671.jpg', 'New', 'Fake test item 671 in Home category.', 'seller92', 'Seller');
INSERT INTO auction (auction_id, item_id, seller_login, seller_role, current_highest_bid, auction_status, winner_login, winner_role) VALUES (671, 671, 'seller92', 'Seller', 0.00, 'Active', NULL, NULL);
INSERT INTO item (item_id, item_name, category, starting_price, image_url, item_condition, description, seller_login, seller_role) VALUES (672, 'Books Item 672', 'Books', 426.00, 'https://example.com/images/item_672.jpg', 'Used', 'Fake test item 672 in Books category.', 'seller54', 'Seller');
INSERT INTO auction (auction_id, item_id, seller_login, seller_role, current_highest_bid, auction_status, winner_login, winner_role) VALUES (672, 672, 'seller54', 'Seller', 468.81, 'Closed', 'buyer4', 'Buyer');
INSERT INTO item (item_id, item_name, category, starting_price, image_url, item_condition, description, seller_login, seller_role) VALUES (673, 'Toys Item 673', 'Toys', 278.33, 'https://example.com/images/item_673.jpg', 'Used', 'Fake test item 673 in Toys category.', 'seller54', 'Seller');
INSERT INTO auction (auction_id, item_id, seller_login, seller_role, current_highest_bid, auction_status, winner_login, winner_role) VALUES (673, 673, 'seller54', 'Seller', 0.00, 'Active', NULL, NULL);
INSERT INTO item (item_id, item_name, category, starting_price, image_url, item_condition, description, seller_login, seller_role) VALUES (674, 'Art Item 674', 'Art', 193.95, 'https://example.com/images/item_674.jpg', 'Like New', 'Fake test item 674 in Art category.', 'seller27', 'Seller');
INSERT INTO auction (auction_id, item_id, seller_login, seller_role, current_highest_bid, auction_status, winner_login, winner_role) VALUES (674, 674, 'seller27', 'Seller', 0.00, 'Active', NULL, NULL);
INSERT INTO item (item_id, item_name, category, starting_price, image_url, item_condition, description, seller_login, seller_role) VALUES (675, 'Home Item 675', 'Home', 166.75, 'https://example.com/images/item_675.jpg', 'New', 'Fake test item 675 in Home category.', 'seller31', 'Seller');
INSERT INTO auction (auction_id, item_id, seller_login, seller_role, current_highest_bid, auction_status, winner_login, winner_role) VALUES (675, 675, 'seller31', 'Seller', 425.06, 'Closed', 'buyer230', 'Buyer');
INSERT INTO item (item_id, item_name, category, starting_price, image_url, item_condition, description, seller_login, seller_role) VALUES (676, 'Books Item 676', 'Books', 279.20, 'https://example.com/images/item_676.jpg', 'New', 'Fake test item 676 in Books category.', 'seller3', 'Seller');
INSERT INTO auction (auction_id, item_id, seller_login, seller_role, current_highest_bid, auction_status, winner_login, winner_role) VALUES (676, 676, 'seller3', 'Seller', 0.00, 'Active', NULL, NULL);
INSERT INTO item (item_id, item_name, category, starting_price, image_url, item_condition, description, seller_login, seller_role) VALUES (677, 'Clothing Item 677', 'Clothing', 212.15, 'https://example.com/images/item_677.jpg', 'Used', 'Fake test item 677 in Clothing category.', 'seller9', 'Seller');
INSERT INTO auction (auction_id, item_id, seller_login, seller_role, current_highest_bid, auction_status, winner_login, winner_role) VALUES (677, 677, 'seller9', 'Seller', 0.00, 'Active', NULL, NULL);
INSERT INTO item (item_id, item_name, category, starting_price, image_url, item_condition, description, seller_login, seller_role) VALUES (678, 'Books Item 678', 'Books', 179.22, 'https://example.com/images/item_678.jpg', 'Good', 'Fake test item 678 in Books category.', 'seller3', 'Seller');
INSERT INTO auction (auction_id, item_id, seller_login, seller_role, current_highest_bid, auction_status, winner_login, winner_role) VALUES (678, 678, 'seller3', 'Seller', 285.79, 'Closed', 'buyer309', 'Buyer');
INSERT INTO item (item_id, item_name, category, starting_price, image_url, item_condition, description, seller_login, seller_role) VALUES (679, 'Art Item 679', 'Art', 193.68, 'https://example.com/images/item_679.jpg', 'Like New', 'Fake test item 679 in Art category.', 'seller94', 'Seller');
INSERT INTO auction (auction_id, item_id, seller_login, seller_role, current_highest_bid, auction_status, winner_login, winner_role) VALUES (679, 679, 'seller94', 'Seller', 0.00, 'Active', NULL, NULL);
INSERT INTO item (item_id, item_name, category, starting_price, image_url, item_condition, description, seller_login, seller_role) VALUES (680, 'Electronics Item 680', 'Electronics', 225.77, 'https://example.com/images/item_680.jpg', 'Fair', 'Fake test item 680 in Electronics category.', 'seller29', 'Seller');
INSERT INTO auction (auction_id, item_id, seller_login, seller_role, current_highest_bid, auction_status, winner_login, winner_role) VALUES (680, 680, 'seller29', 'Seller', 0.00, 'Active', NULL, NULL);
INSERT INTO item (item_id, item_name, category, starting_price, image_url, item_condition, description, seller_login, seller_role) VALUES (681, 'Sports Item 681', 'Sports', 51.73, 'https://example.com/images/item_681.jpg', 'Like New', 'Fake test item 681 in Sports category.', 'seller6', 'Seller');
INSERT INTO auction (auction_id, item_id, seller_login, seller_role, current_highest_bid, auction_status, winner_login, winner_role) VALUES (681, 681, 'seller6', 'Seller', 346.02, 'Closed', 'buyer249', 'Buyer');
INSERT INTO item (item_id, item_name, category, starting_price, image_url, item_condition, description, seller_login, seller_role) VALUES (682, 'Books Item 682', 'Books', 117.26, 'https://example.com/images/item_682.jpg', 'Used', 'Fake test item 682 in Books category.', 'seller11', 'Seller');
INSERT INTO auction (auction_id, item_id, seller_login, seller_role, current_highest_bid, auction_status, winner_login, winner_role) VALUES (682, 682, 'seller11', 'Seller', 0.00, 'Active', NULL, NULL);
INSERT INTO item (item_id, item_name, category, starting_price, image_url, item_condition, description, seller_login, seller_role) VALUES (683, 'Sports Item 683', 'Sports', 487.76, 'https://example.com/images/item_683.jpg', 'Good', 'Fake test item 683 in Sports category.', 'seller86', 'Seller');
INSERT INTO auction (auction_id, item_id, seller_login, seller_role, current_highest_bid, auction_status, winner_login, winner_role) VALUES (683, 683, 'seller86', 'Seller', 0.00, 'Active', NULL, NULL);
INSERT INTO item (item_id, item_name, category, starting_price, image_url, item_condition, description, seller_login, seller_role) VALUES (684, 'Electronics Item 684', 'Electronics', 303.07, 'https://example.com/images/item_684.jpg', 'Like New', 'Fake test item 684 in Electronics category.', 'seller96', 'Seller');
INSERT INTO auction (auction_id, item_id, seller_login, seller_role, current_highest_bid, auction_status, winner_login, winner_role) VALUES (684, 684, 'seller96', 'Seller', 519.70, 'Closed', 'buyer14', 'Buyer');
INSERT INTO item (item_id, item_name, category, starting_price, image_url, item_condition, description, seller_login, seller_role) VALUES (685, 'Books Item 685', 'Books', 436.05, 'https://example.com/images/item_685.jpg', 'Good', 'Fake test item 685 in Books category.', 'seller2', 'Seller');
INSERT INTO auction (auction_id, item_id, seller_login, seller_role, current_highest_bid, auction_status, winner_login, winner_role) VALUES (685, 685, 'seller2', 'Seller', 0.00, 'Active', NULL, NULL);
INSERT INTO item (item_id, item_name, category, starting_price, image_url, item_condition, description, seller_login, seller_role) VALUES (686, 'Games Item 686', 'Games', 15.35, 'https://example.com/images/item_686.jpg', 'Fair', 'Fake test item 686 in Games category.', 'seller32', 'Seller');
INSERT INTO auction (auction_id, item_id, seller_login, seller_role, current_highest_bid, auction_status, winner_login, winner_role) VALUES (686, 686, 'seller32', 'Seller', 0.00, 'Active', NULL, NULL);
INSERT INTO item (item_id, item_name, category, starting_price, image_url, item_condition, description, seller_login, seller_role) VALUES (687, 'Art Item 687', 'Art', 56.14, 'https://example.com/images/item_687.jpg', 'Like New', 'Fake test item 687 in Art category.', 'seller82', 'Seller');
INSERT INTO auction (auction_id, item_id, seller_login, seller_role, current_highest_bid, auction_status, winner_login, winner_role) VALUES (687, 687, 'seller82', 'Seller', 278.04, 'Closed', 'buyer352', 'Buyer');
INSERT INTO item (item_id, item_name, category, starting_price, image_url, item_condition, description, seller_login, seller_role) VALUES (688, 'Electronics Item 688', 'Electronics', 17.36, 'https://example.com/images/item_688.jpg', 'Fair', 'Fake test item 688 in Electronics category.', 'seller51', 'Seller');
INSERT INTO auction (auction_id, item_id, seller_login, seller_role, current_highest_bid, auction_status, winner_login, winner_role) VALUES (688, 688, 'seller51', 'Seller', 0.00, 'Active', NULL, NULL);
INSERT INTO item (item_id, item_name, category, starting_price, image_url, item_condition, description, seller_login, seller_role) VALUES (689, 'Games Item 689', 'Games', 158.20, 'https://example.com/images/item_689.jpg', 'Like New', 'Fake test item 689 in Games category.', 'seller67', 'Seller');
INSERT INTO auction (auction_id, item_id, seller_login, seller_role, current_highest_bid, auction_status, winner_login, winner_role) VALUES (689, 689, 'seller67', 'Seller', 0.00, 'Active', NULL, NULL);
INSERT INTO item (item_id, item_name, category, starting_price, image_url, item_condition, description, seller_login, seller_role) VALUES (690, 'Games Item 690', 'Games', 188.53, 'https://example.com/images/item_690.jpg', 'New', 'Fake test item 690 in Games category.', 'seller91', 'Seller');
INSERT INTO auction (auction_id, item_id, seller_login, seller_role, current_highest_bid, auction_status, winner_login, winner_role) VALUES (690, 690, 'seller91', 'Seller', 233.29, 'Closed', 'buyer91', 'Buyer');
INSERT INTO item (item_id, item_name, category, starting_price, image_url, item_condition, description, seller_login, seller_role) VALUES (691, 'Games Item 691', 'Games', 397.39, 'https://example.com/images/item_691.jpg', 'Good', 'Fake test item 691 in Games category.', 'seller84', 'Seller');
INSERT INTO auction (auction_id, item_id, seller_login, seller_role, current_highest_bid, auction_status, winner_login, winner_role) VALUES (691, 691, 'seller84', 'Seller', 0.00, 'Active', NULL, NULL);
INSERT INTO item (item_id, item_name, category, starting_price, image_url, item_condition, description, seller_login, seller_role) VALUES (692, 'Clothing Item 692', 'Clothing', 477.58, 'https://example.com/images/item_692.jpg', 'Like New', 'Fake test item 692 in Clothing category.', 'seller16', 'Seller');
INSERT INTO auction (auction_id, item_id, seller_login, seller_role, current_highest_bid, auction_status, winner_login, winner_role) VALUES (692, 692, 'seller16', 'Seller', 0.00, 'Active', NULL, NULL);
INSERT INTO item (item_id, item_name, category, starting_price, image_url, item_condition, description, seller_login, seller_role) VALUES (693, 'Electronics Item 693', 'Electronics', 11.90, 'https://example.com/images/item_693.jpg', 'Fair', 'Fake test item 693 in Electronics category.', 'seller76', 'Seller');
INSERT INTO auction (auction_id, item_id, seller_login, seller_role, current_highest_bid, auction_status, winner_login, winner_role) VALUES (693, 693, 'seller76', 'Seller', 275.88, 'Closed', 'buyer75', 'Buyer');
INSERT INTO item (item_id, item_name, category, starting_price, image_url, item_condition, description, seller_login, seller_role) VALUES (694, 'Books Item 694', 'Books', 478.71, 'https://example.com/images/item_694.jpg', 'Good', 'Fake test item 694 in Books category.', 'seller29', 'Seller');
INSERT INTO auction (auction_id, item_id, seller_login, seller_role, current_highest_bid, auction_status, winner_login, winner_role) VALUES (694, 694, 'seller29', 'Seller', 0.00, 'Active', NULL, NULL);
INSERT INTO item (item_id, item_name, category, starting_price, image_url, item_condition, description, seller_login, seller_role) VALUES (695, 'Art Item 695', 'Art', 171.77, 'https://example.com/images/item_695.jpg', 'New', 'Fake test item 695 in Art category.', 'seller4', 'Seller');
INSERT INTO auction (auction_id, item_id, seller_login, seller_role, current_highest_bid, auction_status, winner_login, winner_role) VALUES (695, 695, 'seller4', 'Seller', 0.00, 'Active', NULL, NULL);
INSERT INTO item (item_id, item_name, category, starting_price, image_url, item_condition, description, seller_login, seller_role) VALUES (696, 'Clothing Item 696', 'Clothing', 350.72, 'https://example.com/images/item_696.jpg', 'Fair', 'Fake test item 696 in Clothing category.', 'seller1', 'Seller');
INSERT INTO auction (auction_id, item_id, seller_login, seller_role, current_highest_bid, auction_status, winner_login, winner_role) VALUES (696, 696, 'seller1', 'Seller', 505.27, 'Closed', 'buyer282', 'Buyer');
INSERT INTO item (item_id, item_name, category, starting_price, image_url, item_condition, description, seller_login, seller_role) VALUES (697, 'Electronics Item 697', 'Electronics', 369.00, 'https://example.com/images/item_697.jpg', 'New', 'Fake test item 697 in Electronics category.', 'seller86', 'Seller');
INSERT INTO auction (auction_id, item_id, seller_login, seller_role, current_highest_bid, auction_status, winner_login, winner_role) VALUES (697, 697, 'seller86', 'Seller', 0.00, 'Active', NULL, NULL);
INSERT INTO item (item_id, item_name, category, starting_price, image_url, item_condition, description, seller_login, seller_role) VALUES (698, 'Clothing Item 698', 'Clothing', 437.81, 'https://example.com/images/item_698.jpg', 'Used', 'Fake test item 698 in Clothing category.', 'seller90', 'Seller');
INSERT INTO auction (auction_id, item_id, seller_login, seller_role, current_highest_bid, auction_status, winner_login, winner_role) VALUES (698, 698, 'seller90', 'Seller', 0.00, 'Active', NULL, NULL);
INSERT INTO item (item_id, item_name, category, starting_price, image_url, item_condition, description, seller_login, seller_role) VALUES (699, 'Toys Item 699', 'Toys', 378.85, 'https://example.com/images/item_699.jpg', 'Fair', 'Fake test item 699 in Toys category.', 'seller4', 'Seller');
INSERT INTO auction (auction_id, item_id, seller_login, seller_role, current_highest_bid, auction_status, winner_login, winner_role) VALUES (699, 699, 'seller4', 'Seller', 442.52, 'Closed', 'buyer91', 'Buyer');
INSERT INTO item (item_id, item_name, category, starting_price, image_url, item_condition, description, seller_login, seller_role) VALUES (700, 'Clothing Item 700', 'Clothing', 40.41, 'https://example.com/images/item_700.jpg', 'Good', 'Fake test item 700 in Clothing category.', 'seller65', 'Seller');
INSERT INTO auction (auction_id, item_id, seller_login, seller_role, current_highest_bid, auction_status, winner_login, winner_role) VALUES (700, 700, 'seller65', 'Seller', 0.00, 'Active', NULL, NULL);
INSERT INTO item (item_id, item_name, category, starting_price, image_url, item_condition, description, seller_login, seller_role) VALUES (701, 'Home Item 701', 'Home', 479.53, 'https://example.com/images/item_701.jpg', 'Like New', 'Fake test item 701 in Home category.', 'seller76', 'Seller');
INSERT INTO auction (auction_id, item_id, seller_login, seller_role, current_highest_bid, auction_status, winner_login, winner_role) VALUES (701, 701, 'seller76', 'Seller', 0.00, 'Active', NULL, NULL);
INSERT INTO item (item_id, item_name, category, starting_price, image_url, item_condition, description, seller_login, seller_role) VALUES (702, 'Sports Item 702', 'Sports', 177.02, 'https://example.com/images/item_702.jpg', 'Used', 'Fake test item 702 in Sports category.', 'seller86', 'Seller');
INSERT INTO auction (auction_id, item_id, seller_login, seller_role, current_highest_bid, auction_status, winner_login, winner_role) VALUES (702, 702, 'seller86', 'Seller', 320.61, 'Closed', 'buyer29', 'Buyer');
INSERT INTO item (item_id, item_name, category, starting_price, image_url, item_condition, description, seller_login, seller_role) VALUES (703, 'Clothing Item 703', 'Clothing', 185.62, 'https://example.com/images/item_703.jpg', 'Like New', 'Fake test item 703 in Clothing category.', 'seller93', 'Seller');
INSERT INTO auction (auction_id, item_id, seller_login, seller_role, current_highest_bid, auction_status, winner_login, winner_role) VALUES (703, 703, 'seller93', 'Seller', 0.00, 'Active', NULL, NULL);
INSERT INTO item (item_id, item_name, category, starting_price, image_url, item_condition, description, seller_login, seller_role) VALUES (704, 'Sports Item 704', 'Sports', 283.64, 'https://example.com/images/item_704.jpg', 'Like New', 'Fake test item 704 in Sports category.', 'seller17', 'Seller');
INSERT INTO auction (auction_id, item_id, seller_login, seller_role, current_highest_bid, auction_status, winner_login, winner_role) VALUES (704, 704, 'seller17', 'Seller', 0.00, 'Active', NULL, NULL);
INSERT INTO item (item_id, item_name, category, starting_price, image_url, item_condition, description, seller_login, seller_role) VALUES (705, 'Electronics Item 705', 'Electronics', 402.40, 'https://example.com/images/item_705.jpg', 'Used', 'Fake test item 705 in Electronics category.', 'seller87', 'Seller');
INSERT INTO auction (auction_id, item_id, seller_login, seller_role, current_highest_bid, auction_status, winner_login, winner_role) VALUES (705, 705, 'seller87', 'Seller', 551.40, 'Closed', 'buyer125', 'Buyer');
INSERT INTO item (item_id, item_name, category, starting_price, image_url, item_condition, description, seller_login, seller_role) VALUES (706, 'Toys Item 706', 'Toys', 349.24, 'https://example.com/images/item_706.jpg', 'Used', 'Fake test item 706 in Toys category.', 'seller14', 'Seller');
INSERT INTO auction (auction_id, item_id, seller_login, seller_role, current_highest_bid, auction_status, winner_login, winner_role) VALUES (706, 706, 'seller14', 'Seller', 0.00, 'Active', NULL, NULL);
INSERT INTO item (item_id, item_name, category, starting_price, image_url, item_condition, description, seller_login, seller_role) VALUES (707, 'Toys Item 707', 'Toys', 192.60, 'https://example.com/images/item_707.jpg', 'Like New', 'Fake test item 707 in Toys category.', 'seller8', 'Seller');
INSERT INTO auction (auction_id, item_id, seller_login, seller_role, current_highest_bid, auction_status, winner_login, winner_role) VALUES (707, 707, 'seller8', 'Seller', 0.00, 'Active', NULL, NULL);
INSERT INTO item (item_id, item_name, category, starting_price, image_url, item_condition, description, seller_login, seller_role) VALUES (708, 'Home Item 708', 'Home', 186.20, 'https://example.com/images/item_708.jpg', 'Like New', 'Fake test item 708 in Home category.', 'seller2', 'Seller');
INSERT INTO auction (auction_id, item_id, seller_login, seller_role, current_highest_bid, auction_status, winner_login, winner_role) VALUES (708, 708, 'seller2', 'Seller', 366.85, 'Closed', 'buyer332', 'Buyer');
INSERT INTO item (item_id, item_name, category, starting_price, image_url, item_condition, description, seller_login, seller_role) VALUES (709, 'Clothing Item 709', 'Clothing', 478.47, 'https://example.com/images/item_709.jpg', 'Used', 'Fake test item 709 in Clothing category.', 'seller72', 'Seller');
INSERT INTO auction (auction_id, item_id, seller_login, seller_role, current_highest_bid, auction_status, winner_login, winner_role) VALUES (709, 709, 'seller72', 'Seller', 0.00, 'Active', NULL, NULL);
INSERT INTO item (item_id, item_name, category, starting_price, image_url, item_condition, description, seller_login, seller_role) VALUES (710, 'Toys Item 710', 'Toys', 194.24, 'https://example.com/images/item_710.jpg', 'Fair', 'Fake test item 710 in Toys category.', 'seller24', 'Seller');
INSERT INTO auction (auction_id, item_id, seller_login, seller_role, current_highest_bid, auction_status, winner_login, winner_role) VALUES (710, 710, 'seller24', 'Seller', 0.00, 'Active', NULL, NULL);
INSERT INTO item (item_id, item_name, category, starting_price, image_url, item_condition, description, seller_login, seller_role) VALUES (711, 'Home Item 711', 'Home', 486.04, 'https://example.com/images/item_711.jpg', 'New', 'Fake test item 711 in Home category.', 'seller80', 'Seller');
INSERT INTO auction (auction_id, item_id, seller_login, seller_role, current_highest_bid, auction_status, winner_login, winner_role) VALUES (711, 711, 'seller80', 'Seller', 669.90, 'Closed', 'buyer57', 'Buyer');
INSERT INTO item (item_id, item_name, category, starting_price, image_url, item_condition, description, seller_login, seller_role) VALUES (712, 'Sports Item 712', 'Sports', 180.96, 'https://example.com/images/item_712.jpg', 'Like New', 'Fake test item 712 in Sports category.', 'seller78', 'Seller');
INSERT INTO auction (auction_id, item_id, seller_login, seller_role, current_highest_bid, auction_status, winner_login, winner_role) VALUES (712, 712, 'seller78', 'Seller', 0.00, 'Active', NULL, NULL);
INSERT INTO item (item_id, item_name, category, starting_price, image_url, item_condition, description, seller_login, seller_role) VALUES (713, 'Electronics Item 713', 'Electronics', 189.17, 'https://example.com/images/item_713.jpg', 'New', 'Fake test item 713 in Electronics category.', 'seller14', 'Seller');
INSERT INTO auction (auction_id, item_id, seller_login, seller_role, current_highest_bid, auction_status, winner_login, winner_role) VALUES (713, 713, 'seller14', 'Seller', 0.00, 'Active', NULL, NULL);
INSERT INTO item (item_id, item_name, category, starting_price, image_url, item_condition, description, seller_login, seller_role) VALUES (714, 'Home Item 714', 'Home', 174.51, 'https://example.com/images/item_714.jpg', 'Like New', 'Fake test item 714 in Home category.', 'seller84', 'Seller');
INSERT INTO auction (auction_id, item_id, seller_login, seller_role, current_highest_bid, auction_status, winner_login, winner_role) VALUES (714, 714, 'seller84', 'Seller', 307.66, 'Closed', 'buyer123', 'Buyer');
INSERT INTO item (item_id, item_name, category, starting_price, image_url, item_condition, description, seller_login, seller_role) VALUES (715, 'Clothing Item 715', 'Clothing', 288.09, 'https://example.com/images/item_715.jpg', 'Like New', 'Fake test item 715 in Clothing category.', 'seller68', 'Seller');
INSERT INTO auction (auction_id, item_id, seller_login, seller_role, current_highest_bid, auction_status, winner_login, winner_role) VALUES (715, 715, 'seller68', 'Seller', 0.00, 'Active', NULL, NULL);
INSERT INTO item (item_id, item_name, category, starting_price, image_url, item_condition, description, seller_login, seller_role) VALUES (716, 'Toys Item 716', 'Toys', 481.16, 'https://example.com/images/item_716.jpg', 'Good', 'Fake test item 716 in Toys category.', 'seller93', 'Seller');
INSERT INTO auction (auction_id, item_id, seller_login, seller_role, current_highest_bid, auction_status, winner_login, winner_role) VALUES (716, 716, 'seller93', 'Seller', 0.00, 'Active', NULL, NULL);
INSERT INTO item (item_id, item_name, category, starting_price, image_url, item_condition, description, seller_login, seller_role) VALUES (717, 'Books Item 717', 'Books', 226.03, 'https://example.com/images/item_717.jpg', 'Good', 'Fake test item 717 in Books category.', 'seller73', 'Seller');
INSERT INTO auction (auction_id, item_id, seller_login, seller_role, current_highest_bid, auction_status, winner_login, winner_role) VALUES (717, 717, 'seller73', 'Seller', 489.40, 'Closed', 'buyer302', 'Buyer');
INSERT INTO item (item_id, item_name, category, starting_price, image_url, item_condition, description, seller_login, seller_role) VALUES (718, 'Electronics Item 718', 'Electronics', 215.90, 'https://example.com/images/item_718.jpg', 'Used', 'Fake test item 718 in Electronics category.', 'seller89', 'Seller');
INSERT INTO auction (auction_id, item_id, seller_login, seller_role, current_highest_bid, auction_status, winner_login, winner_role) VALUES (718, 718, 'seller89', 'Seller', 0.00, 'Active', NULL, NULL);
INSERT INTO item (item_id, item_name, category, starting_price, image_url, item_condition, description, seller_login, seller_role) VALUES (719, 'Sports Item 719', 'Sports', 265.42, 'https://example.com/images/item_719.jpg', 'Used', 'Fake test item 719 in Sports category.', 'seller97', 'Seller');
INSERT INTO auction (auction_id, item_id, seller_login, seller_role, current_highest_bid, auction_status, winner_login, winner_role) VALUES (719, 719, 'seller97', 'Seller', 0.00, 'Active', NULL, NULL);
INSERT INTO item (item_id, item_name, category, starting_price, image_url, item_condition, description, seller_login, seller_role) VALUES (720, 'Home Item 720', 'Home', 388.34, 'https://example.com/images/item_720.jpg', 'Like New', 'Fake test item 720 in Home category.', 'seller20', 'Seller');
INSERT INTO auction (auction_id, item_id, seller_login, seller_role, current_highest_bid, auction_status, winner_login, winner_role) VALUES (720, 720, 'seller20', 'Seller', 673.35, 'Closed', 'buyer148', 'Buyer');
INSERT INTO item (item_id, item_name, category, starting_price, image_url, item_condition, description, seller_login, seller_role) VALUES (721, 'Home Item 721', 'Home', 101.60, 'https://example.com/images/item_721.jpg', 'Fair', 'Fake test item 721 in Home category.', 'seller64', 'Seller');
INSERT INTO auction (auction_id, item_id, seller_login, seller_role, current_highest_bid, auction_status, winner_login, winner_role) VALUES (721, 721, 'seller64', 'Seller', 0.00, 'Active', NULL, NULL);
INSERT INTO item (item_id, item_name, category, starting_price, image_url, item_condition, description, seller_login, seller_role) VALUES (722, 'Games Item 722', 'Games', 136.57, 'https://example.com/images/item_722.jpg', 'Fair', 'Fake test item 722 in Games category.', 'seller70', 'Seller');
INSERT INTO auction (auction_id, item_id, seller_login, seller_role, current_highest_bid, auction_status, winner_login, winner_role) VALUES (722, 722, 'seller70', 'Seller', 0.00, 'Active', NULL, NULL);
INSERT INTO item (item_id, item_name, category, starting_price, image_url, item_condition, description, seller_login, seller_role) VALUES (723, 'Home Item 723', 'Home', 281.94, 'https://example.com/images/item_723.jpg', 'Like New', 'Fake test item 723 in Home category.', 'seller76', 'Seller');
INSERT INTO auction (auction_id, item_id, seller_login, seller_role, current_highest_bid, auction_status, winner_login, winner_role) VALUES (723, 723, 'seller76', 'Seller', 454.93, 'Closed', 'buyer98', 'Buyer');
INSERT INTO item (item_id, item_name, category, starting_price, image_url, item_condition, description, seller_login, seller_role) VALUES (724, 'Electronics Item 724', 'Electronics', 492.07, 'https://example.com/images/item_724.jpg', 'Good', 'Fake test item 724 in Electronics category.', 'seller86', 'Seller');
INSERT INTO auction (auction_id, item_id, seller_login, seller_role, current_highest_bid, auction_status, winner_login, winner_role) VALUES (724, 724, 'seller86', 'Seller', 0.00, 'Active', NULL, NULL);
INSERT INTO item (item_id, item_name, category, starting_price, image_url, item_condition, description, seller_login, seller_role) VALUES (725, 'Books Item 725', 'Books', 6.90, 'https://example.com/images/item_725.jpg', 'Like New', 'Fake test item 725 in Books category.', 'seller45', 'Seller');
INSERT INTO auction (auction_id, item_id, seller_login, seller_role, current_highest_bid, auction_status, winner_login, winner_role) VALUES (725, 725, 'seller45', 'Seller', 0.00, 'Active', NULL, NULL);
INSERT INTO item (item_id, item_name, category, starting_price, image_url, item_condition, description, seller_login, seller_role) VALUES (726, 'Home Item 726', 'Home', 156.36, 'https://example.com/images/item_726.jpg', 'Used', 'Fake test item 726 in Home category.', 'seller71', 'Seller');
INSERT INTO auction (auction_id, item_id, seller_login, seller_role, current_highest_bid, auction_status, winner_login, winner_role) VALUES (726, 726, 'seller71', 'Seller', 178.21, 'Closed', 'buyer299', 'Buyer');
INSERT INTO item (item_id, item_name, category, starting_price, image_url, item_condition, description, seller_login, seller_role) VALUES (727, 'Clothing Item 727', 'Clothing', 174.64, 'https://example.com/images/item_727.jpg', 'Fair', 'Fake test item 727 in Clothing category.', 'seller48', 'Seller');
INSERT INTO auction (auction_id, item_id, seller_login, seller_role, current_highest_bid, auction_status, winner_login, winner_role) VALUES (727, 727, 'seller48', 'Seller', 0.00, 'Active', NULL, NULL);
INSERT INTO item (item_id, item_name, category, starting_price, image_url, item_condition, description, seller_login, seller_role) VALUES (728, 'Toys Item 728', 'Toys', 339.14, 'https://example.com/images/item_728.jpg', 'Good', 'Fake test item 728 in Toys category.', 'seller62', 'Seller');
INSERT INTO auction (auction_id, item_id, seller_login, seller_role, current_highest_bid, auction_status, winner_login, winner_role) VALUES (728, 728, 'seller62', 'Seller', 0.00, 'Active', NULL, NULL);
INSERT INTO item (item_id, item_name, category, starting_price, image_url, item_condition, description, seller_login, seller_role) VALUES (729, 'Home Item 729', 'Home', 464.22, 'https://example.com/images/item_729.jpg', 'Used', 'Fake test item 729 in Home category.', 'seller19', 'Seller');
INSERT INTO auction (auction_id, item_id, seller_login, seller_role, current_highest_bid, auction_status, winner_login, winner_role) VALUES (729, 729, 'seller19', 'Seller', 514.42, 'Closed', 'buyer183', 'Buyer');
INSERT INTO item (item_id, item_name, category, starting_price, image_url, item_condition, description, seller_login, seller_role) VALUES (730, 'Sports Item 730', 'Sports', 349.07, 'https://example.com/images/item_730.jpg', 'Fair', 'Fake test item 730 in Sports category.', 'seller98', 'Seller');
INSERT INTO auction (auction_id, item_id, seller_login, seller_role, current_highest_bid, auction_status, winner_login, winner_role) VALUES (730, 730, 'seller98', 'Seller', 0.00, 'Active', NULL, NULL);
INSERT INTO item (item_id, item_name, category, starting_price, image_url, item_condition, description, seller_login, seller_role) VALUES (731, 'Toys Item 731', 'Toys', 116.05, 'https://example.com/images/item_731.jpg', 'Like New', 'Fake test item 731 in Toys category.', 'seller84', 'Seller');
INSERT INTO auction (auction_id, item_id, seller_login, seller_role, current_highest_bid, auction_status, winner_login, winner_role) VALUES (731, 731, 'seller84', 'Seller', 0.00, 'Active', NULL, NULL);
INSERT INTO item (item_id, item_name, category, starting_price, image_url, item_condition, description, seller_login, seller_role) VALUES (732, 'Games Item 732', 'Games', 230.09, 'https://example.com/images/item_732.jpg', 'Good', 'Fake test item 732 in Games category.', 'seller77', 'Seller');
INSERT INTO auction (auction_id, item_id, seller_login, seller_role, current_highest_bid, auction_status, winner_login, winner_role) VALUES (732, 732, 'seller77', 'Seller', 378.78, 'Closed', 'buyer307', 'Buyer');
INSERT INTO item (item_id, item_name, category, starting_price, image_url, item_condition, description, seller_login, seller_role) VALUES (733, 'Games Item 733', 'Games', 135.93, 'https://example.com/images/item_733.jpg', 'Fair', 'Fake test item 733 in Games category.', 'seller26', 'Seller');
INSERT INTO auction (auction_id, item_id, seller_login, seller_role, current_highest_bid, auction_status, winner_login, winner_role) VALUES (733, 733, 'seller26', 'Seller', 0.00, 'Active', NULL, NULL);
INSERT INTO item (item_id, item_name, category, starting_price, image_url, item_condition, description, seller_login, seller_role) VALUES (734, 'Games Item 734', 'Games', 281.94, 'https://example.com/images/item_734.jpg', 'Like New', 'Fake test item 734 in Games category.', 'seller44', 'Seller');
INSERT INTO auction (auction_id, item_id, seller_login, seller_role, current_highest_bid, auction_status, winner_login, winner_role) VALUES (734, 734, 'seller44', 'Seller', 0.00, 'Active', NULL, NULL);
INSERT INTO item (item_id, item_name, category, starting_price, image_url, item_condition, description, seller_login, seller_role) VALUES (735, 'Home Item 735', 'Home', 53.34, 'https://example.com/images/item_735.jpg', 'Fair', 'Fake test item 735 in Home category.', 'seller89', 'Seller');
INSERT INTO auction (auction_id, item_id, seller_login, seller_role, current_highest_bid, auction_status, winner_login, winner_role) VALUES (735, 735, 'seller89', 'Seller', 338.57, 'Closed', 'buyer350', 'Buyer');
INSERT INTO item (item_id, item_name, category, starting_price, image_url, item_condition, description, seller_login, seller_role) VALUES (736, 'Books Item 736', 'Books', 167.14, 'https://example.com/images/item_736.jpg', 'Fair', 'Fake test item 736 in Books category.', 'seller97', 'Seller');
INSERT INTO auction (auction_id, item_id, seller_login, seller_role, current_highest_bid, auction_status, winner_login, winner_role) VALUES (736, 736, 'seller97', 'Seller', 0.00, 'Active', NULL, NULL);
INSERT INTO item (item_id, item_name, category, starting_price, image_url, item_condition, description, seller_login, seller_role) VALUES (737, 'Games Item 737', 'Games', 19.46, 'https://example.com/images/item_737.jpg', 'Used', 'Fake test item 737 in Games category.', 'seller66', 'Seller');
INSERT INTO auction (auction_id, item_id, seller_login, seller_role, current_highest_bid, auction_status, winner_login, winner_role) VALUES (737, 737, 'seller66', 'Seller', 0.00, 'Active', NULL, NULL);
INSERT INTO item (item_id, item_name, category, starting_price, image_url, item_condition, description, seller_login, seller_role) VALUES (738, 'Sports Item 738', 'Sports', 499.26, 'https://example.com/images/item_738.jpg', 'Like New', 'Fake test item 738 in Sports category.', 'seller14', 'Seller');
INSERT INTO auction (auction_id, item_id, seller_login, seller_role, current_highest_bid, auction_status, winner_login, winner_role) VALUES (738, 738, 'seller14', 'Seller', 693.06, 'Closed', 'buyer19', 'Buyer');
INSERT INTO item (item_id, item_name, category, starting_price, image_url, item_condition, description, seller_login, seller_role) VALUES (739, 'Art Item 739', 'Art', 312.09, 'https://example.com/images/item_739.jpg', 'Like New', 'Fake test item 739 in Art category.', 'seller87', 'Seller');
INSERT INTO auction (auction_id, item_id, seller_login, seller_role, current_highest_bid, auction_status, winner_login, winner_role) VALUES (739, 739, 'seller87', 'Seller', 0.00, 'Active', NULL, NULL);
INSERT INTO item (item_id, item_name, category, starting_price, image_url, item_condition, description, seller_login, seller_role) VALUES (740, 'Home Item 740', 'Home', 344.02, 'https://example.com/images/item_740.jpg', 'Good', 'Fake test item 740 in Home category.', 'seller88', 'Seller');
INSERT INTO auction (auction_id, item_id, seller_login, seller_role, current_highest_bid, auction_status, winner_login, winner_role) VALUES (740, 740, 'seller88', 'Seller', 0.00, 'Active', NULL, NULL);
INSERT INTO item (item_id, item_name, category, starting_price, image_url, item_condition, description, seller_login, seller_role) VALUES (741, 'Clothing Item 741', 'Clothing', 189.67, 'https://example.com/images/item_741.jpg', 'New', 'Fake test item 741 in Clothing category.', 'seller35', 'Seller');
INSERT INTO auction (auction_id, item_id, seller_login, seller_role, current_highest_bid, auction_status, winner_login, winner_role) VALUES (741, 741, 'seller35', 'Seller', 271.70, 'Closed', 'buyer5', 'Buyer');
INSERT INTO item (item_id, item_name, category, starting_price, image_url, item_condition, description, seller_login, seller_role) VALUES (742, 'Games Item 742', 'Games', 294.86, 'https://example.com/images/item_742.jpg', 'Used', 'Fake test item 742 in Games category.', 'seller96', 'Seller');
INSERT INTO auction (auction_id, item_id, seller_login, seller_role, current_highest_bid, auction_status, winner_login, winner_role) VALUES (742, 742, 'seller96', 'Seller', 0.00, 'Active', NULL, NULL);
INSERT INTO item (item_id, item_name, category, starting_price, image_url, item_condition, description, seller_login, seller_role) VALUES (743, 'Clothing Item 743', 'Clothing', 209.91, 'https://example.com/images/item_743.jpg', 'Good', 'Fake test item 743 in Clothing category.', 'seller41', 'Seller');
INSERT INTO auction (auction_id, item_id, seller_login, seller_role, current_highest_bid, auction_status, winner_login, winner_role) VALUES (743, 743, 'seller41', 'Seller', 0.00, 'Active', NULL, NULL);
INSERT INTO item (item_id, item_name, category, starting_price, image_url, item_condition, description, seller_login, seller_role) VALUES (744, 'Electronics Item 744', 'Electronics', 52.59, 'https://example.com/images/item_744.jpg', 'Like New', 'Fake test item 744 in Electronics category.', 'seller55', 'Seller');
INSERT INTO auction (auction_id, item_id, seller_login, seller_role, current_highest_bid, auction_status, winner_login, winner_role) VALUES (744, 744, 'seller55', 'Seller', 318.96, 'Closed', 'buyer148', 'Buyer');
INSERT INTO item (item_id, item_name, category, starting_price, image_url, item_condition, description, seller_login, seller_role) VALUES (745, 'Electronics Item 745', 'Electronics', 283.17, 'https://example.com/images/item_745.jpg', 'New', 'Fake test item 745 in Electronics category.', 'seller82', 'Seller');
INSERT INTO auction (auction_id, item_id, seller_login, seller_role, current_highest_bid, auction_status, winner_login, winner_role) VALUES (745, 745, 'seller82', 'Seller', 0.00, 'Active', NULL, NULL);
INSERT INTO item (item_id, item_name, category, starting_price, image_url, item_condition, description, seller_login, seller_role) VALUES (746, 'Games Item 746', 'Games', 97.59, 'https://example.com/images/item_746.jpg', 'New', 'Fake test item 746 in Games category.', 'seller2', 'Seller');
INSERT INTO auction (auction_id, item_id, seller_login, seller_role, current_highest_bid, auction_status, winner_login, winner_role) VALUES (746, 746, 'seller2', 'Seller', 0.00, 'Active', NULL, NULL);
INSERT INTO item (item_id, item_name, category, starting_price, image_url, item_condition, description, seller_login, seller_role) VALUES (747, 'Art Item 747', 'Art', 248.31, 'https://example.com/images/item_747.jpg', 'Used', 'Fake test item 747 in Art category.', 'seller33', 'Seller');
INSERT INTO auction (auction_id, item_id, seller_login, seller_role, current_highest_bid, auction_status, winner_login, winner_role) VALUES (747, 747, 'seller33', 'Seller', 333.24, 'Closed', 'buyer19', 'Buyer');
INSERT INTO item (item_id, item_name, category, starting_price, image_url, item_condition, description, seller_login, seller_role) VALUES (748, 'Clothing Item 748', 'Clothing', 157.96, 'https://example.com/images/item_748.jpg', 'New', 'Fake test item 748 in Clothing category.', 'seller63', 'Seller');
INSERT INTO auction (auction_id, item_id, seller_login, seller_role, current_highest_bid, auction_status, winner_login, winner_role) VALUES (748, 748, 'seller63', 'Seller', 0.00, 'Active', NULL, NULL);
INSERT INTO item (item_id, item_name, category, starting_price, image_url, item_condition, description, seller_login, seller_role) VALUES (749, 'Sports Item 749', 'Sports', 92.22, 'https://example.com/images/item_749.jpg', 'Fair', 'Fake test item 749 in Sports category.', 'seller82', 'Seller');
INSERT INTO auction (auction_id, item_id, seller_login, seller_role, current_highest_bid, auction_status, winner_login, winner_role) VALUES (749, 749, 'seller82', 'Seller', 0.00, 'Active', NULL, NULL);
INSERT INTO item (item_id, item_name, category, starting_price, image_url, item_condition, description, seller_login, seller_role) VALUES (750, 'Art Item 750', 'Art', 8.78, 'https://example.com/images/item_750.jpg', 'Like New', 'Fake test item 750 in Art category.', 'seller51', 'Seller');
INSERT INTO auction (auction_id, item_id, seller_login, seller_role, current_highest_bid, auction_status, winner_login, winner_role) VALUES (750, 750, 'seller51', 'Seller', 29.30, 'Closed', 'buyer229', 'Buyer');
INSERT INTO item (item_id, item_name, category, starting_price, image_url, item_condition, description, seller_login, seller_role) VALUES (751, 'Clothing Item 751', 'Clothing', 289.86, 'https://example.com/images/item_751.jpg', 'New', 'Fake test item 751 in Clothing category.', 'seller50', 'Seller');
INSERT INTO auction (auction_id, item_id, seller_login, seller_role, current_highest_bid, auction_status, winner_login, winner_role) VALUES (751, 751, 'seller50', 'Seller', 0.00, 'Active', NULL, NULL);
INSERT INTO item (item_id, item_name, category, starting_price, image_url, item_condition, description, seller_login, seller_role) VALUES (752, 'Art Item 752', 'Art', 81.31, 'https://example.com/images/item_752.jpg', 'Fair', 'Fake test item 752 in Art category.', 'seller93', 'Seller');
INSERT INTO auction (auction_id, item_id, seller_login, seller_role, current_highest_bid, auction_status, winner_login, winner_role) VALUES (752, 752, 'seller93', 'Seller', 0.00, 'Active', NULL, NULL);
INSERT INTO item (item_id, item_name, category, starting_price, image_url, item_condition, description, seller_login, seller_role) VALUES (753, 'Sports Item 753', 'Sports', 486.41, 'https://example.com/images/item_753.jpg', 'Used', 'Fake test item 753 in Sports category.', 'seller21', 'Seller');
INSERT INTO auction (auction_id, item_id, seller_login, seller_role, current_highest_bid, auction_status, winner_login, winner_role) VALUES (753, 753, 'seller21', 'Seller', 583.77, 'Closed', 'buyer198', 'Buyer');
INSERT INTO item (item_id, item_name, category, starting_price, image_url, item_condition, description, seller_login, seller_role) VALUES (754, 'Electronics Item 754', 'Electronics', 19.90, 'https://example.com/images/item_754.jpg', 'New', 'Fake test item 754 in Electronics category.', 'seller62', 'Seller');
INSERT INTO auction (auction_id, item_id, seller_login, seller_role, current_highest_bid, auction_status, winner_login, winner_role) VALUES (754, 754, 'seller62', 'Seller', 0.00, 'Active', NULL, NULL);
INSERT INTO item (item_id, item_name, category, starting_price, image_url, item_condition, description, seller_login, seller_role) VALUES (755, 'Electronics Item 755', 'Electronics', 169.30, 'https://example.com/images/item_755.jpg', 'Like New', 'Fake test item 755 in Electronics category.', 'seller68', 'Seller');
INSERT INTO auction (auction_id, item_id, seller_login, seller_role, current_highest_bid, auction_status, winner_login, winner_role) VALUES (755, 755, 'seller68', 'Seller', 0.00, 'Active', NULL, NULL);
INSERT INTO item (item_id, item_name, category, starting_price, image_url, item_condition, description, seller_login, seller_role) VALUES (756, 'Books Item 756', 'Books', 374.60, 'https://example.com/images/item_756.jpg', 'New', 'Fake test item 756 in Books category.', 'seller81', 'Seller');
INSERT INTO auction (auction_id, item_id, seller_login, seller_role, current_highest_bid, auction_status, winner_login, winner_role) VALUES (756, 756, 'seller81', 'Seller', 647.46, 'Closed', 'buyer181', 'Buyer');
INSERT INTO item (item_id, item_name, category, starting_price, image_url, item_condition, description, seller_login, seller_role) VALUES (757, 'Art Item 757', 'Art', 463.54, 'https://example.com/images/item_757.jpg', 'Used', 'Fake test item 757 in Art category.', 'seller59', 'Seller');
INSERT INTO auction (auction_id, item_id, seller_login, seller_role, current_highest_bid, auction_status, winner_login, winner_role) VALUES (757, 757, 'seller59', 'Seller', 0.00, 'Active', NULL, NULL);
INSERT INTO item (item_id, item_name, category, starting_price, image_url, item_condition, description, seller_login, seller_role) VALUES (758, 'Toys Item 758', 'Toys', 371.50, 'https://example.com/images/item_758.jpg', 'Good', 'Fake test item 758 in Toys category.', 'seller45', 'Seller');
INSERT INTO auction (auction_id, item_id, seller_login, seller_role, current_highest_bid, auction_status, winner_login, winner_role) VALUES (758, 758, 'seller45', 'Seller', 0.00, 'Active', NULL, NULL);
INSERT INTO item (item_id, item_name, category, starting_price, image_url, item_condition, description, seller_login, seller_role) VALUES (759, 'Books Item 759', 'Books', 6.07, 'https://example.com/images/item_759.jpg', 'Used', 'Fake test item 759 in Books category.', 'seller74', 'Seller');
INSERT INTO auction (auction_id, item_id, seller_login, seller_role, current_highest_bid, auction_status, winner_login, winner_role) VALUES (759, 759, 'seller74', 'Seller', 299.61, 'Closed', 'buyer106', 'Buyer');
INSERT INTO item (item_id, item_name, category, starting_price, image_url, item_condition, description, seller_login, seller_role) VALUES (760, 'Books Item 760', 'Books', 264.08, 'https://example.com/images/item_760.jpg', 'Good', 'Fake test item 760 in Books category.', 'seller40', 'Seller');
INSERT INTO auction (auction_id, item_id, seller_login, seller_role, current_highest_bid, auction_status, winner_login, winner_role) VALUES (760, 760, 'seller40', 'Seller', 0.00, 'Active', NULL, NULL);
INSERT INTO item (item_id, item_name, category, starting_price, image_url, item_condition, description, seller_login, seller_role) VALUES (761, 'Toys Item 761', 'Toys', 77.94, 'https://example.com/images/item_761.jpg', 'Good', 'Fake test item 761 in Toys category.', 'seller55', 'Seller');
INSERT INTO auction (auction_id, item_id, seller_login, seller_role, current_highest_bid, auction_status, winner_login, winner_role) VALUES (761, 761, 'seller55', 'Seller', 0.00, 'Active', NULL, NULL);
INSERT INTO item (item_id, item_name, category, starting_price, image_url, item_condition, description, seller_login, seller_role) VALUES (762, 'Games Item 762', 'Games', 62.59, 'https://example.com/images/item_762.jpg', 'Fair', 'Fake test item 762 in Games category.', 'seller23', 'Seller');
INSERT INTO auction (auction_id, item_id, seller_login, seller_role, current_highest_bid, auction_status, winner_login, winner_role) VALUES (762, 762, 'seller23', 'Seller', 162.87, 'Closed', 'buyer375', 'Buyer');
INSERT INTO item (item_id, item_name, category, starting_price, image_url, item_condition, description, seller_login, seller_role) VALUES (763, 'Home Item 763', 'Home', 309.87, 'https://example.com/images/item_763.jpg', 'Good', 'Fake test item 763 in Home category.', 'seller34', 'Seller');
INSERT INTO auction (auction_id, item_id, seller_login, seller_role, current_highest_bid, auction_status, winner_login, winner_role) VALUES (763, 763, 'seller34', 'Seller', 0.00, 'Active', NULL, NULL);
INSERT INTO item (item_id, item_name, category, starting_price, image_url, item_condition, description, seller_login, seller_role) VALUES (764, 'Sports Item 764', 'Sports', 392.81, 'https://example.com/images/item_764.jpg', 'New', 'Fake test item 764 in Sports category.', 'seller62', 'Seller');
INSERT INTO auction (auction_id, item_id, seller_login, seller_role, current_highest_bid, auction_status, winner_login, winner_role) VALUES (764, 764, 'seller62', 'Seller', 0.00, 'Active', NULL, NULL);
INSERT INTO item (item_id, item_name, category, starting_price, image_url, item_condition, description, seller_login, seller_role) VALUES (765, 'Books Item 765', 'Books', 408.08, 'https://example.com/images/item_765.jpg', 'Like New', 'Fake test item 765 in Books category.', 'seller70', 'Seller');
INSERT INTO auction (auction_id, item_id, seller_login, seller_role, current_highest_bid, auction_status, winner_login, winner_role) VALUES (765, 765, 'seller70', 'Seller', 660.83, 'Closed', 'buyer166', 'Buyer');
INSERT INTO item (item_id, item_name, category, starting_price, image_url, item_condition, description, seller_login, seller_role) VALUES (766, 'Electronics Item 766', 'Electronics', 133.83, 'https://example.com/images/item_766.jpg', 'New', 'Fake test item 766 in Electronics category.', 'seller15', 'Seller');
INSERT INTO auction (auction_id, item_id, seller_login, seller_role, current_highest_bid, auction_status, winner_login, winner_role) VALUES (766, 766, 'seller15', 'Seller', 0.00, 'Active', NULL, NULL);
INSERT INTO item (item_id, item_name, category, starting_price, image_url, item_condition, description, seller_login, seller_role) VALUES (767, 'Toys Item 767', 'Toys', 431.92, 'https://example.com/images/item_767.jpg', 'Good', 'Fake test item 767 in Toys category.', 'seller46', 'Seller');
INSERT INTO auction (auction_id, item_id, seller_login, seller_role, current_highest_bid, auction_status, winner_login, winner_role) VALUES (767, 767, 'seller46', 'Seller', 0.00, 'Active', NULL, NULL);
INSERT INTO item (item_id, item_name, category, starting_price, image_url, item_condition, description, seller_login, seller_role) VALUES (768, 'Electronics Item 768', 'Electronics', 31.41, 'https://example.com/images/item_768.jpg', 'Fair', 'Fake test item 768 in Electronics category.', 'seller23', 'Seller');
INSERT INTO auction (auction_id, item_id, seller_login, seller_role, current_highest_bid, auction_status, winner_login, winner_role) VALUES (768, 768, 'seller23', 'Seller', 139.43, 'Closed', 'buyer302', 'Buyer');
INSERT INTO item (item_id, item_name, category, starting_price, image_url, item_condition, description, seller_login, seller_role) VALUES (769, 'Art Item 769', 'Art', 409.20, 'https://example.com/images/item_769.jpg', 'Like New', 'Fake test item 769 in Art category.', 'seller34', 'Seller');
INSERT INTO auction (auction_id, item_id, seller_login, seller_role, current_highest_bid, auction_status, winner_login, winner_role) VALUES (769, 769, 'seller34', 'Seller', 0.00, 'Active', NULL, NULL);
INSERT INTO item (item_id, item_name, category, starting_price, image_url, item_condition, description, seller_login, seller_role) VALUES (770, 'Sports Item 770', 'Sports', 36.01, 'https://example.com/images/item_770.jpg', 'New', 'Fake test item 770 in Sports category.', 'seller43', 'Seller');
INSERT INTO auction (auction_id, item_id, seller_login, seller_role, current_highest_bid, auction_status, winner_login, winner_role) VALUES (770, 770, 'seller43', 'Seller', 0.00, 'Active', NULL, NULL);
INSERT INTO item (item_id, item_name, category, starting_price, image_url, item_condition, description, seller_login, seller_role) VALUES (771, 'Art Item 771', 'Art', 343.88, 'https://example.com/images/item_771.jpg', 'Good', 'Fake test item 771 in Art category.', 'seller70', 'Seller');
INSERT INTO auction (auction_id, item_id, seller_login, seller_role, current_highest_bid, auction_status, winner_login, winner_role) VALUES (771, 771, 'seller70', 'Seller', 428.33, 'Closed', 'buyer373', 'Buyer');
INSERT INTO item (item_id, item_name, category, starting_price, image_url, item_condition, description, seller_login, seller_role) VALUES (772, 'Toys Item 772', 'Toys', 105.78, 'https://example.com/images/item_772.jpg', 'Like New', 'Fake test item 772 in Toys category.', 'seller52', 'Seller');
INSERT INTO auction (auction_id, item_id, seller_login, seller_role, current_highest_bid, auction_status, winner_login, winner_role) VALUES (772, 772, 'seller52', 'Seller', 0.00, 'Active', NULL, NULL);
INSERT INTO item (item_id, item_name, category, starting_price, image_url, item_condition, description, seller_login, seller_role) VALUES (773, 'Games Item 773', 'Games', 482.33, 'https://example.com/images/item_773.jpg', 'Used', 'Fake test item 773 in Games category.', 'seller24', 'Seller');
INSERT INTO auction (auction_id, item_id, seller_login, seller_role, current_highest_bid, auction_status, winner_login, winner_role) VALUES (773, 773, 'seller24', 'Seller', 0.00, 'Active', NULL, NULL);
INSERT INTO item (item_id, item_name, category, starting_price, image_url, item_condition, description, seller_login, seller_role) VALUES (774, 'Sports Item 774', 'Sports', 494.03, 'https://example.com/images/item_774.jpg', 'Good', 'Fake test item 774 in Sports category.', 'seller53', 'Seller');
INSERT INTO auction (auction_id, item_id, seller_login, seller_role, current_highest_bid, auction_status, winner_login, winner_role) VALUES (774, 774, 'seller53', 'Seller', 586.31, 'Closed', 'buyer177', 'Buyer');
INSERT INTO item (item_id, item_name, category, starting_price, image_url, item_condition, description, seller_login, seller_role) VALUES (775, 'Art Item 775', 'Art', 78.42, 'https://example.com/images/item_775.jpg', 'Used', 'Fake test item 775 in Art category.', 'seller47', 'Seller');
INSERT INTO auction (auction_id, item_id, seller_login, seller_role, current_highest_bid, auction_status, winner_login, winner_role) VALUES (775, 775, 'seller47', 'Seller', 0.00, 'Active', NULL, NULL);
INSERT INTO item (item_id, item_name, category, starting_price, image_url, item_condition, description, seller_login, seller_role) VALUES (776, 'Sports Item 776', 'Sports', 416.56, 'https://example.com/images/item_776.jpg', 'Used', 'Fake test item 776 in Sports category.', 'seller64', 'Seller');
INSERT INTO auction (auction_id, item_id, seller_login, seller_role, current_highest_bid, auction_status, winner_login, winner_role) VALUES (776, 776, 'seller64', 'Seller', 0.00, 'Active', NULL, NULL);
INSERT INTO item (item_id, item_name, category, starting_price, image_url, item_condition, description, seller_login, seller_role) VALUES (777, 'Home Item 777', 'Home', 368.43, 'https://example.com/images/item_777.jpg', 'Good', 'Fake test item 777 in Home category.', 'seller87', 'Seller');
INSERT INTO auction (auction_id, item_id, seller_login, seller_role, current_highest_bid, auction_status, winner_login, winner_role) VALUES (777, 777, 'seller87', 'Seller', 598.57, 'Closed', 'buyer265', 'Buyer');
INSERT INTO item (item_id, item_name, category, starting_price, image_url, item_condition, description, seller_login, seller_role) VALUES (778, 'Art Item 778', 'Art', 156.57, 'https://example.com/images/item_778.jpg', 'New', 'Fake test item 778 in Art category.', 'seller48', 'Seller');
INSERT INTO auction (auction_id, item_id, seller_login, seller_role, current_highest_bid, auction_status, winner_login, winner_role) VALUES (778, 778, 'seller48', 'Seller', 0.00, 'Active', NULL, NULL);
INSERT INTO item (item_id, item_name, category, starting_price, image_url, item_condition, description, seller_login, seller_role) VALUES (779, 'Home Item 779', 'Home', 444.54, 'https://example.com/images/item_779.jpg', 'Like New', 'Fake test item 779 in Home category.', 'seller91', 'Seller');
INSERT INTO auction (auction_id, item_id, seller_login, seller_role, current_highest_bid, auction_status, winner_login, winner_role) VALUES (779, 779, 'seller91', 'Seller', 0.00, 'Active', NULL, NULL);
INSERT INTO item (item_id, item_name, category, starting_price, image_url, item_condition, description, seller_login, seller_role) VALUES (780, 'Books Item 780', 'Books', 247.59, 'https://example.com/images/item_780.jpg', 'Like New', 'Fake test item 780 in Books category.', 'seller50', 'Seller');
INSERT INTO auction (auction_id, item_id, seller_login, seller_role, current_highest_bid, auction_status, winner_login, winner_role) VALUES (780, 780, 'seller50', 'Seller', 271.02, 'Closed', 'buyer24', 'Buyer');
INSERT INTO item (item_id, item_name, category, starting_price, image_url, item_condition, description, seller_login, seller_role) VALUES (781, 'Electronics Item 781', 'Electronics', 244.76, 'https://example.com/images/item_781.jpg', 'Used', 'Fake test item 781 in Electronics category.', 'seller40', 'Seller');
INSERT INTO auction (auction_id, item_id, seller_login, seller_role, current_highest_bid, auction_status, winner_login, winner_role) VALUES (781, 781, 'seller40', 'Seller', 0.00, 'Active', NULL, NULL);
INSERT INTO item (item_id, item_name, category, starting_price, image_url, item_condition, description, seller_login, seller_role) VALUES (782, 'Clothing Item 782', 'Clothing', 196.79, 'https://example.com/images/item_782.jpg', 'Used', 'Fake test item 782 in Clothing category.', 'seller53', 'Seller');
INSERT INTO auction (auction_id, item_id, seller_login, seller_role, current_highest_bid, auction_status, winner_login, winner_role) VALUES (782, 782, 'seller53', 'Seller', 0.00, 'Active', NULL, NULL);
INSERT INTO item (item_id, item_name, category, starting_price, image_url, item_condition, description, seller_login, seller_role) VALUES (783, 'Electronics Item 783', 'Electronics', 348.98, 'https://example.com/images/item_783.jpg', 'Fair', 'Fake test item 783 in Electronics category.', 'seller71', 'Seller');
INSERT INTO auction (auction_id, item_id, seller_login, seller_role, current_highest_bid, auction_status, winner_login, winner_role) VALUES (783, 783, 'seller71', 'Seller', 625.66, 'Closed', 'buyer17', 'Buyer');
INSERT INTO item (item_id, item_name, category, starting_price, image_url, item_condition, description, seller_login, seller_role) VALUES (784, 'Art Item 784', 'Art', 278.37, 'https://example.com/images/item_784.jpg', 'Fair', 'Fake test item 784 in Art category.', 'seller46', 'Seller');
INSERT INTO auction (auction_id, item_id, seller_login, seller_role, current_highest_bid, auction_status, winner_login, winner_role) VALUES (784, 784, 'seller46', 'Seller', 0.00, 'Active', NULL, NULL);
INSERT INTO item (item_id, item_name, category, starting_price, image_url, item_condition, description, seller_login, seller_role) VALUES (785, 'Art Item 785', 'Art', 134.92, 'https://example.com/images/item_785.jpg', 'Good', 'Fake test item 785 in Art category.', 'seller47', 'Seller');
INSERT INTO auction (auction_id, item_id, seller_login, seller_role, current_highest_bid, auction_status, winner_login, winner_role) VALUES (785, 785, 'seller47', 'Seller', 0.00, 'Active', NULL, NULL);
INSERT INTO item (item_id, item_name, category, starting_price, image_url, item_condition, description, seller_login, seller_role) VALUES (786, 'Sports Item 786', 'Sports', 61.45, 'https://example.com/images/item_786.jpg', 'Good', 'Fake test item 786 in Sports category.', 'seller32', 'Seller');
INSERT INTO auction (auction_id, item_id, seller_login, seller_role, current_highest_bid, auction_status, winner_login, winner_role) VALUES (786, 786, 'seller32', 'Seller', 76.98, 'Closed', 'buyer100', 'Buyer');
INSERT INTO item (item_id, item_name, category, starting_price, image_url, item_condition, description, seller_login, seller_role) VALUES (787, 'Toys Item 787', 'Toys', 290.77, 'https://example.com/images/item_787.jpg', 'Good', 'Fake test item 787 in Toys category.', 'seller97', 'Seller');
INSERT INTO auction (auction_id, item_id, seller_login, seller_role, current_highest_bid, auction_status, winner_login, winner_role) VALUES (787, 787, 'seller97', 'Seller', 0.00, 'Active', NULL, NULL);
INSERT INTO item (item_id, item_name, category, starting_price, image_url, item_condition, description, seller_login, seller_role) VALUES (788, 'Art Item 788', 'Art', 67.08, 'https://example.com/images/item_788.jpg', 'Good', 'Fake test item 788 in Art category.', 'seller9', 'Seller');
INSERT INTO auction (auction_id, item_id, seller_login, seller_role, current_highest_bid, auction_status, winner_login, winner_role) VALUES (788, 788, 'seller9', 'Seller', 0.00, 'Active', NULL, NULL);
INSERT INTO item (item_id, item_name, category, starting_price, image_url, item_condition, description, seller_login, seller_role) VALUES (789, 'Art Item 789', 'Art', 102.31, 'https://example.com/images/item_789.jpg', 'Good', 'Fake test item 789 in Art category.', 'seller64', 'Seller');
INSERT INTO auction (auction_id, item_id, seller_login, seller_role, current_highest_bid, auction_status, winner_login, winner_role) VALUES (789, 789, 'seller64', 'Seller', 152.49, 'Closed', 'buyer378', 'Buyer');
INSERT INTO item (item_id, item_name, category, starting_price, image_url, item_condition, description, seller_login, seller_role) VALUES (790, 'Sports Item 790', 'Sports', 97.00, 'https://example.com/images/item_790.jpg', 'New', 'Fake test item 790 in Sports category.', 'seller37', 'Seller');
INSERT INTO auction (auction_id, item_id, seller_login, seller_role, current_highest_bid, auction_status, winner_login, winner_role) VALUES (790, 790, 'seller37', 'Seller', 0.00, 'Active', NULL, NULL);
INSERT INTO item (item_id, item_name, category, starting_price, image_url, item_condition, description, seller_login, seller_role) VALUES (791, 'Toys Item 791', 'Toys', 79.90, 'https://example.com/images/item_791.jpg', 'Used', 'Fake test item 791 in Toys category.', 'seller73', 'Seller');
INSERT INTO auction (auction_id, item_id, seller_login, seller_role, current_highest_bid, auction_status, winner_login, winner_role) VALUES (791, 791, 'seller73', 'Seller', 0.00, 'Active', NULL, NULL);
INSERT INTO item (item_id, item_name, category, starting_price, image_url, item_condition, description, seller_login, seller_role) VALUES (792, 'Sports Item 792', 'Sports', 490.51, 'https://example.com/images/item_792.jpg', 'New', 'Fake test item 792 in Sports category.', 'seller56', 'Seller');
INSERT INTO auction (auction_id, item_id, seller_login, seller_role, current_highest_bid, auction_status, winner_login, winner_role) VALUES (792, 792, 'seller56', 'Seller', 579.51, 'Closed', 'buyer284', 'Buyer');
INSERT INTO item (item_id, item_name, category, starting_price, image_url, item_condition, description, seller_login, seller_role) VALUES (793, 'Sports Item 793', 'Sports', 499.84, 'https://example.com/images/item_793.jpg', 'Fair', 'Fake test item 793 in Sports category.', 'seller69', 'Seller');
INSERT INTO auction (auction_id, item_id, seller_login, seller_role, current_highest_bid, auction_status, winner_login, winner_role) VALUES (793, 793, 'seller69', 'Seller', 0.00, 'Active', NULL, NULL);
INSERT INTO item (item_id, item_name, category, starting_price, image_url, item_condition, description, seller_login, seller_role) VALUES (794, 'Art Item 794', 'Art', 278.19, 'https://example.com/images/item_794.jpg', 'New', 'Fake test item 794 in Art category.', 'seller77', 'Seller');
INSERT INTO auction (auction_id, item_id, seller_login, seller_role, current_highest_bid, auction_status, winner_login, winner_role) VALUES (794, 794, 'seller77', 'Seller', 0.00, 'Active', NULL, NULL);
INSERT INTO item (item_id, item_name, category, starting_price, image_url, item_condition, description, seller_login, seller_role) VALUES (795, 'Art Item 795', 'Art', 8.60, 'https://example.com/images/item_795.jpg', 'Used', 'Fake test item 795 in Art category.', 'seller48', 'Seller');
INSERT INTO auction (auction_id, item_id, seller_login, seller_role, current_highest_bid, auction_status, winner_login, winner_role) VALUES (795, 795, 'seller48', 'Seller', 39.93, 'Closed', 'buyer35', 'Buyer');
INSERT INTO item (item_id, item_name, category, starting_price, image_url, item_condition, description, seller_login, seller_role) VALUES (796, 'Art Item 796', 'Art', 160.11, 'https://example.com/images/item_796.jpg', 'Like New', 'Fake test item 796 in Art category.', 'seller22', 'Seller');
INSERT INTO auction (auction_id, item_id, seller_login, seller_role, current_highest_bid, auction_status, winner_login, winner_role) VALUES (796, 796, 'seller22', 'Seller', 0.00, 'Active', NULL, NULL);
INSERT INTO item (item_id, item_name, category, starting_price, image_url, item_condition, description, seller_login, seller_role) VALUES (797, 'Electronics Item 797', 'Electronics', 243.15, 'https://example.com/images/item_797.jpg', 'Good', 'Fake test item 797 in Electronics category.', 'seller79', 'Seller');
INSERT INTO auction (auction_id, item_id, seller_login, seller_role, current_highest_bid, auction_status, winner_login, winner_role) VALUES (797, 797, 'seller79', 'Seller', 0.00, 'Active', NULL, NULL);
INSERT INTO item (item_id, item_name, category, starting_price, image_url, item_condition, description, seller_login, seller_role) VALUES (798, 'Art Item 798', 'Art', 126.33, 'https://example.com/images/item_798.jpg', 'New', 'Fake test item 798 in Art category.', 'seller79', 'Seller');
INSERT INTO auction (auction_id, item_id, seller_login, seller_role, current_highest_bid, auction_status, winner_login, winner_role) VALUES (798, 798, 'seller79', 'Seller', 266.42, 'Closed', 'buyer318', 'Buyer');
INSERT INTO item (item_id, item_name, category, starting_price, image_url, item_condition, description, seller_login, seller_role) VALUES (799, 'Games Item 799', 'Games', 310.50, 'https://example.com/images/item_799.jpg', 'Good', 'Fake test item 799 in Games category.', 'seller52', 'Seller');
INSERT INTO auction (auction_id, item_id, seller_login, seller_role, current_highest_bid, auction_status, winner_login, winner_role) VALUES (799, 799, 'seller52', 'Seller', 0.00, 'Active', NULL, NULL);
INSERT INTO item (item_id, item_name, category, starting_price, image_url, item_condition, description, seller_login, seller_role) VALUES (800, 'Toys Item 800', 'Toys', 255.96, 'https://example.com/images/item_800.jpg', 'Like New', 'Fake test item 800 in Toys category.', 'seller29', 'Seller');
INSERT INTO auction (auction_id, item_id, seller_login, seller_role, current_highest_bid, auction_status, winner_login, winner_role) VALUES (800, 800, 'seller29', 'Seller', 0.00, 'Active', NULL, NULL);
INSERT INTO item (item_id, item_name, category, starting_price, image_url, item_condition, description, seller_login, seller_role) VALUES (801, 'Sports Item 801', 'Sports', 469.73, 'https://example.com/images/item_801.jpg', 'Used', 'Fake test item 801 in Sports category.', 'seller64', 'Seller');
INSERT INTO auction (auction_id, item_id, seller_login, seller_role, current_highest_bid, auction_status, winner_login, winner_role) VALUES (801, 801, 'seller64', 'Seller', 692.35, 'Closed', 'buyer349', 'Buyer');
INSERT INTO item (item_id, item_name, category, starting_price, image_url, item_condition, description, seller_login, seller_role) VALUES (802, 'Toys Item 802', 'Toys', 109.19, 'https://example.com/images/item_802.jpg', 'Good', 'Fake test item 802 in Toys category.', 'seller19', 'Seller');
INSERT INTO auction (auction_id, item_id, seller_login, seller_role, current_highest_bid, auction_status, winner_login, winner_role) VALUES (802, 802, 'seller19', 'Seller', 0.00, 'Active', NULL, NULL);
INSERT INTO item (item_id, item_name, category, starting_price, image_url, item_condition, description, seller_login, seller_role) VALUES (803, 'Toys Item 803', 'Toys', 191.50, 'https://example.com/images/item_803.jpg', 'Used', 'Fake test item 803 in Toys category.', 'seller60', 'Seller');
INSERT INTO auction (auction_id, item_id, seller_login, seller_role, current_highest_bid, auction_status, winner_login, winner_role) VALUES (803, 803, 'seller60', 'Seller', 0.00, 'Active', NULL, NULL);
INSERT INTO item (item_id, item_name, category, starting_price, image_url, item_condition, description, seller_login, seller_role) VALUES (804, 'Home Item 804', 'Home', 296.17, 'https://example.com/images/item_804.jpg', 'Used', 'Fake test item 804 in Home category.', 'seller82', 'Seller');
INSERT INTO auction (auction_id, item_id, seller_login, seller_role, current_highest_bid, auction_status, winner_login, winner_role) VALUES (804, 804, 'seller82', 'Seller', 325.18, 'Closed', 'buyer390', 'Buyer');
INSERT INTO item (item_id, item_name, category, starting_price, image_url, item_condition, description, seller_login, seller_role) VALUES (805, 'Clothing Item 805', 'Clothing', 478.89, 'https://example.com/images/item_805.jpg', 'New', 'Fake test item 805 in Clothing category.', 'seller9', 'Seller');
INSERT INTO auction (auction_id, item_id, seller_login, seller_role, current_highest_bid, auction_status, winner_login, winner_role) VALUES (805, 805, 'seller9', 'Seller', 0.00, 'Active', NULL, NULL);
INSERT INTO item (item_id, item_name, category, starting_price, image_url, item_condition, description, seller_login, seller_role) VALUES (806, 'Electronics Item 806', 'Electronics', 94.02, 'https://example.com/images/item_806.jpg', 'Good', 'Fake test item 806 in Electronics category.', 'seller10', 'Seller');
INSERT INTO auction (auction_id, item_id, seller_login, seller_role, current_highest_bid, auction_status, winner_login, winner_role) VALUES (806, 806, 'seller10', 'Seller', 0.00, 'Active', NULL, NULL);
INSERT INTO item (item_id, item_name, category, starting_price, image_url, item_condition, description, seller_login, seller_role) VALUES (807, 'Art Item 807', 'Art', 384.96, 'https://example.com/images/item_807.jpg', 'New', 'Fake test item 807 in Art category.', 'seller15', 'Seller');
INSERT INTO auction (auction_id, item_id, seller_login, seller_role, current_highest_bid, auction_status, winner_login, winner_role) VALUES (807, 807, 'seller15', 'Seller', 578.96, 'Closed', 'buyer388', 'Buyer');
INSERT INTO item (item_id, item_name, category, starting_price, image_url, item_condition, description, seller_login, seller_role) VALUES (808, 'Games Item 808', 'Games', 289.66, 'https://example.com/images/item_808.jpg', 'New', 'Fake test item 808 in Games category.', 'seller18', 'Seller');
INSERT INTO auction (auction_id, item_id, seller_login, seller_role, current_highest_bid, auction_status, winner_login, winner_role) VALUES (808, 808, 'seller18', 'Seller', 0.00, 'Active', NULL, NULL);
INSERT INTO item (item_id, item_name, category, starting_price, image_url, item_condition, description, seller_login, seller_role) VALUES (809, 'Toys Item 809', 'Toys', 438.18, 'https://example.com/images/item_809.jpg', 'Used', 'Fake test item 809 in Toys category.', 'seller11', 'Seller');
INSERT INTO auction (auction_id, item_id, seller_login, seller_role, current_highest_bid, auction_status, winner_login, winner_role) VALUES (809, 809, 'seller11', 'Seller', 0.00, 'Active', NULL, NULL);
INSERT INTO item (item_id, item_name, category, starting_price, image_url, item_condition, description, seller_login, seller_role) VALUES (810, 'Electronics Item 810', 'Electronics', 439.40, 'https://example.com/images/item_810.jpg', 'New', 'Fake test item 810 in Electronics category.', 'seller23', 'Seller');
INSERT INTO auction (auction_id, item_id, seller_login, seller_role, current_highest_bid, auction_status, winner_login, winner_role) VALUES (810, 810, 'seller23', 'Seller', 462.06, 'Closed', 'buyer158', 'Buyer');
INSERT INTO item (item_id, item_name, category, starting_price, image_url, item_condition, description, seller_login, seller_role) VALUES (811, 'Sports Item 811', 'Sports', 391.41, 'https://example.com/images/item_811.jpg', 'Used', 'Fake test item 811 in Sports category.', 'seller85', 'Seller');
INSERT INTO auction (auction_id, item_id, seller_login, seller_role, current_highest_bid, auction_status, winner_login, winner_role) VALUES (811, 811, 'seller85', 'Seller', 0.00, 'Active', NULL, NULL);
INSERT INTO item (item_id, item_name, category, starting_price, image_url, item_condition, description, seller_login, seller_role) VALUES (812, 'Art Item 812', 'Art', 362.64, 'https://example.com/images/item_812.jpg', 'Used', 'Fake test item 812 in Art category.', 'seller8', 'Seller');
INSERT INTO auction (auction_id, item_id, seller_login, seller_role, current_highest_bid, auction_status, winner_login, winner_role) VALUES (812, 812, 'seller8', 'Seller', 0.00, 'Active', NULL, NULL);
INSERT INTO item (item_id, item_name, category, starting_price, image_url, item_condition, description, seller_login, seller_role) VALUES (813, 'Books Item 813', 'Books', 38.09, 'https://example.com/images/item_813.jpg', 'Good', 'Fake test item 813 in Books category.', 'seller49', 'Seller');
INSERT INTO auction (auction_id, item_id, seller_login, seller_role, current_highest_bid, auction_status, winner_login, winner_role) VALUES (813, 813, 'seller49', 'Seller', 237.17, 'Closed', 'buyer204', 'Buyer');
INSERT INTO item (item_id, item_name, category, starting_price, image_url, item_condition, description, seller_login, seller_role) VALUES (814, 'Home Item 814', 'Home', 241.63, 'https://example.com/images/item_814.jpg', 'Good', 'Fake test item 814 in Home category.', 'seller10', 'Seller');
INSERT INTO auction (auction_id, item_id, seller_login, seller_role, current_highest_bid, auction_status, winner_login, winner_role) VALUES (814, 814, 'seller10', 'Seller', 0.00, 'Active', NULL, NULL);
INSERT INTO item (item_id, item_name, category, starting_price, image_url, item_condition, description, seller_login, seller_role) VALUES (815, 'Clothing Item 815', 'Clothing', 256.03, 'https://example.com/images/item_815.jpg', 'Good', 'Fake test item 815 in Clothing category.', 'seller26', 'Seller');
INSERT INTO auction (auction_id, item_id, seller_login, seller_role, current_highest_bid, auction_status, winner_login, winner_role) VALUES (815, 815, 'seller26', 'Seller', 0.00, 'Active', NULL, NULL);
INSERT INTO item (item_id, item_name, category, starting_price, image_url, item_condition, description, seller_login, seller_role) VALUES (816, 'Books Item 816', 'Books', 174.53, 'https://example.com/images/item_816.jpg', 'Like New', 'Fake test item 816 in Books category.', 'seller86', 'Seller');
INSERT INTO auction (auction_id, item_id, seller_login, seller_role, current_highest_bid, auction_status, winner_login, winner_role) VALUES (816, 816, 'seller86', 'Seller', 229.61, 'Closed', 'buyer221', 'Buyer');
INSERT INTO item (item_id, item_name, category, starting_price, image_url, item_condition, description, seller_login, seller_role) VALUES (817, 'Electronics Item 817', 'Electronics', 251.20, 'https://example.com/images/item_817.jpg', 'New', 'Fake test item 817 in Electronics category.', 'seller37', 'Seller');
INSERT INTO auction (auction_id, item_id, seller_login, seller_role, current_highest_bid, auction_status, winner_login, winner_role) VALUES (817, 817, 'seller37', 'Seller', 0.00, 'Active', NULL, NULL);
INSERT INTO item (item_id, item_name, category, starting_price, image_url, item_condition, description, seller_login, seller_role) VALUES (818, 'Books Item 818', 'Books', 338.88, 'https://example.com/images/item_818.jpg', 'New', 'Fake test item 818 in Books category.', 'seller32', 'Seller');
INSERT INTO auction (auction_id, item_id, seller_login, seller_role, current_highest_bid, auction_status, winner_login, winner_role) VALUES (818, 818, 'seller32', 'Seller', 0.00, 'Active', NULL, NULL);
INSERT INTO item (item_id, item_name, category, starting_price, image_url, item_condition, description, seller_login, seller_role) VALUES (819, 'Home Item 819', 'Home', 215.83, 'https://example.com/images/item_819.jpg', 'Used', 'Fake test item 819 in Home category.', 'seller49', 'Seller');
INSERT INTO auction (auction_id, item_id, seller_login, seller_role, current_highest_bid, auction_status, winner_login, winner_role) VALUES (819, 819, 'seller49', 'Seller', 270.21, 'Closed', 'buyer308', 'Buyer');
INSERT INTO item (item_id, item_name, category, starting_price, image_url, item_condition, description, seller_login, seller_role) VALUES (820, 'Home Item 820', 'Home', 272.14, 'https://example.com/images/item_820.jpg', 'Like New', 'Fake test item 820 in Home category.', 'seller55', 'Seller');
INSERT INTO auction (auction_id, item_id, seller_login, seller_role, current_highest_bid, auction_status, winner_login, winner_role) VALUES (820, 820, 'seller55', 'Seller', 0.00, 'Active', NULL, NULL);
INSERT INTO item (item_id, item_name, category, starting_price, image_url, item_condition, description, seller_login, seller_role) VALUES (821, 'Electronics Item 821', 'Electronics', 155.79, 'https://example.com/images/item_821.jpg', 'New', 'Fake test item 821 in Electronics category.', 'seller100', 'Seller');
INSERT INTO auction (auction_id, item_id, seller_login, seller_role, current_highest_bid, auction_status, winner_login, winner_role) VALUES (821, 821, 'seller100', 'Seller', 0.00, 'Active', NULL, NULL);
INSERT INTO item (item_id, item_name, category, starting_price, image_url, item_condition, description, seller_login, seller_role) VALUES (822, 'Books Item 822', 'Books', 380.84, 'https://example.com/images/item_822.jpg', 'Good', 'Fake test item 822 in Books category.', 'seller80', 'Seller');
INSERT INTO auction (auction_id, item_id, seller_login, seller_role, current_highest_bid, auction_status, winner_login, winner_role) VALUES (822, 822, 'seller80', 'Seller', 430.96, 'Closed', 'buyer228', 'Buyer');
INSERT INTO item (item_id, item_name, category, starting_price, image_url, item_condition, description, seller_login, seller_role) VALUES (823, 'Clothing Item 823', 'Clothing', 293.93, 'https://example.com/images/item_823.jpg', 'Like New', 'Fake test item 823 in Clothing category.', 'seller34', 'Seller');
INSERT INTO auction (auction_id, item_id, seller_login, seller_role, current_highest_bid, auction_status, winner_login, winner_role) VALUES (823, 823, 'seller34', 'Seller', 0.00, 'Active', NULL, NULL);
INSERT INTO item (item_id, item_name, category, starting_price, image_url, item_condition, description, seller_login, seller_role) VALUES (824, 'Clothing Item 824', 'Clothing', 19.34, 'https://example.com/images/item_824.jpg', 'Fair', 'Fake test item 824 in Clothing category.', 'seller44', 'Seller');
INSERT INTO auction (auction_id, item_id, seller_login, seller_role, current_highest_bid, auction_status, winner_login, winner_role) VALUES (824, 824, 'seller44', 'Seller', 0.00, 'Active', NULL, NULL);
INSERT INTO item (item_id, item_name, category, starting_price, image_url, item_condition, description, seller_login, seller_role) VALUES (825, 'Games Item 825', 'Games', 252.44, 'https://example.com/images/item_825.jpg', 'Good', 'Fake test item 825 in Games category.', 'seller33', 'Seller');
INSERT INTO auction (auction_id, item_id, seller_login, seller_role, current_highest_bid, auction_status, winner_login, winner_role) VALUES (825, 825, 'seller33', 'Seller', 540.45, 'Closed', 'buyer389', 'Buyer');
INSERT INTO item (item_id, item_name, category, starting_price, image_url, item_condition, description, seller_login, seller_role) VALUES (826, 'Games Item 826', 'Games', 475.27, 'https://example.com/images/item_826.jpg', 'New', 'Fake test item 826 in Games category.', 'seller41', 'Seller');
INSERT INTO auction (auction_id, item_id, seller_login, seller_role, current_highest_bid, auction_status, winner_login, winner_role) VALUES (826, 826, 'seller41', 'Seller', 0.00, 'Active', NULL, NULL);
INSERT INTO item (item_id, item_name, category, starting_price, image_url, item_condition, description, seller_login, seller_role) VALUES (827, 'Books Item 827', 'Books', 150.90, 'https://example.com/images/item_827.jpg', 'Fair', 'Fake test item 827 in Books category.', 'seller69', 'Seller');
INSERT INTO auction (auction_id, item_id, seller_login, seller_role, current_highest_bid, auction_status, winner_login, winner_role) VALUES (827, 827, 'seller69', 'Seller', 0.00, 'Active', NULL, NULL);
INSERT INTO item (item_id, item_name, category, starting_price, image_url, item_condition, description, seller_login, seller_role) VALUES (828, 'Books Item 828', 'Books', 278.46, 'https://example.com/images/item_828.jpg', 'Like New', 'Fake test item 828 in Books category.', 'seller35', 'Seller');
INSERT INTO auction (auction_id, item_id, seller_login, seller_role, current_highest_bid, auction_status, winner_login, winner_role) VALUES (828, 828, 'seller35', 'Seller', 359.18, 'Closed', 'buyer140', 'Buyer');
INSERT INTO item (item_id, item_name, category, starting_price, image_url, item_condition, description, seller_login, seller_role) VALUES (829, 'Games Item 829', 'Games', 482.40, 'https://example.com/images/item_829.jpg', 'Like New', 'Fake test item 829 in Games category.', 'seller58', 'Seller');
INSERT INTO auction (auction_id, item_id, seller_login, seller_role, current_highest_bid, auction_status, winner_login, winner_role) VALUES (829, 829, 'seller58', 'Seller', 0.00, 'Active', NULL, NULL);
INSERT INTO item (item_id, item_name, category, starting_price, image_url, item_condition, description, seller_login, seller_role) VALUES (830, 'Art Item 830', 'Art', 84.12, 'https://example.com/images/item_830.jpg', 'Used', 'Fake test item 830 in Art category.', 'seller70', 'Seller');
INSERT INTO auction (auction_id, item_id, seller_login, seller_role, current_highest_bid, auction_status, winner_login, winner_role) VALUES (830, 830, 'seller70', 'Seller', 0.00, 'Active', NULL, NULL);
INSERT INTO item (item_id, item_name, category, starting_price, image_url, item_condition, description, seller_login, seller_role) VALUES (831, 'Art Item 831', 'Art', 84.69, 'https://example.com/images/item_831.jpg', 'New', 'Fake test item 831 in Art category.', 'seller5', 'Seller');
INSERT INTO auction (auction_id, item_id, seller_login, seller_role, current_highest_bid, auction_status, winner_login, winner_role) VALUES (831, 831, 'seller5', 'Seller', 282.03, 'Closed', 'buyer375', 'Buyer');
INSERT INTO item (item_id, item_name, category, starting_price, image_url, item_condition, description, seller_login, seller_role) VALUES (832, 'Toys Item 832', 'Toys', 312.11, 'https://example.com/images/item_832.jpg', 'Fair', 'Fake test item 832 in Toys category.', 'seller43', 'Seller');
INSERT INTO auction (auction_id, item_id, seller_login, seller_role, current_highest_bid, auction_status, winner_login, winner_role) VALUES (832, 832, 'seller43', 'Seller', 0.00, 'Active', NULL, NULL);
INSERT INTO item (item_id, item_name, category, starting_price, image_url, item_condition, description, seller_login, seller_role) VALUES (833, 'Art Item 833', 'Art', 23.49, 'https://example.com/images/item_833.jpg', 'Used', 'Fake test item 833 in Art category.', 'seller99', 'Seller');
INSERT INTO auction (auction_id, item_id, seller_login, seller_role, current_highest_bid, auction_status, winner_login, winner_role) VALUES (833, 833, 'seller99', 'Seller', 0.00, 'Active', NULL, NULL);
INSERT INTO item (item_id, item_name, category, starting_price, image_url, item_condition, description, seller_login, seller_role) VALUES (834, 'Games Item 834', 'Games', 118.45, 'https://example.com/images/item_834.jpg', 'Fair', 'Fake test item 834 in Games category.', 'seller23', 'Seller');
INSERT INTO auction (auction_id, item_id, seller_login, seller_role, current_highest_bid, auction_status, winner_login, winner_role) VALUES (834, 834, 'seller23', 'Seller', 350.62, 'Closed', 'buyer101', 'Buyer');
INSERT INTO item (item_id, item_name, category, starting_price, image_url, item_condition, description, seller_login, seller_role) VALUES (835, 'Electronics Item 835', 'Electronics', 304.26, 'https://example.com/images/item_835.jpg', 'Like New', 'Fake test item 835 in Electronics category.', 'seller33', 'Seller');
INSERT INTO auction (auction_id, item_id, seller_login, seller_role, current_highest_bid, auction_status, winner_login, winner_role) VALUES (835, 835, 'seller33', 'Seller', 0.00, 'Active', NULL, NULL);
INSERT INTO item (item_id, item_name, category, starting_price, image_url, item_condition, description, seller_login, seller_role) VALUES (836, 'Art Item 836', 'Art', 193.65, 'https://example.com/images/item_836.jpg', 'Like New', 'Fake test item 836 in Art category.', 'seller51', 'Seller');
INSERT INTO auction (auction_id, item_id, seller_login, seller_role, current_highest_bid, auction_status, winner_login, winner_role) VALUES (836, 836, 'seller51', 'Seller', 0.00, 'Active', NULL, NULL);
INSERT INTO item (item_id, item_name, category, starting_price, image_url, item_condition, description, seller_login, seller_role) VALUES (837, 'Clothing Item 837', 'Clothing', 359.33, 'https://example.com/images/item_837.jpg', 'Like New', 'Fake test item 837 in Clothing category.', 'seller1', 'Seller');
INSERT INTO auction (auction_id, item_id, seller_login, seller_role, current_highest_bid, auction_status, winner_login, winner_role) VALUES (837, 837, 'seller1', 'Seller', 599.65, 'Closed', 'buyer118', 'Buyer');
INSERT INTO item (item_id, item_name, category, starting_price, image_url, item_condition, description, seller_login, seller_role) VALUES (838, 'Art Item 838', 'Art', 217.45, 'https://example.com/images/item_838.jpg', 'Good', 'Fake test item 838 in Art category.', 'seller35', 'Seller');
INSERT INTO auction (auction_id, item_id, seller_login, seller_role, current_highest_bid, auction_status, winner_login, winner_role) VALUES (838, 838, 'seller35', 'Seller', 0.00, 'Active', NULL, NULL);
INSERT INTO item (item_id, item_name, category, starting_price, image_url, item_condition, description, seller_login, seller_role) VALUES (839, 'Books Item 839', 'Books', 183.12, 'https://example.com/images/item_839.jpg', 'Like New', 'Fake test item 839 in Books category.', 'seller1', 'Seller');
INSERT INTO auction (auction_id, item_id, seller_login, seller_role, current_highest_bid, auction_status, winner_login, winner_role) VALUES (839, 839, 'seller1', 'Seller', 0.00, 'Active', NULL, NULL);
INSERT INTO item (item_id, item_name, category, starting_price, image_url, item_condition, description, seller_login, seller_role) VALUES (840, 'Home Item 840', 'Home', 412.04, 'https://example.com/images/item_840.jpg', 'Good', 'Fake test item 840 in Home category.', 'seller84', 'Seller');
INSERT INTO auction (auction_id, item_id, seller_login, seller_role, current_highest_bid, auction_status, winner_login, winner_role) VALUES (840, 840, 'seller84', 'Seller', 657.38, 'Closed', 'buyer115', 'Buyer');
INSERT INTO item (item_id, item_name, category, starting_price, image_url, item_condition, description, seller_login, seller_role) VALUES (841, 'Games Item 841', 'Games', 439.47, 'https://example.com/images/item_841.jpg', 'Like New', 'Fake test item 841 in Games category.', 'seller24', 'Seller');
INSERT INTO auction (auction_id, item_id, seller_login, seller_role, current_highest_bid, auction_status, winner_login, winner_role) VALUES (841, 841, 'seller24', 'Seller', 0.00, 'Active', NULL, NULL);
INSERT INTO item (item_id, item_name, category, starting_price, image_url, item_condition, description, seller_login, seller_role) VALUES (842, 'Clothing Item 842', 'Clothing', 37.98, 'https://example.com/images/item_842.jpg', 'Good', 'Fake test item 842 in Clothing category.', 'seller19', 'Seller');
INSERT INTO auction (auction_id, item_id, seller_login, seller_role, current_highest_bid, auction_status, winner_login, winner_role) VALUES (842, 842, 'seller19', 'Seller', 0.00, 'Active', NULL, NULL);
INSERT INTO item (item_id, item_name, category, starting_price, image_url, item_condition, description, seller_login, seller_role) VALUES (843, 'Books Item 843', 'Books', 204.31, 'https://example.com/images/item_843.jpg', 'Used', 'Fake test item 843 in Books category.', 'seller41', 'Seller');
INSERT INTO auction (auction_id, item_id, seller_login, seller_role, current_highest_bid, auction_status, winner_login, winner_role) VALUES (843, 843, 'seller41', 'Seller', 442.90, 'Closed', 'buyer171', 'Buyer');
INSERT INTO item (item_id, item_name, category, starting_price, image_url, item_condition, description, seller_login, seller_role) VALUES (844, 'Toys Item 844', 'Toys', 300.03, 'https://example.com/images/item_844.jpg', 'Good', 'Fake test item 844 in Toys category.', 'seller55', 'Seller');
INSERT INTO auction (auction_id, item_id, seller_login, seller_role, current_highest_bid, auction_status, winner_login, winner_role) VALUES (844, 844, 'seller55', 'Seller', 0.00, 'Active', NULL, NULL);
INSERT INTO item (item_id, item_name, category, starting_price, image_url, item_condition, description, seller_login, seller_role) VALUES (845, 'Home Item 845', 'Home', 135.90, 'https://example.com/images/item_845.jpg', 'Used', 'Fake test item 845 in Home category.', 'seller19', 'Seller');
INSERT INTO auction (auction_id, item_id, seller_login, seller_role, current_highest_bid, auction_status, winner_login, winner_role) VALUES (845, 845, 'seller19', 'Seller', 0.00, 'Active', NULL, NULL);
INSERT INTO item (item_id, item_name, category, starting_price, image_url, item_condition, description, seller_login, seller_role) VALUES (846, 'Electronics Item 846', 'Electronics', 309.18, 'https://example.com/images/item_846.jpg', 'Like New', 'Fake test item 846 in Electronics category.', 'seller78', 'Seller');
INSERT INTO auction (auction_id, item_id, seller_login, seller_role, current_highest_bid, auction_status, winner_login, winner_role) VALUES (846, 846, 'seller78', 'Seller', 561.85, 'Closed', 'buyer268', 'Buyer');
INSERT INTO item (item_id, item_name, category, starting_price, image_url, item_condition, description, seller_login, seller_role) VALUES (847, 'Books Item 847', 'Books', 490.88, 'https://example.com/images/item_847.jpg', 'Good', 'Fake test item 847 in Books category.', 'seller14', 'Seller');
INSERT INTO auction (auction_id, item_id, seller_login, seller_role, current_highest_bid, auction_status, winner_login, winner_role) VALUES (847, 847, 'seller14', 'Seller', 0.00, 'Active', NULL, NULL);
INSERT INTO item (item_id, item_name, category, starting_price, image_url, item_condition, description, seller_login, seller_role) VALUES (848, 'Toys Item 848', 'Toys', 430.83, 'https://example.com/images/item_848.jpg', 'Fair', 'Fake test item 848 in Toys category.', 'seller50', 'Seller');
INSERT INTO auction (auction_id, item_id, seller_login, seller_role, current_highest_bid, auction_status, winner_login, winner_role) VALUES (848, 848, 'seller50', 'Seller', 0.00, 'Active', NULL, NULL);
INSERT INTO item (item_id, item_name, category, starting_price, image_url, item_condition, description, seller_login, seller_role) VALUES (849, 'Sports Item 849', 'Sports', 383.37, 'https://example.com/images/item_849.jpg', 'Good', 'Fake test item 849 in Sports category.', 'seller63', 'Seller');
INSERT INTO auction (auction_id, item_id, seller_login, seller_role, current_highest_bid, auction_status, winner_login, winner_role) VALUES (849, 849, 'seller63', 'Seller', 559.82, 'Closed', 'buyer236', 'Buyer');
INSERT INTO item (item_id, item_name, category, starting_price, image_url, item_condition, description, seller_login, seller_role) VALUES (850, 'Games Item 850', 'Games', 344.71, 'https://example.com/images/item_850.jpg', 'Good', 'Fake test item 850 in Games category.', 'seller68', 'Seller');
INSERT INTO auction (auction_id, item_id, seller_login, seller_role, current_highest_bid, auction_status, winner_login, winner_role) VALUES (850, 850, 'seller68', 'Seller', 0.00, 'Active', NULL, NULL);
INSERT INTO item (item_id, item_name, category, starting_price, image_url, item_condition, description, seller_login, seller_role) VALUES (851, 'Art Item 851', 'Art', 305.98, 'https://example.com/images/item_851.jpg', 'Fair', 'Fake test item 851 in Art category.', 'seller20', 'Seller');
INSERT INTO auction (auction_id, item_id, seller_login, seller_role, current_highest_bid, auction_status, winner_login, winner_role) VALUES (851, 851, 'seller20', 'Seller', 0.00, 'Active', NULL, NULL);
INSERT INTO item (item_id, item_name, category, starting_price, image_url, item_condition, description, seller_login, seller_role) VALUES (852, 'Sports Item 852', 'Sports', 191.48, 'https://example.com/images/item_852.jpg', 'New', 'Fake test item 852 in Sports category.', 'seller25', 'Seller');
INSERT INTO auction (auction_id, item_id, seller_login, seller_role, current_highest_bid, auction_status, winner_login, winner_role) VALUES (852, 852, 'seller25', 'Seller', 205.04, 'Closed', 'buyer378', 'Buyer');
INSERT INTO item (item_id, item_name, category, starting_price, image_url, item_condition, description, seller_login, seller_role) VALUES (853, 'Art Item 853', 'Art', 319.91, 'https://example.com/images/item_853.jpg', 'Fair', 'Fake test item 853 in Art category.', 'seller64', 'Seller');
INSERT INTO auction (auction_id, item_id, seller_login, seller_role, current_highest_bid, auction_status, winner_login, winner_role) VALUES (853, 853, 'seller64', 'Seller', 0.00, 'Active', NULL, NULL);
INSERT INTO item (item_id, item_name, category, starting_price, image_url, item_condition, description, seller_login, seller_role) VALUES (854, 'Art Item 854', 'Art', 304.42, 'https://example.com/images/item_854.jpg', 'New', 'Fake test item 854 in Art category.', 'seller67', 'Seller');
INSERT INTO auction (auction_id, item_id, seller_login, seller_role, current_highest_bid, auction_status, winner_login, winner_role) VALUES (854, 854, 'seller67', 'Seller', 0.00, 'Active', NULL, NULL);
INSERT INTO item (item_id, item_name, category, starting_price, image_url, item_condition, description, seller_login, seller_role) VALUES (855, 'Electronics Item 855', 'Electronics', 30.78, 'https://example.com/images/item_855.jpg', 'Used', 'Fake test item 855 in Electronics category.', 'seller18', 'Seller');
INSERT INTO auction (auction_id, item_id, seller_login, seller_role, current_highest_bid, auction_status, winner_login, winner_role) VALUES (855, 855, 'seller18', 'Seller', 287.21, 'Closed', 'buyer138', 'Buyer');
INSERT INTO item (item_id, item_name, category, starting_price, image_url, item_condition, description, seller_login, seller_role) VALUES (856, 'Toys Item 856', 'Toys', 270.82, 'https://example.com/images/item_856.jpg', 'Used', 'Fake test item 856 in Toys category.', 'seller70', 'Seller');
INSERT INTO auction (auction_id, item_id, seller_login, seller_role, current_highest_bid, auction_status, winner_login, winner_role) VALUES (856, 856, 'seller70', 'Seller', 0.00, 'Active', NULL, NULL);
INSERT INTO item (item_id, item_name, category, starting_price, image_url, item_condition, description, seller_login, seller_role) VALUES (857, 'Toys Item 857', 'Toys', 59.82, 'https://example.com/images/item_857.jpg', 'Fair', 'Fake test item 857 in Toys category.', 'seller95', 'Seller');
INSERT INTO auction (auction_id, item_id, seller_login, seller_role, current_highest_bid, auction_status, winner_login, winner_role) VALUES (857, 857, 'seller95', 'Seller', 0.00, 'Active', NULL, NULL);
INSERT INTO item (item_id, item_name, category, starting_price, image_url, item_condition, description, seller_login, seller_role) VALUES (858, 'Books Item 858', 'Books', 328.70, 'https://example.com/images/item_858.jpg', 'Good', 'Fake test item 858 in Books category.', 'seller47', 'Seller');
INSERT INTO auction (auction_id, item_id, seller_login, seller_role, current_highest_bid, auction_status, winner_login, winner_role) VALUES (858, 858, 'seller47', 'Seller', 534.17, 'Closed', 'buyer274', 'Buyer');
INSERT INTO item (item_id, item_name, category, starting_price, image_url, item_condition, description, seller_login, seller_role) VALUES (859, 'Electronics Item 859', 'Electronics', 199.84, 'https://example.com/images/item_859.jpg', 'Used', 'Fake test item 859 in Electronics category.', 'seller51', 'Seller');
INSERT INTO auction (auction_id, item_id, seller_login, seller_role, current_highest_bid, auction_status, winner_login, winner_role) VALUES (859, 859, 'seller51', 'Seller', 0.00, 'Active', NULL, NULL);
INSERT INTO item (item_id, item_name, category, starting_price, image_url, item_condition, description, seller_login, seller_role) VALUES (860, 'Home Item 860', 'Home', 392.08, 'https://example.com/images/item_860.jpg', 'Fair', 'Fake test item 860 in Home category.', 'seller31', 'Seller');
INSERT INTO auction (auction_id, item_id, seller_login, seller_role, current_highest_bid, auction_status, winner_login, winner_role) VALUES (860, 860, 'seller31', 'Seller', 0.00, 'Active', NULL, NULL);
INSERT INTO item (item_id, item_name, category, starting_price, image_url, item_condition, description, seller_login, seller_role) VALUES (861, 'Home Item 861', 'Home', 38.83, 'https://example.com/images/item_861.jpg', 'Good', 'Fake test item 861 in Home category.', 'seller13', 'Seller');
INSERT INTO auction (auction_id, item_id, seller_login, seller_role, current_highest_bid, auction_status, winner_login, winner_role) VALUES (861, 861, 'seller13', 'Seller', 161.98, 'Closed', 'buyer166', 'Buyer');
INSERT INTO item (item_id, item_name, category, starting_price, image_url, item_condition, description, seller_login, seller_role) VALUES (862, 'Toys Item 862', 'Toys', 271.59, 'https://example.com/images/item_862.jpg', 'Like New', 'Fake test item 862 in Toys category.', 'seller70', 'Seller');
INSERT INTO auction (auction_id, item_id, seller_login, seller_role, current_highest_bid, auction_status, winner_login, winner_role) VALUES (862, 862, 'seller70', 'Seller', 0.00, 'Active', NULL, NULL);
INSERT INTO item (item_id, item_name, category, starting_price, image_url, item_condition, description, seller_login, seller_role) VALUES (863, 'Clothing Item 863', 'Clothing', 295.63, 'https://example.com/images/item_863.jpg', 'New', 'Fake test item 863 in Clothing category.', 'seller81', 'Seller');
INSERT INTO auction (auction_id, item_id, seller_login, seller_role, current_highest_bid, auction_status, winner_login, winner_role) VALUES (863, 863, 'seller81', 'Seller', 0.00, 'Active', NULL, NULL);
INSERT INTO item (item_id, item_name, category, starting_price, image_url, item_condition, description, seller_login, seller_role) VALUES (864, 'Toys Item 864', 'Toys', 373.30, 'https://example.com/images/item_864.jpg', 'Fair', 'Fake test item 864 in Toys category.', 'seller29', 'Seller');
INSERT INTO auction (auction_id, item_id, seller_login, seller_role, current_highest_bid, auction_status, winner_login, winner_role) VALUES (864, 864, 'seller29', 'Seller', 386.30, 'Closed', 'buyer393', 'Buyer');
INSERT INTO item (item_id, item_name, category, starting_price, image_url, item_condition, description, seller_login, seller_role) VALUES (865, 'Games Item 865', 'Games', 345.48, 'https://example.com/images/item_865.jpg', 'Good', 'Fake test item 865 in Games category.', 'seller85', 'Seller');
INSERT INTO auction (auction_id, item_id, seller_login, seller_role, current_highest_bid, auction_status, winner_login, winner_role) VALUES (865, 865, 'seller85', 'Seller', 0.00, 'Active', NULL, NULL);
INSERT INTO item (item_id, item_name, category, starting_price, image_url, item_condition, description, seller_login, seller_role) VALUES (866, 'Games Item 866', 'Games', 463.49, 'https://example.com/images/item_866.jpg', 'Used', 'Fake test item 866 in Games category.', 'seller39', 'Seller');
INSERT INTO auction (auction_id, item_id, seller_login, seller_role, current_highest_bid, auction_status, winner_login, winner_role) VALUES (866, 866, 'seller39', 'Seller', 0.00, 'Active', NULL, NULL);
INSERT INTO item (item_id, item_name, category, starting_price, image_url, item_condition, description, seller_login, seller_role) VALUES (867, 'Art Item 867', 'Art', 196.24, 'https://example.com/images/item_867.jpg', 'Good', 'Fake test item 867 in Art category.', 'seller60', 'Seller');
INSERT INTO auction (auction_id, item_id, seller_login, seller_role, current_highest_bid, auction_status, winner_login, winner_role) VALUES (867, 867, 'seller60', 'Seller', 301.11, 'Closed', 'buyer51', 'Buyer');
INSERT INTO item (item_id, item_name, category, starting_price, image_url, item_condition, description, seller_login, seller_role) VALUES (868, 'Sports Item 868', 'Sports', 46.23, 'https://example.com/images/item_868.jpg', 'Good', 'Fake test item 868 in Sports category.', 'seller13', 'Seller');
INSERT INTO auction (auction_id, item_id, seller_login, seller_role, current_highest_bid, auction_status, winner_login, winner_role) VALUES (868, 868, 'seller13', 'Seller', 0.00, 'Active', NULL, NULL);
INSERT INTO item (item_id, item_name, category, starting_price, image_url, item_condition, description, seller_login, seller_role) VALUES (869, 'Games Item 869', 'Games', 449.36, 'https://example.com/images/item_869.jpg', 'New', 'Fake test item 869 in Games category.', 'seller37', 'Seller');
INSERT INTO auction (auction_id, item_id, seller_login, seller_role, current_highest_bid, auction_status, winner_login, winner_role) VALUES (869, 869, 'seller37', 'Seller', 0.00, 'Active', NULL, NULL);
INSERT INTO item (item_id, item_name, category, starting_price, image_url, item_condition, description, seller_login, seller_role) VALUES (870, 'Art Item 870', 'Art', 455.86, 'https://example.com/images/item_870.jpg', 'Like New', 'Fake test item 870 in Art category.', 'seller13', 'Seller');
INSERT INTO auction (auction_id, item_id, seller_login, seller_role, current_highest_bid, auction_status, winner_login, winner_role) VALUES (870, 870, 'seller13', 'Seller', 591.11, 'Closed', 'buyer114', 'Buyer');
INSERT INTO item (item_id, item_name, category, starting_price, image_url, item_condition, description, seller_login, seller_role) VALUES (871, 'Sports Item 871', 'Sports', 159.90, 'https://example.com/images/item_871.jpg', 'Fair', 'Fake test item 871 in Sports category.', 'seller67', 'Seller');
INSERT INTO auction (auction_id, item_id, seller_login, seller_role, current_highest_bid, auction_status, winner_login, winner_role) VALUES (871, 871, 'seller67', 'Seller', 0.00, 'Active', NULL, NULL);
INSERT INTO item (item_id, item_name, category, starting_price, image_url, item_condition, description, seller_login, seller_role) VALUES (872, 'Art Item 872', 'Art', 272.76, 'https://example.com/images/item_872.jpg', 'Good', 'Fake test item 872 in Art category.', 'seller93', 'Seller');
INSERT INTO auction (auction_id, item_id, seller_login, seller_role, current_highest_bid, auction_status, winner_login, winner_role) VALUES (872, 872, 'seller93', 'Seller', 0.00, 'Active', NULL, NULL);
INSERT INTO item (item_id, item_name, category, starting_price, image_url, item_condition, description, seller_login, seller_role) VALUES (873, 'Art Item 873', 'Art', 130.29, 'https://example.com/images/item_873.jpg', 'New', 'Fake test item 873 in Art category.', 'seller59', 'Seller');
INSERT INTO auction (auction_id, item_id, seller_login, seller_role, current_highest_bid, auction_status, winner_login, winner_role) VALUES (873, 873, 'seller59', 'Seller', 182.47, 'Closed', 'buyer326', 'Buyer');
INSERT INTO item (item_id, item_name, category, starting_price, image_url, item_condition, description, seller_login, seller_role) VALUES (874, 'Electronics Item 874', 'Electronics', 432.16, 'https://example.com/images/item_874.jpg', 'New', 'Fake test item 874 in Electronics category.', 'seller98', 'Seller');
INSERT INTO auction (auction_id, item_id, seller_login, seller_role, current_highest_bid, auction_status, winner_login, winner_role) VALUES (874, 874, 'seller98', 'Seller', 0.00, 'Active', NULL, NULL);
INSERT INTO item (item_id, item_name, category, starting_price, image_url, item_condition, description, seller_login, seller_role) VALUES (875, 'Toys Item 875', 'Toys', 29.98, 'https://example.com/images/item_875.jpg', 'Used', 'Fake test item 875 in Toys category.', 'seller24', 'Seller');
INSERT INTO auction (auction_id, item_id, seller_login, seller_role, current_highest_bid, auction_status, winner_login, winner_role) VALUES (875, 875, 'seller24', 'Seller', 0.00, 'Active', NULL, NULL);
INSERT INTO item (item_id, item_name, category, starting_price, image_url, item_condition, description, seller_login, seller_role) VALUES (876, 'Art Item 876', 'Art', 325.09, 'https://example.com/images/item_876.jpg', 'Fair', 'Fake test item 876 in Art category.', 'seller49', 'Seller');
INSERT INTO auction (auction_id, item_id, seller_login, seller_role, current_highest_bid, auction_status, winner_login, winner_role) VALUES (876, 876, 'seller49', 'Seller', 461.31, 'Closed', 'buyer25', 'Buyer');
INSERT INTO item (item_id, item_name, category, starting_price, image_url, item_condition, description, seller_login, seller_role) VALUES (877, 'Clothing Item 877', 'Clothing', 168.10, 'https://example.com/images/item_877.jpg', 'Fair', 'Fake test item 877 in Clothing category.', 'seller88', 'Seller');
INSERT INTO auction (auction_id, item_id, seller_login, seller_role, current_highest_bid, auction_status, winner_login, winner_role) VALUES (877, 877, 'seller88', 'Seller', 0.00, 'Active', NULL, NULL);
INSERT INTO item (item_id, item_name, category, starting_price, image_url, item_condition, description, seller_login, seller_role) VALUES (878, 'Books Item 878', 'Books', 475.17, 'https://example.com/images/item_878.jpg', 'New', 'Fake test item 878 in Books category.', 'seller63', 'Seller');
INSERT INTO auction (auction_id, item_id, seller_login, seller_role, current_highest_bid, auction_status, winner_login, winner_role) VALUES (878, 878, 'seller63', 'Seller', 0.00, 'Active', NULL, NULL);
INSERT INTO item (item_id, item_name, category, starting_price, image_url, item_condition, description, seller_login, seller_role) VALUES (879, 'Games Item 879', 'Games', 81.62, 'https://example.com/images/item_879.jpg', 'Like New', 'Fake test item 879 in Games category.', 'seller96', 'Seller');
INSERT INTO auction (auction_id, item_id, seller_login, seller_role, current_highest_bid, auction_status, winner_login, winner_role) VALUES (879, 879, 'seller96', 'Seller', 237.46, 'Closed', 'buyer10', 'Buyer');
INSERT INTO item (item_id, item_name, category, starting_price, image_url, item_condition, description, seller_login, seller_role) VALUES (880, 'Art Item 880', 'Art', 281.56, 'https://example.com/images/item_880.jpg', 'Fair', 'Fake test item 880 in Art category.', 'seller78', 'Seller');
INSERT INTO auction (auction_id, item_id, seller_login, seller_role, current_highest_bid, auction_status, winner_login, winner_role) VALUES (880, 880, 'seller78', 'Seller', 0.00, 'Active', NULL, NULL);
INSERT INTO item (item_id, item_name, category, starting_price, image_url, item_condition, description, seller_login, seller_role) VALUES (881, 'Clothing Item 881', 'Clothing', 221.92, 'https://example.com/images/item_881.jpg', 'Like New', 'Fake test item 881 in Clothing category.', 'seller44', 'Seller');
INSERT INTO auction (auction_id, item_id, seller_login, seller_role, current_highest_bid, auction_status, winner_login, winner_role) VALUES (881, 881, 'seller44', 'Seller', 0.00, 'Active', NULL, NULL);
INSERT INTO item (item_id, item_name, category, starting_price, image_url, item_condition, description, seller_login, seller_role) VALUES (882, 'Sports Item 882', 'Sports', 69.91, 'https://example.com/images/item_882.jpg', 'Good', 'Fake test item 882 in Sports category.', 'seller5', 'Seller');
INSERT INTO auction (auction_id, item_id, seller_login, seller_role, current_highest_bid, auction_status, winner_login, winner_role) VALUES (882, 882, 'seller5', 'Seller', 81.16, 'Closed', 'buyer302', 'Buyer');
INSERT INTO item (item_id, item_name, category, starting_price, image_url, item_condition, description, seller_login, seller_role) VALUES (883, 'Electronics Item 883', 'Electronics', 147.76, 'https://example.com/images/item_883.jpg', 'Used', 'Fake test item 883 in Electronics category.', 'seller99', 'Seller');
INSERT INTO auction (auction_id, item_id, seller_login, seller_role, current_highest_bid, auction_status, winner_login, winner_role) VALUES (883, 883, 'seller99', 'Seller', 0.00, 'Active', NULL, NULL);
INSERT INTO item (item_id, item_name, category, starting_price, image_url, item_condition, description, seller_login, seller_role) VALUES (884, 'Toys Item 884', 'Toys', 444.53, 'https://example.com/images/item_884.jpg', 'Fair', 'Fake test item 884 in Toys category.', 'seller52', 'Seller');
INSERT INTO auction (auction_id, item_id, seller_login, seller_role, current_highest_bid, auction_status, winner_login, winner_role) VALUES (884, 884, 'seller52', 'Seller', 0.00, 'Active', NULL, NULL);
INSERT INTO item (item_id, item_name, category, starting_price, image_url, item_condition, description, seller_login, seller_role) VALUES (885, 'Sports Item 885', 'Sports', 496.07, 'https://example.com/images/item_885.jpg', 'Used', 'Fake test item 885 in Sports category.', 'seller56', 'Seller');
INSERT INTO auction (auction_id, item_id, seller_login, seller_role, current_highest_bid, auction_status, winner_login, winner_role) VALUES (885, 885, 'seller56', 'Seller', 720.92, 'Closed', 'buyer256', 'Buyer');
INSERT INTO item (item_id, item_name, category, starting_price, image_url, item_condition, description, seller_login, seller_role) VALUES (886, 'Home Item 886', 'Home', 402.39, 'https://example.com/images/item_886.jpg', 'Fair', 'Fake test item 886 in Home category.', 'seller85', 'Seller');
INSERT INTO auction (auction_id, item_id, seller_login, seller_role, current_highest_bid, auction_status, winner_login, winner_role) VALUES (886, 886, 'seller85', 'Seller', 0.00, 'Active', NULL, NULL);
INSERT INTO item (item_id, item_name, category, starting_price, image_url, item_condition, description, seller_login, seller_role) VALUES (887, 'Electronics Item 887', 'Electronics', 105.74, 'https://example.com/images/item_887.jpg', 'Like New', 'Fake test item 887 in Electronics category.', 'seller28', 'Seller');
INSERT INTO auction (auction_id, item_id, seller_login, seller_role, current_highest_bid, auction_status, winner_login, winner_role) VALUES (887, 887, 'seller28', 'Seller', 0.00, 'Active', NULL, NULL);
INSERT INTO item (item_id, item_name, category, starting_price, image_url, item_condition, description, seller_login, seller_role) VALUES (888, 'Games Item 888', 'Games', 332.33, 'https://example.com/images/item_888.jpg', 'Used', 'Fake test item 888 in Games category.', 'seller3', 'Seller');
INSERT INTO auction (auction_id, item_id, seller_login, seller_role, current_highest_bid, auction_status, winner_login, winner_role) VALUES (888, 888, 'seller3', 'Seller', 606.75, 'Closed', 'buyer182', 'Buyer');
INSERT INTO item (item_id, item_name, category, starting_price, image_url, item_condition, description, seller_login, seller_role) VALUES (889, 'Clothing Item 889', 'Clothing', 226.36, 'https://example.com/images/item_889.jpg', 'Like New', 'Fake test item 889 in Clothing category.', 'seller94', 'Seller');
INSERT INTO auction (auction_id, item_id, seller_login, seller_role, current_highest_bid, auction_status, winner_login, winner_role) VALUES (889, 889, 'seller94', 'Seller', 0.00, 'Active', NULL, NULL);
INSERT INTO item (item_id, item_name, category, starting_price, image_url, item_condition, description, seller_login, seller_role) VALUES (890, 'Clothing Item 890', 'Clothing', 435.72, 'https://example.com/images/item_890.jpg', 'Good', 'Fake test item 890 in Clothing category.', 'seller62', 'Seller');
INSERT INTO auction (auction_id, item_id, seller_login, seller_role, current_highest_bid, auction_status, winner_login, winner_role) VALUES (890, 890, 'seller62', 'Seller', 0.00, 'Active', NULL, NULL);
INSERT INTO item (item_id, item_name, category, starting_price, image_url, item_condition, description, seller_login, seller_role) VALUES (891, 'Toys Item 891', 'Toys', 240.20, 'https://example.com/images/item_891.jpg', 'Good', 'Fake test item 891 in Toys category.', 'seller14', 'Seller');
INSERT INTO auction (auction_id, item_id, seller_login, seller_role, current_highest_bid, auction_status, winner_login, winner_role) VALUES (891, 891, 'seller14', 'Seller', 384.26, 'Closed', 'buyer157', 'Buyer');
INSERT INTO item (item_id, item_name, category, starting_price, image_url, item_condition, description, seller_login, seller_role) VALUES (892, 'Electronics Item 892', 'Electronics', 53.29, 'https://example.com/images/item_892.jpg', 'New', 'Fake test item 892 in Electronics category.', 'seller86', 'Seller');
INSERT INTO auction (auction_id, item_id, seller_login, seller_role, current_highest_bid, auction_status, winner_login, winner_role) VALUES (892, 892, 'seller86', 'Seller', 0.00, 'Active', NULL, NULL);
INSERT INTO item (item_id, item_name, category, starting_price, image_url, item_condition, description, seller_login, seller_role) VALUES (893, 'Clothing Item 893', 'Clothing', 386.05, 'https://example.com/images/item_893.jpg', 'Like New', 'Fake test item 893 in Clothing category.', 'seller85', 'Seller');
INSERT INTO auction (auction_id, item_id, seller_login, seller_role, current_highest_bid, auction_status, winner_login, winner_role) VALUES (893, 893, 'seller85', 'Seller', 0.00, 'Active', NULL, NULL);
INSERT INTO item (item_id, item_name, category, starting_price, image_url, item_condition, description, seller_login, seller_role) VALUES (894, 'Books Item 894', 'Books', 18.88, 'https://example.com/images/item_894.jpg', 'Good', 'Fake test item 894 in Books category.', 'seller9', 'Seller');
INSERT INTO auction (auction_id, item_id, seller_login, seller_role, current_highest_bid, auction_status, winner_login, winner_role) VALUES (894, 894, 'seller9', 'Seller', 118.48, 'Closed', 'buyer16', 'Buyer');
INSERT INTO item (item_id, item_name, category, starting_price, image_url, item_condition, description, seller_login, seller_role) VALUES (895, 'Books Item 895', 'Books', 495.50, 'https://example.com/images/item_895.jpg', 'Used', 'Fake test item 895 in Books category.', 'seller32', 'Seller');
INSERT INTO auction (auction_id, item_id, seller_login, seller_role, current_highest_bid, auction_status, winner_login, winner_role) VALUES (895, 895, 'seller32', 'Seller', 0.00, 'Active', NULL, NULL);
INSERT INTO item (item_id, item_name, category, starting_price, image_url, item_condition, description, seller_login, seller_role) VALUES (896, 'Electronics Item 896', 'Electronics', 116.42, 'https://example.com/images/item_896.jpg', 'Good', 'Fake test item 896 in Electronics category.', 'seller32', 'Seller');
INSERT INTO auction (auction_id, item_id, seller_login, seller_role, current_highest_bid, auction_status, winner_login, winner_role) VALUES (896, 896, 'seller32', 'Seller', 0.00, 'Active', NULL, NULL);
INSERT INTO item (item_id, item_name, category, starting_price, image_url, item_condition, description, seller_login, seller_role) VALUES (897, 'Books Item 897', 'Books', 157.30, 'https://example.com/images/item_897.jpg', 'Like New', 'Fake test item 897 in Books category.', 'seller82', 'Seller');
INSERT INTO auction (auction_id, item_id, seller_login, seller_role, current_highest_bid, auction_status, winner_login, winner_role) VALUES (897, 897, 'seller82', 'Seller', 393.16, 'Closed', 'buyer398', 'Buyer');
INSERT INTO item (item_id, item_name, category, starting_price, image_url, item_condition, description, seller_login, seller_role) VALUES (898, 'Games Item 898', 'Games', 380.10, 'https://example.com/images/item_898.jpg', 'New', 'Fake test item 898 in Games category.', 'seller60', 'Seller');
INSERT INTO auction (auction_id, item_id, seller_login, seller_role, current_highest_bid, auction_status, winner_login, winner_role) VALUES (898, 898, 'seller60', 'Seller', 0.00, 'Active', NULL, NULL);
INSERT INTO item (item_id, item_name, category, starting_price, image_url, item_condition, description, seller_login, seller_role) VALUES (899, 'Clothing Item 899', 'Clothing', 166.91, 'https://example.com/images/item_899.jpg', 'Like New', 'Fake test item 899 in Clothing category.', 'seller76', 'Seller');
INSERT INTO auction (auction_id, item_id, seller_login, seller_role, current_highest_bid, auction_status, winner_login, winner_role) VALUES (899, 899, 'seller76', 'Seller', 0.00, 'Active', NULL, NULL);
INSERT INTO item (item_id, item_name, category, starting_price, image_url, item_condition, description, seller_login, seller_role) VALUES (900, 'Art Item 900', 'Art', 433.02, 'https://example.com/images/item_900.jpg', 'Like New', 'Fake test item 900 in Art category.', 'seller10', 'Seller');
INSERT INTO auction (auction_id, item_id, seller_login, seller_role, current_highest_bid, auction_status, winner_login, winner_role) VALUES (900, 900, 'seller10', 'Seller', 530.72, 'Closed', 'buyer216', 'Buyer');
INSERT INTO item (item_id, item_name, category, starting_price, image_url, item_condition, description, seller_login, seller_role) VALUES (901, 'Home Item 901', 'Home', 443.23, 'https://example.com/images/item_901.jpg', 'Like New', 'Fake test item 901 in Home category.', 'seller67', 'Seller');
INSERT INTO auction (auction_id, item_id, seller_login, seller_role, current_highest_bid, auction_status, winner_login, winner_role) VALUES (901, 901, 'seller67', 'Seller', 0.00, 'Active', NULL, NULL);
INSERT INTO item (item_id, item_name, category, starting_price, image_url, item_condition, description, seller_login, seller_role) VALUES (902, 'Art Item 902', 'Art', 256.83, 'https://example.com/images/item_902.jpg', 'Fair', 'Fake test item 902 in Art category.', 'seller56', 'Seller');
INSERT INTO auction (auction_id, item_id, seller_login, seller_role, current_highest_bid, auction_status, winner_login, winner_role) VALUES (902, 902, 'seller56', 'Seller', 0.00, 'Active', NULL, NULL);
INSERT INTO item (item_id, item_name, category, starting_price, image_url, item_condition, description, seller_login, seller_role) VALUES (903, 'Toys Item 903', 'Toys', 345.83, 'https://example.com/images/item_903.jpg', 'Good', 'Fake test item 903 in Toys category.', 'seller9', 'Seller');
INSERT INTO auction (auction_id, item_id, seller_login, seller_role, current_highest_bid, auction_status, winner_login, winner_role) VALUES (903, 903, 'seller9', 'Seller', 617.27, 'Closed', 'buyer186', 'Buyer');
INSERT INTO item (item_id, item_name, category, starting_price, image_url, item_condition, description, seller_login, seller_role) VALUES (904, 'Books Item 904', 'Books', 364.07, 'https://example.com/images/item_904.jpg', 'Like New', 'Fake test item 904 in Books category.', 'seller53', 'Seller');
INSERT INTO auction (auction_id, item_id, seller_login, seller_role, current_highest_bid, auction_status, winner_login, winner_role) VALUES (904, 904, 'seller53', 'Seller', 0.00, 'Active', NULL, NULL);
INSERT INTO item (item_id, item_name, category, starting_price, image_url, item_condition, description, seller_login, seller_role) VALUES (905, 'Clothing Item 905', 'Clothing', 270.93, 'https://example.com/images/item_905.jpg', 'Like New', 'Fake test item 905 in Clothing category.', 'seller5', 'Seller');
INSERT INTO auction (auction_id, item_id, seller_login, seller_role, current_highest_bid, auction_status, winner_login, winner_role) VALUES (905, 905, 'seller5', 'Seller', 0.00, 'Active', NULL, NULL);
INSERT INTO item (item_id, item_name, category, starting_price, image_url, item_condition, description, seller_login, seller_role) VALUES (906, 'Electronics Item 906', 'Electronics', 145.14, 'https://example.com/images/item_906.jpg', 'Like New', 'Fake test item 906 in Electronics category.', 'seller2', 'Seller');
INSERT INTO auction (auction_id, item_id, seller_login, seller_role, current_highest_bid, auction_status, winner_login, winner_role) VALUES (906, 906, 'seller2', 'Seller', 228.84, 'Closed', 'buyer294', 'Buyer');
INSERT INTO item (item_id, item_name, category, starting_price, image_url, item_condition, description, seller_login, seller_role) VALUES (907, 'Home Item 907', 'Home', 362.30, 'https://example.com/images/item_907.jpg', 'New', 'Fake test item 907 in Home category.', 'seller48', 'Seller');
INSERT INTO auction (auction_id, item_id, seller_login, seller_role, current_highest_bid, auction_status, winner_login, winner_role) VALUES (907, 907, 'seller48', 'Seller', 0.00, 'Active', NULL, NULL);
INSERT INTO item (item_id, item_name, category, starting_price, image_url, item_condition, description, seller_login, seller_role) VALUES (908, 'Clothing Item 908', 'Clothing', 222.36, 'https://example.com/images/item_908.jpg', 'New', 'Fake test item 908 in Clothing category.', 'seller84', 'Seller');
INSERT INTO auction (auction_id, item_id, seller_login, seller_role, current_highest_bid, auction_status, winner_login, winner_role) VALUES (908, 908, 'seller84', 'Seller', 0.00, 'Active', NULL, NULL);
INSERT INTO item (item_id, item_name, category, starting_price, image_url, item_condition, description, seller_login, seller_role) VALUES (909, 'Home Item 909', 'Home', 103.75, 'https://example.com/images/item_909.jpg', 'Good', 'Fake test item 909 in Home category.', 'seller41', 'Seller');
INSERT INTO auction (auction_id, item_id, seller_login, seller_role, current_highest_bid, auction_status, winner_login, winner_role) VALUES (909, 909, 'seller41', 'Seller', 401.26, 'Closed', 'buyer306', 'Buyer');
INSERT INTO item (item_id, item_name, category, starting_price, image_url, item_condition, description, seller_login, seller_role) VALUES (910, 'Books Item 910', 'Books', 413.34, 'https://example.com/images/item_910.jpg', 'Used', 'Fake test item 910 in Books category.', 'seller76', 'Seller');
INSERT INTO auction (auction_id, item_id, seller_login, seller_role, current_highest_bid, auction_status, winner_login, winner_role) VALUES (910, 910, 'seller76', 'Seller', 0.00, 'Active', NULL, NULL);
INSERT INTO item (item_id, item_name, category, starting_price, image_url, item_condition, description, seller_login, seller_role) VALUES (911, 'Home Item 911', 'Home', 172.88, 'https://example.com/images/item_911.jpg', 'Good', 'Fake test item 911 in Home category.', 'seller8', 'Seller');
INSERT INTO auction (auction_id, item_id, seller_login, seller_role, current_highest_bid, auction_status, winner_login, winner_role) VALUES (911, 911, 'seller8', 'Seller', 0.00, 'Active', NULL, NULL);
INSERT INTO item (item_id, item_name, category, starting_price, image_url, item_condition, description, seller_login, seller_role) VALUES (912, 'Books Item 912', 'Books', 442.57, 'https://example.com/images/item_912.jpg', 'Like New', 'Fake test item 912 in Books category.', 'seller87', 'Seller');
INSERT INTO auction (auction_id, item_id, seller_login, seller_role, current_highest_bid, auction_status, winner_login, winner_role) VALUES (912, 912, 'seller87', 'Seller', 467.95, 'Closed', 'buyer381', 'Buyer');
INSERT INTO item (item_id, item_name, category, starting_price, image_url, item_condition, description, seller_login, seller_role) VALUES (913, 'Electronics Item 913', 'Electronics', 69.23, 'https://example.com/images/item_913.jpg', 'Good', 'Fake test item 913 in Electronics category.', 'seller32', 'Seller');
INSERT INTO auction (auction_id, item_id, seller_login, seller_role, current_highest_bid, auction_status, winner_login, winner_role) VALUES (913, 913, 'seller32', 'Seller', 0.00, 'Active', NULL, NULL);
INSERT INTO item (item_id, item_name, category, starting_price, image_url, item_condition, description, seller_login, seller_role) VALUES (914, 'Sports Item 914', 'Sports', 447.90, 'https://example.com/images/item_914.jpg', 'Good', 'Fake test item 914 in Sports category.', 'seller36', 'Seller');
INSERT INTO auction (auction_id, item_id, seller_login, seller_role, current_highest_bid, auction_status, winner_login, winner_role) VALUES (914, 914, 'seller36', 'Seller', 0.00, 'Active', NULL, NULL);
INSERT INTO item (item_id, item_name, category, starting_price, image_url, item_condition, description, seller_login, seller_role) VALUES (915, 'Clothing Item 915', 'Clothing', 431.58, 'https://example.com/images/item_915.jpg', 'Fair', 'Fake test item 915 in Clothing category.', 'seller12', 'Seller');
INSERT INTO auction (auction_id, item_id, seller_login, seller_role, current_highest_bid, auction_status, winner_login, winner_role) VALUES (915, 915, 'seller12', 'Seller', 696.49, 'Closed', 'buyer67', 'Buyer');
INSERT INTO item (item_id, item_name, category, starting_price, image_url, item_condition, description, seller_login, seller_role) VALUES (916, 'Electronics Item 916', 'Electronics', 213.31, 'https://example.com/images/item_916.jpg', 'Good', 'Fake test item 916 in Electronics category.', 'seller52', 'Seller');
INSERT INTO auction (auction_id, item_id, seller_login, seller_role, current_highest_bid, auction_status, winner_login, winner_role) VALUES (916, 916, 'seller52', 'Seller', 0.00, 'Active', NULL, NULL);
INSERT INTO item (item_id, item_name, category, starting_price, image_url, item_condition, description, seller_login, seller_role) VALUES (917, 'Home Item 917', 'Home', 439.02, 'https://example.com/images/item_917.jpg', 'Fair', 'Fake test item 917 in Home category.', 'seller51', 'Seller');
INSERT INTO auction (auction_id, item_id, seller_login, seller_role, current_highest_bid, auction_status, winner_login, winner_role) VALUES (917, 917, 'seller51', 'Seller', 0.00, 'Active', NULL, NULL);
INSERT INTO item (item_id, item_name, category, starting_price, image_url, item_condition, description, seller_login, seller_role) VALUES (918, 'Sports Item 918', 'Sports', 344.09, 'https://example.com/images/item_918.jpg', 'New', 'Fake test item 918 in Sports category.', 'seller19', 'Seller');
INSERT INTO auction (auction_id, item_id, seller_login, seller_role, current_highest_bid, auction_status, winner_login, winner_role) VALUES (918, 918, 'seller19', 'Seller', 512.49, 'Closed', 'buyer58', 'Buyer');
INSERT INTO item (item_id, item_name, category, starting_price, image_url, item_condition, description, seller_login, seller_role) VALUES (919, 'Toys Item 919', 'Toys', 454.08, 'https://example.com/images/item_919.jpg', 'Fair', 'Fake test item 919 in Toys category.', 'seller6', 'Seller');
INSERT INTO auction (auction_id, item_id, seller_login, seller_role, current_highest_bid, auction_status, winner_login, winner_role) VALUES (919, 919, 'seller6', 'Seller', 0.00, 'Active', NULL, NULL);
INSERT INTO item (item_id, item_name, category, starting_price, image_url, item_condition, description, seller_login, seller_role) VALUES (920, 'Books Item 920', 'Books', 328.90, 'https://example.com/images/item_920.jpg', 'Like New', 'Fake test item 920 in Books category.', 'seller75', 'Seller');
INSERT INTO auction (auction_id, item_id, seller_login, seller_role, current_highest_bid, auction_status, winner_login, winner_role) VALUES (920, 920, 'seller75', 'Seller', 0.00, 'Active', NULL, NULL);
INSERT INTO item (item_id, item_name, category, starting_price, image_url, item_condition, description, seller_login, seller_role) VALUES (921, 'Art Item 921', 'Art', 406.53, 'https://example.com/images/item_921.jpg', 'New', 'Fake test item 921 in Art category.', 'seller21', 'Seller');
INSERT INTO auction (auction_id, item_id, seller_login, seller_role, current_highest_bid, auction_status, winner_login, winner_role) VALUES (921, 921, 'seller21', 'Seller', 615.36, 'Closed', 'buyer330', 'Buyer');
INSERT INTO item (item_id, item_name, category, starting_price, image_url, item_condition, description, seller_login, seller_role) VALUES (922, 'Clothing Item 922', 'Clothing', 426.94, 'https://example.com/images/item_922.jpg', 'New', 'Fake test item 922 in Clothing category.', 'seller1', 'Seller');
INSERT INTO auction (auction_id, item_id, seller_login, seller_role, current_highest_bid, auction_status, winner_login, winner_role) VALUES (922, 922, 'seller1', 'Seller', 0.00, 'Active', NULL, NULL);
INSERT INTO item (item_id, item_name, category, starting_price, image_url, item_condition, description, seller_login, seller_role) VALUES (923, 'Books Item 923', 'Books', 153.30, 'https://example.com/images/item_923.jpg', 'Used', 'Fake test item 923 in Books category.', 'seller14', 'Seller');
INSERT INTO auction (auction_id, item_id, seller_login, seller_role, current_highest_bid, auction_status, winner_login, winner_role) VALUES (923, 923, 'seller14', 'Seller', 0.00, 'Active', NULL, NULL);
INSERT INTO item (item_id, item_name, category, starting_price, image_url, item_condition, description, seller_login, seller_role) VALUES (924, 'Home Item 924', 'Home', 159.69, 'https://example.com/images/item_924.jpg', 'Like New', 'Fake test item 924 in Home category.', 'seller92', 'Seller');
INSERT INTO auction (auction_id, item_id, seller_login, seller_role, current_highest_bid, auction_status, winner_login, winner_role) VALUES (924, 924, 'seller92', 'Seller', 284.45, 'Closed', 'buyer366', 'Buyer');
INSERT INTO item (item_id, item_name, category, starting_price, image_url, item_condition, description, seller_login, seller_role) VALUES (925, 'Toys Item 925', 'Toys', 291.88, 'https://example.com/images/item_925.jpg', 'Good', 'Fake test item 925 in Toys category.', 'seller31', 'Seller');
INSERT INTO auction (auction_id, item_id, seller_login, seller_role, current_highest_bid, auction_status, winner_login, winner_role) VALUES (925, 925, 'seller31', 'Seller', 0.00, 'Active', NULL, NULL);
INSERT INTO item (item_id, item_name, category, starting_price, image_url, item_condition, description, seller_login, seller_role) VALUES (926, 'Books Item 926', 'Books', 209.94, 'https://example.com/images/item_926.jpg', 'Used', 'Fake test item 926 in Books category.', 'seller52', 'Seller');
INSERT INTO auction (auction_id, item_id, seller_login, seller_role, current_highest_bid, auction_status, winner_login, winner_role) VALUES (926, 926, 'seller52', 'Seller', 0.00, 'Active', NULL, NULL);
INSERT INTO item (item_id, item_name, category, starting_price, image_url, item_condition, description, seller_login, seller_role) VALUES (927, 'Toys Item 927', 'Toys', 82.12, 'https://example.com/images/item_927.jpg', 'Fair', 'Fake test item 927 in Toys category.', 'seller48', 'Seller');
INSERT INTO auction (auction_id, item_id, seller_login, seller_role, current_highest_bid, auction_status, winner_login, winner_role) VALUES (927, 927, 'seller48', 'Seller', 306.00, 'Closed', 'buyer220', 'Buyer');
INSERT INTO item (item_id, item_name, category, starting_price, image_url, item_condition, description, seller_login, seller_role) VALUES (928, 'Books Item 928', 'Books', 337.09, 'https://example.com/images/item_928.jpg', 'New', 'Fake test item 928 in Books category.', 'seller54', 'Seller');
INSERT INTO auction (auction_id, item_id, seller_login, seller_role, current_highest_bid, auction_status, winner_login, winner_role) VALUES (928, 928, 'seller54', 'Seller', 0.00, 'Active', NULL, NULL);
INSERT INTO item (item_id, item_name, category, starting_price, image_url, item_condition, description, seller_login, seller_role) VALUES (929, 'Books Item 929', 'Books', 92.43, 'https://example.com/images/item_929.jpg', 'Like New', 'Fake test item 929 in Books category.', 'seller91', 'Seller');
INSERT INTO auction (auction_id, item_id, seller_login, seller_role, current_highest_bid, auction_status, winner_login, winner_role) VALUES (929, 929, 'seller91', 'Seller', 0.00, 'Active', NULL, NULL);
INSERT INTO item (item_id, item_name, category, starting_price, image_url, item_condition, description, seller_login, seller_role) VALUES (930, 'Home Item 930', 'Home', 174.42, 'https://example.com/images/item_930.jpg', 'Fair', 'Fake test item 930 in Home category.', 'seller98', 'Seller');
INSERT INTO auction (auction_id, item_id, seller_login, seller_role, current_highest_bid, auction_status, winner_login, winner_role) VALUES (930, 930, 'seller98', 'Seller', 210.67, 'Closed', 'buyer62', 'Buyer');
INSERT INTO item (item_id, item_name, category, starting_price, image_url, item_condition, description, seller_login, seller_role) VALUES (931, 'Clothing Item 931', 'Clothing', 355.57, 'https://example.com/images/item_931.jpg', 'Good', 'Fake test item 931 in Clothing category.', 'seller58', 'Seller');
INSERT INTO auction (auction_id, item_id, seller_login, seller_role, current_highest_bid, auction_status, winner_login, winner_role) VALUES (931, 931, 'seller58', 'Seller', 0.00, 'Active', NULL, NULL);
INSERT INTO item (item_id, item_name, category, starting_price, image_url, item_condition, description, seller_login, seller_role) VALUES (932, 'Home Item 932', 'Home', 153.77, 'https://example.com/images/item_932.jpg', 'New', 'Fake test item 932 in Home category.', 'seller31', 'Seller');
INSERT INTO auction (auction_id, item_id, seller_login, seller_role, current_highest_bid, auction_status, winner_login, winner_role) VALUES (932, 932, 'seller31', 'Seller', 0.00, 'Active', NULL, NULL);
INSERT INTO item (item_id, item_name, category, starting_price, image_url, item_condition, description, seller_login, seller_role) VALUES (933, 'Toys Item 933', 'Toys', 303.25, 'https://example.com/images/item_933.jpg', 'New', 'Fake test item 933 in Toys category.', 'seller94', 'Seller');
INSERT INTO auction (auction_id, item_id, seller_login, seller_role, current_highest_bid, auction_status, winner_login, winner_role) VALUES (933, 933, 'seller94', 'Seller', 400.85, 'Closed', 'buyer239', 'Buyer');
INSERT INTO item (item_id, item_name, category, starting_price, image_url, item_condition, description, seller_login, seller_role) VALUES (934, 'Toys Item 934', 'Toys', 10.12, 'https://example.com/images/item_934.jpg', 'Fair', 'Fake test item 934 in Toys category.', 'seller32', 'Seller');
INSERT INTO auction (auction_id, item_id, seller_login, seller_role, current_highest_bid, auction_status, winner_login, winner_role) VALUES (934, 934, 'seller32', 'Seller', 0.00, 'Active', NULL, NULL);
INSERT INTO item (item_id, item_name, category, starting_price, image_url, item_condition, description, seller_login, seller_role) VALUES (935, 'Clothing Item 935', 'Clothing', 156.09, 'https://example.com/images/item_935.jpg', 'Like New', 'Fake test item 935 in Clothing category.', 'seller7', 'Seller');
INSERT INTO auction (auction_id, item_id, seller_login, seller_role, current_highest_bid, auction_status, winner_login, winner_role) VALUES (935, 935, 'seller7', 'Seller', 0.00, 'Active', NULL, NULL);
INSERT INTO item (item_id, item_name, category, starting_price, image_url, item_condition, description, seller_login, seller_role) VALUES (936, 'Clothing Item 936', 'Clothing', 245.71, 'https://example.com/images/item_936.jpg', 'Fair', 'Fake test item 936 in Clothing category.', 'seller47', 'Seller');
INSERT INTO auction (auction_id, item_id, seller_login, seller_role, current_highest_bid, auction_status, winner_login, winner_role) VALUES (936, 936, 'seller47', 'Seller', 415.05, 'Closed', 'buyer389', 'Buyer');
INSERT INTO item (item_id, item_name, category, starting_price, image_url, item_condition, description, seller_login, seller_role) VALUES (937, 'Home Item 937', 'Home', 340.31, 'https://example.com/images/item_937.jpg', 'New', 'Fake test item 937 in Home category.', 'seller5', 'Seller');
INSERT INTO auction (auction_id, item_id, seller_login, seller_role, current_highest_bid, auction_status, winner_login, winner_role) VALUES (937, 937, 'seller5', 'Seller', 0.00, 'Active', NULL, NULL);
INSERT INTO item (item_id, item_name, category, starting_price, image_url, item_condition, description, seller_login, seller_role) VALUES (938, 'Books Item 938', 'Books', 470.58, 'https://example.com/images/item_938.jpg', 'Like New', 'Fake test item 938 in Books category.', 'seller46', 'Seller');
INSERT INTO auction (auction_id, item_id, seller_login, seller_role, current_highest_bid, auction_status, winner_login, winner_role) VALUES (938, 938, 'seller46', 'Seller', 0.00, 'Active', NULL, NULL);
INSERT INTO item (item_id, item_name, category, starting_price, image_url, item_condition, description, seller_login, seller_role) VALUES (939, 'Home Item 939', 'Home', 44.91, 'https://example.com/images/item_939.jpg', 'Used', 'Fake test item 939 in Home category.', 'seller42', 'Seller');
INSERT INTO auction (auction_id, item_id, seller_login, seller_role, current_highest_bid, auction_status, winner_login, winner_role) VALUES (939, 939, 'seller42', 'Seller', 109.60, 'Closed', 'buyer163', 'Buyer');
INSERT INTO item (item_id, item_name, category, starting_price, image_url, item_condition, description, seller_login, seller_role) VALUES (940, 'Books Item 940', 'Books', 424.75, 'https://example.com/images/item_940.jpg', 'Used', 'Fake test item 940 in Books category.', 'seller11', 'Seller');
INSERT INTO auction (auction_id, item_id, seller_login, seller_role, current_highest_bid, auction_status, winner_login, winner_role) VALUES (940, 940, 'seller11', 'Seller', 0.00, 'Active', NULL, NULL);
INSERT INTO item (item_id, item_name, category, starting_price, image_url, item_condition, description, seller_login, seller_role) VALUES (941, 'Clothing Item 941', 'Clothing', 483.91, 'https://example.com/images/item_941.jpg', 'Good', 'Fake test item 941 in Clothing category.', 'seller14', 'Seller');
INSERT INTO auction (auction_id, item_id, seller_login, seller_role, current_highest_bid, auction_status, winner_login, winner_role) VALUES (941, 941, 'seller14', 'Seller', 0.00, 'Active', NULL, NULL);
INSERT INTO item (item_id, item_name, category, starting_price, image_url, item_condition, description, seller_login, seller_role) VALUES (942, 'Art Item 942', 'Art', 334.40, 'https://example.com/images/item_942.jpg', 'Fair', 'Fake test item 942 in Art category.', 'seller37', 'Seller');
INSERT INTO auction (auction_id, item_id, seller_login, seller_role, current_highest_bid, auction_status, winner_login, winner_role) VALUES (942, 942, 'seller37', 'Seller', 436.46, 'Closed', 'buyer71', 'Buyer');
INSERT INTO item (item_id, item_name, category, starting_price, image_url, item_condition, description, seller_login, seller_role) VALUES (943, 'Games Item 943', 'Games', 383.28, 'https://example.com/images/item_943.jpg', 'Good', 'Fake test item 943 in Games category.', 'seller92', 'Seller');
INSERT INTO auction (auction_id, item_id, seller_login, seller_role, current_highest_bid, auction_status, winner_login, winner_role) VALUES (943, 943, 'seller92', 'Seller', 0.00, 'Active', NULL, NULL);
INSERT INTO item (item_id, item_name, category, starting_price, image_url, item_condition, description, seller_login, seller_role) VALUES (944, 'Sports Item 944', 'Sports', 108.38, 'https://example.com/images/item_944.jpg', 'New', 'Fake test item 944 in Sports category.', 'seller74', 'Seller');
INSERT INTO auction (auction_id, item_id, seller_login, seller_role, current_highest_bid, auction_status, winner_login, winner_role) VALUES (944, 944, 'seller74', 'Seller', 0.00, 'Active', NULL, NULL);
INSERT INTO item (item_id, item_name, category, starting_price, image_url, item_condition, description, seller_login, seller_role) VALUES (945, 'Home Item 945', 'Home', 377.49, 'https://example.com/images/item_945.jpg', 'Used', 'Fake test item 945 in Home category.', 'seller52', 'Seller');
INSERT INTO auction (auction_id, item_id, seller_login, seller_role, current_highest_bid, auction_status, winner_login, winner_role) VALUES (945, 945, 'seller52', 'Seller', 647.87, 'Closed', 'buyer68', 'Buyer');
INSERT INTO item (item_id, item_name, category, starting_price, image_url, item_condition, description, seller_login, seller_role) VALUES (946, 'Clothing Item 946', 'Clothing', 39.59, 'https://example.com/images/item_946.jpg', 'Used', 'Fake test item 946 in Clothing category.', 'seller70', 'Seller');
INSERT INTO auction (auction_id, item_id, seller_login, seller_role, current_highest_bid, auction_status, winner_login, winner_role) VALUES (946, 946, 'seller70', 'Seller', 0.00, 'Active', NULL, NULL);
INSERT INTO item (item_id, item_name, category, starting_price, image_url, item_condition, description, seller_login, seller_role) VALUES (947, 'Books Item 947', 'Books', 57.98, 'https://example.com/images/item_947.jpg', 'Used', 'Fake test item 947 in Books category.', 'seller80', 'Seller');
INSERT INTO auction (auction_id, item_id, seller_login, seller_role, current_highest_bid, auction_status, winner_login, winner_role) VALUES (947, 947, 'seller80', 'Seller', 0.00, 'Active', NULL, NULL);
INSERT INTO item (item_id, item_name, category, starting_price, image_url, item_condition, description, seller_login, seller_role) VALUES (948, 'Art Item 948', 'Art', 385.92, 'https://example.com/images/item_948.jpg', 'Like New', 'Fake test item 948 in Art category.', 'seller45', 'Seller');
INSERT INTO auction (auction_id, item_id, seller_login, seller_role, current_highest_bid, auction_status, winner_login, winner_role) VALUES (948, 948, 'seller45', 'Seller', 643.04, 'Closed', 'buyer189', 'Buyer');
INSERT INTO item (item_id, item_name, category, starting_price, image_url, item_condition, description, seller_login, seller_role) VALUES (949, 'Art Item 949', 'Art', 38.63, 'https://example.com/images/item_949.jpg', 'Good', 'Fake test item 949 in Art category.', 'seller53', 'Seller');
INSERT INTO auction (auction_id, item_id, seller_login, seller_role, current_highest_bid, auction_status, winner_login, winner_role) VALUES (949, 949, 'seller53', 'Seller', 0.00, 'Active', NULL, NULL);
INSERT INTO item (item_id, item_name, category, starting_price, image_url, item_condition, description, seller_login, seller_role) VALUES (950, 'Books Item 950', 'Books', 70.14, 'https://example.com/images/item_950.jpg', 'Good', 'Fake test item 950 in Books category.', 'seller8', 'Seller');
INSERT INTO auction (auction_id, item_id, seller_login, seller_role, current_highest_bid, auction_status, winner_login, winner_role) VALUES (950, 950, 'seller8', 'Seller', 0.00, 'Active', NULL, NULL);
INSERT INTO item (item_id, item_name, category, starting_price, image_url, item_condition, description, seller_login, seller_role) VALUES (951, 'Clothing Item 951', 'Clothing', 225.14, 'https://example.com/images/item_951.jpg', 'Fair', 'Fake test item 951 in Clothing category.', 'seller63', 'Seller');
INSERT INTO auction (auction_id, item_id, seller_login, seller_role, current_highest_bid, auction_status, winner_login, winner_role) VALUES (951, 951, 'seller63', 'Seller', 340.46, 'Closed', 'buyer47', 'Buyer');
INSERT INTO item (item_id, item_name, category, starting_price, image_url, item_condition, description, seller_login, seller_role) VALUES (952, 'Clothing Item 952', 'Clothing', 58.69, 'https://example.com/images/item_952.jpg', 'Used', 'Fake test item 952 in Clothing category.', 'seller88', 'Seller');
INSERT INTO auction (auction_id, item_id, seller_login, seller_role, current_highest_bid, auction_status, winner_login, winner_role) VALUES (952, 952, 'seller88', 'Seller', 0.00, 'Active', NULL, NULL);
INSERT INTO item (item_id, item_name, category, starting_price, image_url, item_condition, description, seller_login, seller_role) VALUES (953, 'Clothing Item 953', 'Clothing', 385.06, 'https://example.com/images/item_953.jpg', 'Used', 'Fake test item 953 in Clothing category.', 'seller87', 'Seller');
INSERT INTO auction (auction_id, item_id, seller_login, seller_role, current_highest_bid, auction_status, winner_login, winner_role) VALUES (953, 953, 'seller87', 'Seller', 0.00, 'Active', NULL, NULL);
INSERT INTO item (item_id, item_name, category, starting_price, image_url, item_condition, description, seller_login, seller_role) VALUES (954, 'Books Item 954', 'Books', 103.74, 'https://example.com/images/item_954.jpg', 'Good', 'Fake test item 954 in Books category.', 'seller28', 'Seller');
INSERT INTO auction (auction_id, item_id, seller_login, seller_role, current_highest_bid, auction_status, winner_login, winner_role) VALUES (954, 954, 'seller28', 'Seller', 241.95, 'Closed', 'buyer191', 'Buyer');
INSERT INTO item (item_id, item_name, category, starting_price, image_url, item_condition, description, seller_login, seller_role) VALUES (955, 'Electronics Item 955', 'Electronics', 179.58, 'https://example.com/images/item_955.jpg', 'Used', 'Fake test item 955 in Electronics category.', 'seller30', 'Seller');
INSERT INTO auction (auction_id, item_id, seller_login, seller_role, current_highest_bid, auction_status, winner_login, winner_role) VALUES (955, 955, 'seller30', 'Seller', 0.00, 'Active', NULL, NULL);
INSERT INTO item (item_id, item_name, category, starting_price, image_url, item_condition, description, seller_login, seller_role) VALUES (956, 'Clothing Item 956', 'Clothing', 140.25, 'https://example.com/images/item_956.jpg', 'Fair', 'Fake test item 956 in Clothing category.', 'seller50', 'Seller');
INSERT INTO auction (auction_id, item_id, seller_login, seller_role, current_highest_bid, auction_status, winner_login, winner_role) VALUES (956, 956, 'seller50', 'Seller', 0.00, 'Active', NULL, NULL);
INSERT INTO item (item_id, item_name, category, starting_price, image_url, item_condition, description, seller_login, seller_role) VALUES (957, 'Home Item 957', 'Home', 178.41, 'https://example.com/images/item_957.jpg', 'New', 'Fake test item 957 in Home category.', 'seller83', 'Seller');
INSERT INTO auction (auction_id, item_id, seller_login, seller_role, current_highest_bid, auction_status, winner_login, winner_role) VALUES (957, 957, 'seller83', 'Seller', 402.95, 'Closed', 'buyer180', 'Buyer');
INSERT INTO item (item_id, item_name, category, starting_price, image_url, item_condition, description, seller_login, seller_role) VALUES (958, 'Clothing Item 958', 'Clothing', 164.65, 'https://example.com/images/item_958.jpg', 'Used', 'Fake test item 958 in Clothing category.', 'seller1', 'Seller');
INSERT INTO auction (auction_id, item_id, seller_login, seller_role, current_highest_bid, auction_status, winner_login, winner_role) VALUES (958, 958, 'seller1', 'Seller', 0.00, 'Active', NULL, NULL);
INSERT INTO item (item_id, item_name, category, starting_price, image_url, item_condition, description, seller_login, seller_role) VALUES (959, 'Clothing Item 959', 'Clothing', 349.16, 'https://example.com/images/item_959.jpg', 'Fair', 'Fake test item 959 in Clothing category.', 'seller20', 'Seller');
INSERT INTO auction (auction_id, item_id, seller_login, seller_role, current_highest_bid, auction_status, winner_login, winner_role) VALUES (959, 959, 'seller20', 'Seller', 0.00, 'Active', NULL, NULL);
INSERT INTO item (item_id, item_name, category, starting_price, image_url, item_condition, description, seller_login, seller_role) VALUES (960, 'Toys Item 960', 'Toys', 185.68, 'https://example.com/images/item_960.jpg', 'Used', 'Fake test item 960 in Toys category.', 'seller27', 'Seller');
INSERT INTO auction (auction_id, item_id, seller_login, seller_role, current_highest_bid, auction_status, winner_login, winner_role) VALUES (960, 960, 'seller27', 'Seller', 343.96, 'Closed', 'buyer379', 'Buyer');
INSERT INTO item (item_id, item_name, category, starting_price, image_url, item_condition, description, seller_login, seller_role) VALUES (961, 'Electronics Item 961', 'Electronics', 457.01, 'https://example.com/images/item_961.jpg', 'Used', 'Fake test item 961 in Electronics category.', 'seller87', 'Seller');
INSERT INTO auction (auction_id, item_id, seller_login, seller_role, current_highest_bid, auction_status, winner_login, winner_role) VALUES (961, 961, 'seller87', 'Seller', 0.00, 'Active', NULL, NULL);
INSERT INTO item (item_id, item_name, category, starting_price, image_url, item_condition, description, seller_login, seller_role) VALUES (962, 'Art Item 962', 'Art', 13.67, 'https://example.com/images/item_962.jpg', 'Fair', 'Fake test item 962 in Art category.', 'seller82', 'Seller');
INSERT INTO auction (auction_id, item_id, seller_login, seller_role, current_highest_bid, auction_status, winner_login, winner_role) VALUES (962, 962, 'seller82', 'Seller', 0.00, 'Active', NULL, NULL);
INSERT INTO item (item_id, item_name, category, starting_price, image_url, item_condition, description, seller_login, seller_role) VALUES (963, 'Games Item 963', 'Games', 106.64, 'https://example.com/images/item_963.jpg', 'New', 'Fake test item 963 in Games category.', 'seller88', 'Seller');
INSERT INTO auction (auction_id, item_id, seller_login, seller_role, current_highest_bid, auction_status, winner_login, winner_role) VALUES (963, 963, 'seller88', 'Seller', 340.00, 'Closed', 'buyer243', 'Buyer');
INSERT INTO item (item_id, item_name, category, starting_price, image_url, item_condition, description, seller_login, seller_role) VALUES (964, 'Electronics Item 964', 'Electronics', 470.24, 'https://example.com/images/item_964.jpg', 'Like New', 'Fake test item 964 in Electronics category.', 'seller84', 'Seller');
INSERT INTO auction (auction_id, item_id, seller_login, seller_role, current_highest_bid, auction_status, winner_login, winner_role) VALUES (964, 964, 'seller84', 'Seller', 0.00, 'Active', NULL, NULL);
INSERT INTO item (item_id, item_name, category, starting_price, image_url, item_condition, description, seller_login, seller_role) VALUES (965, 'Art Item 965', 'Art', 423.12, 'https://example.com/images/item_965.jpg', 'Good', 'Fake test item 965 in Art category.', 'seller31', 'Seller');
INSERT INTO auction (auction_id, item_id, seller_login, seller_role, current_highest_bid, auction_status, winner_login, winner_role) VALUES (965, 965, 'seller31', 'Seller', 0.00, 'Active', NULL, NULL);
INSERT INTO item (item_id, item_name, category, starting_price, image_url, item_condition, description, seller_login, seller_role) VALUES (966, 'Games Item 966', 'Games', 174.25, 'https://example.com/images/item_966.jpg', 'New', 'Fake test item 966 in Games category.', 'seller96', 'Seller');
INSERT INTO auction (auction_id, item_id, seller_login, seller_role, current_highest_bid, auction_status, winner_login, winner_role) VALUES (966, 966, 'seller96', 'Seller', 359.21, 'Closed', 'buyer88', 'Buyer');
INSERT INTO item (item_id, item_name, category, starting_price, image_url, item_condition, description, seller_login, seller_role) VALUES (967, 'Sports Item 967', 'Sports', 199.96, 'https://example.com/images/item_967.jpg', 'New', 'Fake test item 967 in Sports category.', 'seller22', 'Seller');
INSERT INTO auction (auction_id, item_id, seller_login, seller_role, current_highest_bid, auction_status, winner_login, winner_role) VALUES (967, 967, 'seller22', 'Seller', 0.00, 'Active', NULL, NULL);
INSERT INTO item (item_id, item_name, category, starting_price, image_url, item_condition, description, seller_login, seller_role) VALUES (968, 'Sports Item 968', 'Sports', 499.65, 'https://example.com/images/item_968.jpg', 'New', 'Fake test item 968 in Sports category.', 'seller100', 'Seller');
INSERT INTO auction (auction_id, item_id, seller_login, seller_role, current_highest_bid, auction_status, winner_login, winner_role) VALUES (968, 968, 'seller100', 'Seller', 0.00, 'Active', NULL, NULL);
INSERT INTO item (item_id, item_name, category, starting_price, image_url, item_condition, description, seller_login, seller_role) VALUES (969, 'Art Item 969', 'Art', 430.40, 'https://example.com/images/item_969.jpg', 'Used', 'Fake test item 969 in Art category.', 'seller50', 'Seller');
INSERT INTO auction (auction_id, item_id, seller_login, seller_role, current_highest_bid, auction_status, winner_login, winner_role) VALUES (969, 969, 'seller50', 'Seller', 729.91, 'Closed', 'buyer399', 'Buyer');
INSERT INTO item (item_id, item_name, category, starting_price, image_url, item_condition, description, seller_login, seller_role) VALUES (970, 'Clothing Item 970', 'Clothing', 498.17, 'https://example.com/images/item_970.jpg', 'New', 'Fake test item 970 in Clothing category.', 'seller93', 'Seller');
INSERT INTO auction (auction_id, item_id, seller_login, seller_role, current_highest_bid, auction_status, winner_login, winner_role) VALUES (970, 970, 'seller93', 'Seller', 0.00, 'Active', NULL, NULL);
INSERT INTO item (item_id, item_name, category, starting_price, image_url, item_condition, description, seller_login, seller_role) VALUES (971, 'Home Item 971', 'Home', 338.52, 'https://example.com/images/item_971.jpg', 'New', 'Fake test item 971 in Home category.', 'seller77', 'Seller');
INSERT INTO auction (auction_id, item_id, seller_login, seller_role, current_highest_bid, auction_status, winner_login, winner_role) VALUES (971, 971, 'seller77', 'Seller', 0.00, 'Active', NULL, NULL);
INSERT INTO item (item_id, item_name, category, starting_price, image_url, item_condition, description, seller_login, seller_role) VALUES (972, 'Electronics Item 972', 'Electronics', 385.14, 'https://example.com/images/item_972.jpg', 'New', 'Fake test item 972 in Electronics category.', 'seller34', 'Seller');
INSERT INTO auction (auction_id, item_id, seller_login, seller_role, current_highest_bid, auction_status, winner_login, winner_role) VALUES (972, 972, 'seller34', 'Seller', 407.04, 'Closed', 'buyer66', 'Buyer');
INSERT INTO item (item_id, item_name, category, starting_price, image_url, item_condition, description, seller_login, seller_role) VALUES (973, 'Home Item 973', 'Home', 370.04, 'https://example.com/images/item_973.jpg', 'New', 'Fake test item 973 in Home category.', 'seller100', 'Seller');
INSERT INTO auction (auction_id, item_id, seller_login, seller_role, current_highest_bid, auction_status, winner_login, winner_role) VALUES (973, 973, 'seller100', 'Seller', 0.00, 'Active', NULL, NULL);
INSERT INTO item (item_id, item_name, category, starting_price, image_url, item_condition, description, seller_login, seller_role) VALUES (974, 'Toys Item 974', 'Toys', 291.67, 'https://example.com/images/item_974.jpg', 'New', 'Fake test item 974 in Toys category.', 'seller26', 'Seller');
INSERT INTO auction (auction_id, item_id, seller_login, seller_role, current_highest_bid, auction_status, winner_login, winner_role) VALUES (974, 974, 'seller26', 'Seller', 0.00, 'Active', NULL, NULL);
INSERT INTO item (item_id, item_name, category, starting_price, image_url, item_condition, description, seller_login, seller_role) VALUES (975, 'Books Item 975', 'Books', 211.81, 'https://example.com/images/item_975.jpg', 'Good', 'Fake test item 975 in Books category.', 'seller15', 'Seller');
INSERT INTO auction (auction_id, item_id, seller_login, seller_role, current_highest_bid, auction_status, winner_login, winner_role) VALUES (975, 975, 'seller15', 'Seller', 429.74, 'Closed', 'buyer348', 'Buyer');
INSERT INTO item (item_id, item_name, category, starting_price, image_url, item_condition, description, seller_login, seller_role) VALUES (976, 'Books Item 976', 'Books', 243.32, 'https://example.com/images/item_976.jpg', 'New', 'Fake test item 976 in Books category.', 'seller58', 'Seller');
INSERT INTO auction (auction_id, item_id, seller_login, seller_role, current_highest_bid, auction_status, winner_login, winner_role) VALUES (976, 976, 'seller58', 'Seller', 0.00, 'Active', NULL, NULL);
INSERT INTO item (item_id, item_name, category, starting_price, image_url, item_condition, description, seller_login, seller_role) VALUES (977, 'Art Item 977', 'Art', 426.44, 'https://example.com/images/item_977.jpg', 'New', 'Fake test item 977 in Art category.', 'seller25', 'Seller');
INSERT INTO auction (auction_id, item_id, seller_login, seller_role, current_highest_bid, auction_status, winner_login, winner_role) VALUES (977, 977, 'seller25', 'Seller', 0.00, 'Active', NULL, NULL);
INSERT INTO item (item_id, item_name, category, starting_price, image_url, item_condition, description, seller_login, seller_role) VALUES (978, 'Electronics Item 978', 'Electronics', 246.78, 'https://example.com/images/item_978.jpg', 'Good', 'Fake test item 978 in Electronics category.', 'seller88', 'Seller');
INSERT INTO auction (auction_id, item_id, seller_login, seller_role, current_highest_bid, auction_status, winner_login, winner_role) VALUES (978, 978, 'seller88', 'Seller', 303.89, 'Closed', 'buyer5', 'Buyer');
INSERT INTO item (item_id, item_name, category, starting_price, image_url, item_condition, description, seller_login, seller_role) VALUES (979, 'Toys Item 979', 'Toys', 253.32, 'https://example.com/images/item_979.jpg', 'Fair', 'Fake test item 979 in Toys category.', 'seller80', 'Seller');
INSERT INTO auction (auction_id, item_id, seller_login, seller_role, current_highest_bid, auction_status, winner_login, winner_role) VALUES (979, 979, 'seller80', 'Seller', 0.00, 'Active', NULL, NULL);
INSERT INTO item (item_id, item_name, category, starting_price, image_url, item_condition, description, seller_login, seller_role) VALUES (980, 'Electronics Item 980', 'Electronics', 433.57, 'https://example.com/images/item_980.jpg', 'Good', 'Fake test item 980 in Electronics category.', 'seller8', 'Seller');
INSERT INTO auction (auction_id, item_id, seller_login, seller_role, current_highest_bid, auction_status, winner_login, winner_role) VALUES (980, 980, 'seller8', 'Seller', 0.00, 'Active', NULL, NULL);
INSERT INTO item (item_id, item_name, category, starting_price, image_url, item_condition, description, seller_login, seller_role) VALUES (981, 'Art Item 981', 'Art', 86.72, 'https://example.com/images/item_981.jpg', 'New', 'Fake test item 981 in Art category.', 'seller79', 'Seller');
INSERT INTO auction (auction_id, item_id, seller_login, seller_role, current_highest_bid, auction_status, winner_login, winner_role) VALUES (981, 981, 'seller79', 'Seller', 279.22, 'Closed', 'buyer95', 'Buyer');
INSERT INTO item (item_id, item_name, category, starting_price, image_url, item_condition, description, seller_login, seller_role) VALUES (982, 'Art Item 982', 'Art', 338.93, 'https://example.com/images/item_982.jpg', 'Like New', 'Fake test item 982 in Art category.', 'seller72', 'Seller');
INSERT INTO auction (auction_id, item_id, seller_login, seller_role, current_highest_bid, auction_status, winner_login, winner_role) VALUES (982, 982, 'seller72', 'Seller', 0.00, 'Active', NULL, NULL);
INSERT INTO item (item_id, item_name, category, starting_price, image_url, item_condition, description, seller_login, seller_role) VALUES (983, 'Toys Item 983', 'Toys', 142.13, 'https://example.com/images/item_983.jpg', 'New', 'Fake test item 983 in Toys category.', 'seller77', 'Seller');
INSERT INTO auction (auction_id, item_id, seller_login, seller_role, current_highest_bid, auction_status, winner_login, winner_role) VALUES (983, 983, 'seller77', 'Seller', 0.00, 'Active', NULL, NULL);
INSERT INTO item (item_id, item_name, category, starting_price, image_url, item_condition, description, seller_login, seller_role) VALUES (984, 'Electronics Item 984', 'Electronics', 103.16, 'https://example.com/images/item_984.jpg', 'New', 'Fake test item 984 in Electronics category.', 'seller75', 'Seller');
INSERT INTO auction (auction_id, item_id, seller_login, seller_role, current_highest_bid, auction_status, winner_login, winner_role) VALUES (984, 984, 'seller75', 'Seller', 273.36, 'Closed', 'buyer275', 'Buyer');
INSERT INTO item (item_id, item_name, category, starting_price, image_url, item_condition, description, seller_login, seller_role) VALUES (985, 'Electronics Item 985', 'Electronics', 255.52, 'https://example.com/images/item_985.jpg', 'New', 'Fake test item 985 in Electronics category.', 'seller99', 'Seller');
INSERT INTO auction (auction_id, item_id, seller_login, seller_role, current_highest_bid, auction_status, winner_login, winner_role) VALUES (985, 985, 'seller99', 'Seller', 0.00, 'Active', NULL, NULL);
INSERT INTO item (item_id, item_name, category, starting_price, image_url, item_condition, description, seller_login, seller_role) VALUES (986, 'Toys Item 986', 'Toys', 73.06, 'https://example.com/images/item_986.jpg', 'New', 'Fake test item 986 in Toys category.', 'seller15', 'Seller');
INSERT INTO auction (auction_id, item_id, seller_login, seller_role, current_highest_bid, auction_status, winner_login, winner_role) VALUES (986, 986, 'seller15', 'Seller', 0.00, 'Active', NULL, NULL);
INSERT INTO item (item_id, item_name, category, starting_price, image_url, item_condition, description, seller_login, seller_role) VALUES (987, 'Books Item 987', 'Books', 482.26, 'https://example.com/images/item_987.jpg', 'Like New', 'Fake test item 987 in Books category.', 'seller82', 'Seller');
INSERT INTO auction (auction_id, item_id, seller_login, seller_role, current_highest_bid, auction_status, winner_login, winner_role) VALUES (987, 987, 'seller82', 'Seller', 573.41, 'Closed', 'buyer359', 'Buyer');
INSERT INTO item (item_id, item_name, category, starting_price, image_url, item_condition, description, seller_login, seller_role) VALUES (988, 'Art Item 988', 'Art', 126.67, 'https://example.com/images/item_988.jpg', 'Like New', 'Fake test item 988 in Art category.', 'seller81', 'Seller');
INSERT INTO auction (auction_id, item_id, seller_login, seller_role, current_highest_bid, auction_status, winner_login, winner_role) VALUES (988, 988, 'seller81', 'Seller', 0.00, 'Active', NULL, NULL);
INSERT INTO item (item_id, item_name, category, starting_price, image_url, item_condition, description, seller_login, seller_role) VALUES (989, 'Sports Item 989', 'Sports', 91.26, 'https://example.com/images/item_989.jpg', 'Fair', 'Fake test item 989 in Sports category.', 'seller8', 'Seller');
INSERT INTO auction (auction_id, item_id, seller_login, seller_role, current_highest_bid, auction_status, winner_login, winner_role) VALUES (989, 989, 'seller8', 'Seller', 0.00, 'Active', NULL, NULL);
INSERT INTO item (item_id, item_name, category, starting_price, image_url, item_condition, description, seller_login, seller_role) VALUES (990, 'Games Item 990', 'Games', 417.11, 'https://example.com/images/item_990.jpg', 'Used', 'Fake test item 990 in Games category.', 'seller92', 'Seller');
INSERT INTO auction (auction_id, item_id, seller_login, seller_role, current_highest_bid, auction_status, winner_login, winner_role) VALUES (990, 990, 'seller92', 'Seller', 629.84, 'Closed', 'buyer127', 'Buyer');
INSERT INTO item (item_id, item_name, category, starting_price, image_url, item_condition, description, seller_login, seller_role) VALUES (991, 'Clothing Item 991', 'Clothing', 238.07, 'https://example.com/images/item_991.jpg', 'New', 'Fake test item 991 in Clothing category.', 'seller38', 'Seller');
INSERT INTO auction (auction_id, item_id, seller_login, seller_role, current_highest_bid, auction_status, winner_login, winner_role) VALUES (991, 991, 'seller38', 'Seller', 0.00, 'Active', NULL, NULL);
INSERT INTO item (item_id, item_name, category, starting_price, image_url, item_condition, description, seller_login, seller_role) VALUES (992, 'Toys Item 992', 'Toys', 210.63, 'https://example.com/images/item_992.jpg', 'Good', 'Fake test item 992 in Toys category.', 'seller84', 'Seller');
INSERT INTO auction (auction_id, item_id, seller_login, seller_role, current_highest_bid, auction_status, winner_login, winner_role) VALUES (992, 992, 'seller84', 'Seller', 0.00, 'Active', NULL, NULL);
INSERT INTO item (item_id, item_name, category, starting_price, image_url, item_condition, description, seller_login, seller_role) VALUES (993, 'Games Item 993', 'Games', 181.30, 'https://example.com/images/item_993.jpg', 'Good', 'Fake test item 993 in Games category.', 'seller99', 'Seller');
INSERT INTO auction (auction_id, item_id, seller_login, seller_role, current_highest_bid, auction_status, winner_login, winner_role) VALUES (993, 993, 'seller99', 'Seller', 405.94, 'Closed', 'buyer86', 'Buyer');
INSERT INTO item (item_id, item_name, category, starting_price, image_url, item_condition, description, seller_login, seller_role) VALUES (994, 'Home Item 994', 'Home', 99.91, 'https://example.com/images/item_994.jpg', 'New', 'Fake test item 994 in Home category.', 'seller88', 'Seller');
INSERT INTO auction (auction_id, item_id, seller_login, seller_role, current_highest_bid, auction_status, winner_login, winner_role) VALUES (994, 994, 'seller88', 'Seller', 0.00, 'Active', NULL, NULL);
INSERT INTO item (item_id, item_name, category, starting_price, image_url, item_condition, description, seller_login, seller_role) VALUES (995, 'Toys Item 995', 'Toys', 197.40, 'https://example.com/images/item_995.jpg', 'New', 'Fake test item 995 in Toys category.', 'seller72', 'Seller');
INSERT INTO auction (auction_id, item_id, seller_login, seller_role, current_highest_bid, auction_status, winner_login, winner_role) VALUES (995, 995, 'seller72', 'Seller', 0.00, 'Active', NULL, NULL);
INSERT INTO item (item_id, item_name, category, starting_price, image_url, item_condition, description, seller_login, seller_role) VALUES (996, 'Books Item 996', 'Books', 311.47, 'https://example.com/images/item_996.jpg', 'Good', 'Fake test item 996 in Books category.', 'seller44', 'Seller');
INSERT INTO auction (auction_id, item_id, seller_login, seller_role, current_highest_bid, auction_status, winner_login, winner_role) VALUES (996, 996, 'seller44', 'Seller', 326.03, 'Closed', 'buyer267', 'Buyer');
INSERT INTO item (item_id, item_name, category, starting_price, image_url, item_condition, description, seller_login, seller_role) VALUES (997, 'Books Item 997', 'Books', 228.12, 'https://example.com/images/item_997.jpg', 'New', 'Fake test item 997 in Books category.', 'seller96', 'Seller');
INSERT INTO auction (auction_id, item_id, seller_login, seller_role, current_highest_bid, auction_status, winner_login, winner_role) VALUES (997, 997, 'seller96', 'Seller', 0.00, 'Active', NULL, NULL);
INSERT INTO item (item_id, item_name, category, starting_price, image_url, item_condition, description, seller_login, seller_role) VALUES (998, 'Sports Item 998', 'Sports', 12.12, 'https://example.com/images/item_998.jpg', 'New', 'Fake test item 998 in Sports category.', 'seller100', 'Seller');
INSERT INTO auction (auction_id, item_id, seller_login, seller_role, current_highest_bid, auction_status, winner_login, winner_role) VALUES (998, 998, 'seller100', 'Seller', 0.00, 'Active', NULL, NULL);
INSERT INTO item (item_id, item_name, category, starting_price, image_url, item_condition, description, seller_login, seller_role) VALUES (999, 'Electronics Item 999', 'Electronics', 442.58, 'https://example.com/images/item_999.jpg', 'Used', 'Fake test item 999 in Electronics category.', 'seller95', 'Seller');
INSERT INTO auction (auction_id, item_id, seller_login, seller_role, current_highest_bid, auction_status, winner_login, winner_role) VALUES (999, 999, 'seller95', 'Seller', 626.18, 'Closed', 'buyer138', 'Buyer');
INSERT INTO item (item_id, item_name, category, starting_price, image_url, item_condition, description, seller_login, seller_role) VALUES (1000, 'Electronics Item 1000', 'Electronics', 40.55, 'https://example.com/images/item_1000.jpg', 'Good', 'Fake test item 1000 in Electronics category.', 'seller87', 'Seller');
INSERT INTO auction (auction_id, item_id, seller_login, seller_role, current_highest_bid, auction_status, winner_login, winner_role) VALUES (1000, 1000, 'seller87', 'Seller', 0.00, 'Active', NULL, NULL);

INSERT INTO bid (bid_id, auction_id, buyer_login, buyer_role, bid_amount, bid_timestamp) VALUES (1, 457, 'buyer107', 'Buyer', 561.61, '2026-03-28 19:28:58');
INSERT INTO bid (bid_id, auction_id, buyer_login, buyer_role, bid_amount, bid_timestamp) VALUES (2, 776, 'buyer388', 'Buyer', 491.07, '2026-04-30 15:15:58');
INSERT INTO bid (bid_id, auction_id, buyer_login, buyer_role, bid_amount, bid_timestamp) VALUES (3, 811, 'buyer359', 'Buyer', 448.87, '2026-04-04 03:19:58');
INSERT INTO bid (bid_id, auction_id, buyer_login, buyer_role, bid_amount, bid_timestamp) VALUES (4, 903, 'buyer186', 'Buyer', 632.23, '2026-04-05 15:05:58');
INSERT INTO bid (bid_id, auction_id, buyer_login, buyer_role, bid_amount, bid_timestamp) VALUES (5, 516, 'buyer142', 'Buyer', 231.81, '2026-04-12 01:05:58');
INSERT INTO bid (bid_id, auction_id, buyer_login, buyer_role, bid_amount, bid_timestamp) VALUES (6, 681, 'buyer249', 'Buyer', 375.87, '2026-05-16 20:21:58');
INSERT INTO bid (bid_id, auction_id, buyer_login, buyer_role, bid_amount, bid_timestamp) VALUES (7, 789, 'buyer378', 'Buyer', 177.84, '2026-03-12 02:32:58');
INSERT INTO bid (bid_id, auction_id, buyer_login, buyer_role, bid_amount, bid_timestamp) VALUES (8, 798, 'buyer318', 'Buyer', 330.84, '2026-03-29 14:41:58');
INSERT INTO bid (bid_id, auction_id, buyer_login, buyer_role, bid_amount, bid_timestamp) VALUES (9, 746, 'buyer286', 'Buyer', 109.87, '2026-05-09 05:53:58');
INSERT INTO bid (bid_id, auction_id, buyer_login, buyer_role, bid_amount, bid_timestamp) VALUES (10, 542, 'buyer317', 'Buyer', 465.15, '2026-04-06 02:07:58');
INSERT INTO bid (bid_id, auction_id, buyer_login, buyer_role, bid_amount, bid_timestamp) VALUES (11, 84, 'buyer380', 'Buyer', 552.06, '2026-03-28 02:39:58');
INSERT INTO bid (bid_id, auction_id, buyer_login, buyer_role, bid_amount, bid_timestamp) VALUES (12, 197, 'buyer358', 'Buyer', 168.69, '2026-03-15 03:57:58');
INSERT INTO bid (bid_id, auction_id, buyer_login, buyer_role, bid_amount, bid_timestamp) VALUES (13, 768, 'buyer302', 'Buyer', 198.48, '2026-03-03 23:59:58');
INSERT INTO bid (bid_id, auction_id, buyer_login, buyer_role, bid_amount, bid_timestamp) VALUES (14, 521, 'buyer329', 'Buyer', 136.80, '2026-04-03 22:19:58');
INSERT INTO bid (bid_id, auction_id, buyer_login, buyer_role, bid_amount, bid_timestamp) VALUES (15, 756, 'buyer181', 'Buyer', 736.41, '2026-03-30 15:13:58');
INSERT INTO bid (bid_id, auction_id, buyer_login, buyer_role, bid_amount, bid_timestamp) VALUES (16, 456, 'buyer180', 'Buyer', 822.80, '2026-04-19 00:20:58');
INSERT INTO bid (bid_id, auction_id, buyer_login, buyer_role, bid_amount, bid_timestamp) VALUES (17, 635, 'buyer162', 'Buyer', 431.44, '2026-05-14 19:35:58');
INSERT INTO bid (bid_id, auction_id, buyer_login, buyer_role, bid_amount, bid_timestamp) VALUES (18, 553, 'buyer236', 'Buyer', 494.78, '2026-03-20 00:20:58');
INSERT INTO bid (bid_id, auction_id, buyer_login, buyer_role, bid_amount, bid_timestamp) VALUES (19, 444, 'buyer88', 'Buyer', 386.25, '2026-04-20 13:45:58');
INSERT INTO bid (bid_id, auction_id, buyer_login, buyer_role, bid_amount, bid_timestamp) VALUES (20, 928, 'buyer228', 'Buyer', 436.65, '2026-03-26 10:21:58');
INSERT INTO bid (bid_id, auction_id, buyer_login, buyer_role, bid_amount, bid_timestamp) VALUES (21, 791, 'buyer377', 'Buyer', 117.31, '2026-02-25 18:05:58');
INSERT INTO bid (bid_id, auction_id, buyer_login, buyer_role, bid_amount, bid_timestamp) VALUES (22, 818, 'buyer84', 'Buyer', 361.16, '2026-04-28 13:56:58');
INSERT INTO bid (bid_id, auction_id, buyer_login, buyer_role, bid_amount, bid_timestamp) VALUES (23, 186, 'buyer188', 'Buyer', 745.69, '2026-05-22 22:06:58');
INSERT INTO bid (bid_id, auction_id, buyer_login, buyer_role, bid_amount, bid_timestamp) VALUES (24, 285, 'buyer288', 'Buyer', 493.42, '2026-05-11 19:24:58');
INSERT INTO bid (bid_id, auction_id, buyer_login, buyer_role, bid_amount, bid_timestamp) VALUES (25, 458, 'buyer363', 'Buyer', 397.27, '2026-04-17 06:56:58');
INSERT INTO bid (bid_id, auction_id, buyer_login, buyer_role, bid_amount, bid_timestamp) VALUES (26, 414, 'buyer366', 'Buyer', 399.62, '2026-04-28 19:38:58');
INSERT INTO bid (bid_id, auction_id, buyer_login, buyer_role, bid_amount, bid_timestamp) VALUES (27, 511, 'buyer388', 'Buyer', 511.61, '2026-03-26 20:30:58');
INSERT INTO bid (bid_id, auction_id, buyer_login, buyer_role, bid_amount, bid_timestamp) VALUES (28, 247, 'buyer327', 'Buyer', 247.23, '2026-05-04 21:11:58');
INSERT INTO bid (bid_id, auction_id, buyer_login, buyer_role, bid_amount, bid_timestamp) VALUES (29, 833, 'buyer270', 'Buyer', 72.64, '2026-05-04 01:17:58');
INSERT INTO bid (bid_id, auction_id, buyer_login, buyer_role, bid_amount, bid_timestamp) VALUES (30, 835, 'buyer127', 'Buyer', 365.96, '2026-05-18 12:12:58');
INSERT INTO bid (bid_id, auction_id, buyer_login, buyer_role, bid_amount, bid_timestamp) VALUES (31, 472, 'buyer119', 'Buyer', 473.25, '2026-03-29 19:56:58');
INSERT INTO bid (bid_id, auction_id, buyer_login, buyer_role, bid_amount, bid_timestamp) VALUES (32, 971, 'buyer329', 'Buyer', 403.32, '2026-04-01 01:50:58');
INSERT INTO bid (bid_id, auction_id, buyer_login, buyer_role, bid_amount, bid_timestamp) VALUES (33, 903, 'buyer186', 'Buyer', 633.75, '2026-04-03 04:06:58');
INSERT INTO bid (bid_id, auction_id, buyer_login, buyer_role, bid_amount, bid_timestamp) VALUES (34, 414, 'buyer366', 'Buyer', 382.40, '2026-05-05 06:25:58');
INSERT INTO bid (bid_id, auction_id, buyer_login, buyer_role, bid_amount, bid_timestamp) VALUES (35, 195, 'buyer384', 'Buyer', 471.42, '2026-04-19 23:44:58');
INSERT INTO bid (bid_id, auction_id, buyer_login, buyer_role, bid_amount, bid_timestamp) VALUES (36, 207, 'buyer92', 'Buyer', 222.36, '2026-03-15 12:39:58');
INSERT INTO bid (bid_id, auction_id, buyer_login, buyer_role, bid_amount, bid_timestamp) VALUES (37, 757, 'buyer279', 'Buyer', 486.95, '2026-05-05 22:30:58');
INSERT INTO bid (bid_id, auction_id, buyer_login, buyer_role, bid_amount, bid_timestamp) VALUES (38, 588, 'buyer367', 'Buyer', 406.56, '2026-05-06 00:06:58');
INSERT INTO bid (bid_id, auction_id, buyer_login, buyer_role, bid_amount, bid_timestamp) VALUES (39, 915, 'buyer67', 'Buyer', 749.07, '2026-03-26 18:45:58');
INSERT INTO bid (bid_id, auction_id, buyer_login, buyer_role, bid_amount, bid_timestamp) VALUES (40, 754, 'buyer261', 'Buyer', 87.76, '2026-05-07 00:51:58');
INSERT INTO bid (bid_id, auction_id, buyer_login, buyer_role, bid_amount, bid_timestamp) VALUES (41, 156, 'buyer254', 'Buyer', 229.22, '2026-04-01 01:43:58');
INSERT INTO bid (bid_id, auction_id, buyer_login, buyer_role, bid_amount, bid_timestamp) VALUES (42, 306, 'buyer346', 'Buyer', 364.93, '2026-03-06 08:29:58');
INSERT INTO bid (bid_id, auction_id, buyer_login, buyer_role, bid_amount, bid_timestamp) VALUES (43, 672, 'buyer4', 'Buyer', 543.66, '2026-05-08 13:08:58');
INSERT INTO bid (bid_id, auction_id, buyer_login, buyer_role, bid_amount, bid_timestamp) VALUES (44, 958, 'buyer317', 'Buyer', 225.35, '2026-05-21 21:09:58');
INSERT INTO bid (bid_id, auction_id, buyer_login, buyer_role, bid_amount, bid_timestamp) VALUES (45, 579, 'buyer7', 'Buyer', 546.93, '2026-05-12 09:59:58');
INSERT INTO bid (bid_id, auction_id, buyer_login, buyer_role, bid_amount, bid_timestamp) VALUES (46, 883, 'buyer364', 'Buyer', 211.30, '2026-03-31 00:29:58');
INSERT INTO bid (bid_id, auction_id, buyer_login, buyer_role, bid_amount, bid_timestamp) VALUES (47, 201, 'buyer321', 'Buyer', 611.44, '2026-03-28 22:21:58');
INSERT INTO bid (bid_id, auction_id, buyer_login, buyer_role, bid_amount, bid_timestamp) VALUES (48, 339, 'buyer115', 'Buyer', 622.07, '2026-05-20 16:41:58');
INSERT INTO bid (bid_id, auction_id, buyer_login, buyer_role, bid_amount, bid_timestamp) VALUES (49, 753, 'buyer198', 'Buyer', 672.93, '2026-03-09 07:00:58');
INSERT INTO bid (bid_id, auction_id, buyer_login, buyer_role, bid_amount, bid_timestamp) VALUES (50, 980, 'buyer293', 'Buyer', 501.87, '2026-04-08 01:41:58');
INSERT INTO bid (bid_id, auction_id, buyer_login, buyer_role, bid_amount, bid_timestamp) VALUES (51, 237, 'buyer263', 'Buyer', 419.22, '2026-04-09 02:08:58');
INSERT INTO bid (bid_id, auction_id, buyer_login, buyer_role, bid_amount, bid_timestamp) VALUES (52, 229, 'buyer397', 'Buyer', 361.15, '2026-05-24 08:07:58');
INSERT INTO bid (bid_id, auction_id, buyer_login, buyer_role, bid_amount, bid_timestamp) VALUES (53, 944, 'buyer29', 'Buyer', 188.52, '2026-03-21 14:14:58');
INSERT INTO bid (bid_id, auction_id, buyer_login, buyer_role, bid_amount, bid_timestamp) VALUES (54, 107, 'buyer79', 'Buyer', 200.77, '2026-05-06 00:57:58');
INSERT INTO bid (bid_id, auction_id, buyer_login, buyer_role, bid_amount, bid_timestamp) VALUES (55, 178, 'buyer24', 'Buyer', 477.32, '2026-03-11 12:41:58');
INSERT INTO bid (bid_id, auction_id, buyer_login, buyer_role, bid_amount, bid_timestamp) VALUES (56, 348, 'buyer15', 'Buyer', 734.55, '2026-05-11 19:52:58');
INSERT INTO bid (bid_id, auction_id, buyer_login, buyer_role, bid_amount, bid_timestamp) VALUES (57, 81, 'buyer205', 'Buyer', 435.95, '2026-02-24 10:41:58');
INSERT INTO bid (bid_id, auction_id, buyer_login, buyer_role, bid_amount, bid_timestamp) VALUES (58, 203, 'buyer2', 'Buyer', 226.04, '2026-03-30 13:30:58');
INSERT INTO bid (bid_id, auction_id, buyer_login, buyer_role, bid_amount, bid_timestamp) VALUES (59, 926, 'buyer319', 'Buyer', 302.61, '2026-05-14 13:01:58');
INSERT INTO bid (bid_id, auction_id, buyer_login, buyer_role, bid_amount, bid_timestamp) VALUES (60, 865, 'buyer210', 'Buyer', 349.77, '2026-05-19 23:53:58');
INSERT INTO bid (bid_id, auction_id, buyer_login, buyer_role, bid_amount, bid_timestamp) VALUES (61, 712, 'buyer338', 'Buyer', 197.25, '2026-05-19 15:30:58');
INSERT INTO bid (bid_id, auction_id, buyer_login, buyer_role, bid_amount, bid_timestamp) VALUES (62, 912, 'buyer381', 'Buyer', 471.62, '2026-02-26 01:32:58');
INSERT INTO bid (bid_id, auction_id, buyer_login, buyer_role, bid_amount, bid_timestamp) VALUES (63, 295, 'buyer397', 'Buyer', 160.14, '2026-03-21 17:39:58');
INSERT INTO bid (bid_id, auction_id, buyer_login, buyer_role, bid_amount, bid_timestamp) VALUES (64, 723, 'buyer98', 'Buyer', 545.06, '2026-05-07 23:27:58');
INSERT INTO bid (bid_id, auction_id, buyer_login, buyer_role, bid_amount, bid_timestamp) VALUES (65, 185, 'buyer132', 'Buyer', 378.98, '2026-03-13 19:12:58');
INSERT INTO bid (bid_id, auction_id, buyer_login, buyer_role, bid_amount, bid_timestamp) VALUES (66, 584, 'buyer85', 'Buyer', 403.11, '2026-05-24 05:00:58');
INSERT INTO bid (bid_id, auction_id, buyer_login, buyer_role, bid_amount, bid_timestamp) VALUES (67, 935, 'buyer205', 'Buyer', 242.39, '2026-04-07 11:46:58');
INSERT INTO bid (bid_id, auction_id, buyer_login, buyer_role, bid_amount, bid_timestamp) VALUES (68, 162, 'buyer310', 'Buyer', 282.98, '2026-04-09 19:20:58');
INSERT INTO bid (bid_id, auction_id, buyer_login, buyer_role, bid_amount, bid_timestamp) VALUES (69, 548, 'buyer33', 'Buyer', 421.07, '2026-05-24 05:14:58');
INSERT INTO bid (bid_id, auction_id, buyer_login, buyer_role, bid_amount, bid_timestamp) VALUES (70, 921, 'buyer330', 'Buyer', 690.87, '2026-03-17 07:25:58');
INSERT INTO bid (bid_id, auction_id, buyer_login, buyer_role, bid_amount, bid_timestamp) VALUES (71, 54, 'buyer289', 'Buyer', 295.63, '2026-05-03 18:14:58');
INSERT INTO bid (bid_id, auction_id, buyer_login, buyer_role, bid_amount, bid_timestamp) VALUES (72, 262, 'buyer346', 'Buyer', 491.44, '2026-05-18 07:03:58');
INSERT INTO bid (bid_id, auction_id, buyer_login, buyer_role, bid_amount, bid_timestamp) VALUES (73, 440, 'buyer250', 'Buyer', 128.27, '2026-03-10 14:47:58');
INSERT INTO bid (bid_id, auction_id, buyer_login, buyer_role, bid_amount, bid_timestamp) VALUES (74, 618, 'buyer191', 'Buyer', 355.79, '2026-03-04 00:40:58');
INSERT INTO bid (bid_id, auction_id, buyer_login, buyer_role, bid_amount, bid_timestamp) VALUES (75, 745, 'buyer79', 'Buyer', 296.85, '2026-05-25 09:47:58');
INSERT INTO bid (bid_id, auction_id, buyer_login, buyer_role, bid_amount, bid_timestamp) VALUES (76, 921, 'buyer330', 'Buyer', 706.20, '2026-04-27 09:14:58');
INSERT INTO bid (bid_id, auction_id, buyer_login, buyer_role, bid_amount, bid_timestamp) VALUES (77, 360, 'buyer28', 'Buyer', 631.20, '2026-03-04 16:31:58');
INSERT INTO bid (bid_id, auction_id, buyer_login, buyer_role, bid_amount, bid_timestamp) VALUES (78, 591, 'buyer80', 'Buyer', 531.93, '2026-03-29 02:07:58');
INSERT INTO bid (bid_id, auction_id, buyer_login, buyer_role, bid_amount, bid_timestamp) VALUES (79, 185, 'buyer34', 'Buyer', 307.01, '2026-04-08 19:43:58');
INSERT INTO bid (bid_id, auction_id, buyer_login, buyer_role, bid_amount, bid_timestamp) VALUES (80, 433, 'buyer357', 'Buyer', 362.06, '2026-03-23 06:11:58');
INSERT INTO bid (bid_id, auction_id, buyer_login, buyer_role, bid_amount, bid_timestamp) VALUES (81, 305, 'buyer264', 'Buyer', 340.07, '2026-04-16 22:46:58');
INSERT INTO bid (bid_id, auction_id, buyer_login, buyer_role, bid_amount, bid_timestamp) VALUES (82, 118, 'buyer66', 'Buyer', 370.07, '2026-03-27 10:21:58');
INSERT INTO bid (bid_id, auction_id, buyer_login, buyer_role, bid_amount, bid_timestamp) VALUES (83, 122, 'buyer273', 'Buyer', 374.57, '2026-05-07 04:20:58');
INSERT INTO bid (bid_id, auction_id, buyer_login, buyer_role, bid_amount, bid_timestamp) VALUES (84, 630, 'buyer80', 'Buyer', 568.80, '2026-05-11 16:59:58');
INSERT INTO bid (bid_id, auction_id, buyer_login, buyer_role, bid_amount, bid_timestamp) VALUES (85, 471, 'buyer323', 'Buyer', 638.27, '2026-05-07 00:48:58');
INSERT INTO bid (bid_id, auction_id, buyer_login, buyer_role, bid_amount, bid_timestamp) VALUES (86, 150, 'buyer242', 'Buyer', 442.68, '2026-03-24 15:04:58');
INSERT INTO bid (bid_id, auction_id, buyer_login, buyer_role, bid_amount, bid_timestamp) VALUES (87, 621, 'buyer280', 'Buyer', 704.82, '2026-03-23 05:45:58');
INSERT INTO bid (bid_id, auction_id, buyer_login, buyer_role, bid_amount, bid_timestamp) VALUES (88, 851, 'buyer233', 'Buyer', 399.61, '2026-04-11 16:32:58');
INSERT INTO bid (bid_id, auction_id, buyer_login, buyer_role, bid_amount, bid_timestamp) VALUES (89, 298, 'buyer193', 'Buyer', 471.19, '2026-04-29 01:43:58');
INSERT INTO bid (bid_id, auction_id, buyer_login, buyer_role, bid_amount, bid_timestamp) VALUES (90, 413, 'buyer186', 'Buyer', 519.89, '2026-05-06 08:19:58');
INSERT INTO bid (bid_id, auction_id, buyer_login, buyer_role, bid_amount, bid_timestamp) VALUES (91, 588, 'buyer367', 'Buyer', 323.11, '2026-04-05 11:43:58');
INSERT INTO bid (bid_id, auction_id, buyer_login, buyer_role, bid_amount, bid_timestamp) VALUES (92, 818, 'buyer32', 'Buyer', 366.30, '2026-04-24 10:22:58');
INSERT INTO bid (bid_id, auction_id, buyer_login, buyer_role, bid_amount, bid_timestamp) VALUES (93, 601, 'buyer60', 'Buyer', 263.31, '2026-03-23 10:50:58');
INSERT INTO bid (bid_id, auction_id, buyer_login, buyer_role, bid_amount, bid_timestamp) VALUES (94, 520, 'buyer82', 'Buyer', 35.70, '2026-04-19 10:31:58');
INSERT INTO bid (bid_id, auction_id, buyer_login, buyer_role, bid_amount, bid_timestamp) VALUES (95, 863, 'buyer190', 'Buyer', 315.63, '2026-04-02 11:31:58');
INSERT INTO bid (bid_id, auction_id, buyer_login, buyer_role, bid_amount, bid_timestamp) VALUES (96, 120, 'buyer299', 'Buyer', 699.70, '2026-03-05 05:16:58');
INSERT INTO bid (bid_id, auction_id, buyer_login, buyer_role, bid_amount, bid_timestamp) VALUES (97, 745, 'buyer273', 'Buyer', 356.29, '2026-05-13 23:10:58');
INSERT INTO bid (bid_id, auction_id, buyer_login, buyer_role, bid_amount, bid_timestamp) VALUES (98, 18, 'buyer76', 'Buyer', 532.29, '2026-04-04 22:24:58');
INSERT INTO bid (bid_id, auction_id, buyer_login, buyer_role, bid_amount, bid_timestamp) VALUES (99, 778, 'buyer13', 'Buyer', 249.58, '2026-04-02 00:31:58');
INSERT INTO bid (bid_id, auction_id, buyer_login, buyer_role, bid_amount, bid_timestamp) VALUES (100, 370, 'buyer252', 'Buyer', 418.99, '2026-05-05 11:04:58');
INSERT INTO bid (bid_id, auction_id, buyer_login, buyer_role, bid_amount, bid_timestamp) VALUES (101, 99, 'buyer124', 'Buyer', 455.01, '2026-03-16 14:04:58');
INSERT INTO bid (bid_id, auction_id, buyer_login, buyer_role, bid_amount, bid_timestamp) VALUES (102, 121, 'buyer201', 'Buyer', 486.56, '2026-04-26 00:45:58');
INSERT INTO bid (bid_id, auction_id, buyer_login, buyer_role, bid_amount, bid_timestamp) VALUES (103, 742, 'buyer118', 'Buyer', 341.75, '2026-05-14 00:08:58');
INSERT INTO bid (bid_id, auction_id, buyer_login, buyer_role, bid_amount, bid_timestamp) VALUES (104, 795, 'buyer35', 'Buyer', 116.82, '2026-05-09 05:37:58');
INSERT INTO bid (bid_id, auction_id, buyer_login, buyer_role, bid_amount, bid_timestamp) VALUES (105, 420, 'buyer124', 'Buyer', 347.49, '2026-05-21 13:59:58');
INSERT INTO bid (bid_id, auction_id, buyer_login, buyer_role, bid_amount, bid_timestamp) VALUES (106, 502, 'buyer244', 'Buyer', 205.18, '2026-04-25 03:46:58');
INSERT INTO bid (bid_id, auction_id, buyer_login, buyer_role, bid_amount, bid_timestamp) VALUES (107, 472, 'buyer161', 'Buyer', 403.01, '2026-05-04 06:23:58');
INSERT INTO bid (bid_id, auction_id, buyer_login, buyer_role, bid_amount, bid_timestamp) VALUES (108, 829, 'buyer387', 'Buyer', 555.33, '2026-03-17 16:04:58');
INSERT INTO bid (bid_id, auction_id, buyer_login, buyer_role, bid_amount, bid_timestamp) VALUES (109, 106, 'buyer309', 'Buyer', 368.93, '2026-03-20 18:21:58');
INSERT INTO bid (bid_id, auction_id, buyer_login, buyer_role, bid_amount, bid_timestamp) VALUES (110, 579, 'buyer7', 'Buyer', 579.65, '2026-04-05 00:41:58');
INSERT INTO bid (bid_id, auction_id, buyer_login, buyer_role, bid_amount, bid_timestamp) VALUES (111, 8, 'buyer333', 'Buyer', 186.52, '2026-04-26 14:31:58');
INSERT INTO bid (bid_id, auction_id, buyer_login, buyer_role, bid_amount, bid_timestamp) VALUES (112, 548, 'buyer147', 'Buyer', 434.82, '2026-03-11 14:06:58');
INSERT INTO bid (bid_id, auction_id, buyer_login, buyer_role, bid_amount, bid_timestamp) VALUES (113, 227, 'buyer57', 'Buyer', 53.41, '2026-04-16 20:00:58');
INSERT INTO bid (bid_id, auction_id, buyer_login, buyer_role, bid_amount, bid_timestamp) VALUES (114, 585, 'buyer258', 'Buyer', 70.72, '2026-05-12 12:11:58');
INSERT INTO bid (bid_id, auction_id, buyer_login, buyer_role, bid_amount, bid_timestamp) VALUES (115, 440, 'buyer43', 'Buyer', 57.29, '2026-05-20 05:04:58');
INSERT INTO bid (bid_id, auction_id, buyer_login, buyer_role, bid_amount, bid_timestamp) VALUES (116, 695, 'buyer216', 'Buyer', 246.81, '2026-03-17 22:00:58');
INSERT INTO bid (bid_id, auction_id, buyer_login, buyer_role, bid_amount, bid_timestamp) VALUES (117, 153, 'buyer178', 'Buyer', 469.15, '2026-03-24 21:48:58');
INSERT INTO bid (bid_id, auction_id, buyer_login, buyer_role, bid_amount, bid_timestamp) VALUES (118, 837, 'buyer118', 'Buyer', 618.35, '2026-04-16 06:11:58');
INSERT INTO bid (bid_id, auction_id, buyer_login, buyer_role, bid_amount, bid_timestamp) VALUES (119, 608, 'buyer303', 'Buyer', 73.32, '2026-03-10 09:52:58');
INSERT INTO bid (bid_id, auction_id, buyer_login, buyer_role, bid_amount, bid_timestamp) VALUES (120, 865, 'buyer3', 'Buyer', 355.40, '2026-04-06 18:17:58');
INSERT INTO bid (bid_id, auction_id, buyer_login, buyer_role, bid_amount, bid_timestamp) VALUES (121, 938, 'buyer214', 'Buyer', 525.30, '2026-03-31 23:10:58');
INSERT INTO bid (bid_id, auction_id, buyer_login, buyer_role, bid_amount, bid_timestamp) VALUES (122, 763, 'buyer399', 'Buyer', 387.58, '2026-04-04 02:12:58');
INSERT INTO bid (bid_id, auction_id, buyer_login, buyer_role, bid_amount, bid_timestamp) VALUES (123, 810, 'buyer158', 'Buyer', 477.01, '2026-04-05 22:06:58');
INSERT INTO bid (bid_id, auction_id, buyer_login, buyer_role, bid_amount, bid_timestamp) VALUES (124, 72, 'buyer188', 'Buyer', 541.64, '2026-05-22 03:11:58');
INSERT INTO bid (bid_id, auction_id, buyer_login, buyer_role, bid_amount, bid_timestamp) VALUES (125, 588, 'buyer367', 'Buyer', 346.16, '2026-05-14 17:51:58');
INSERT INTO bid (bid_id, auction_id, buyer_login, buyer_role, bid_amount, bid_timestamp) VALUES (126, 929, 'buyer358', 'Buyer', 99.24, '2026-04-28 01:31:58');
INSERT INTO bid (bid_id, auction_id, buyer_login, buyer_role, bid_amount, bid_timestamp) VALUES (127, 770, 'buyer348', 'Buyer', 135.27, '2026-04-15 01:51:58');
INSERT INTO bid (bid_id, auction_id, buyer_login, buyer_role, bid_amount, bid_timestamp) VALUES (128, 600, 'buyer23', 'Buyer', 619.28, '2026-04-05 16:38:58');
INSERT INTO bid (bid_id, auction_id, buyer_login, buyer_role, bid_amount, bid_timestamp) VALUES (129, 636, 'buyer366', 'Buyer', 187.67, '2026-05-07 09:09:58');
INSERT INTO bid (bid_id, auction_id, buyer_login, buyer_role, bid_amount, bid_timestamp) VALUES (130, 129, 'buyer210', 'Buyer', 459.47, '2026-05-25 04:04:58');
INSERT INTO bid (bid_id, auction_id, buyer_login, buyer_role, bid_amount, bid_timestamp) VALUES (131, 466, 'buyer365', 'Buyer', 517.83, '2026-03-09 17:09:58');
INSERT INTO bid (bid_id, auction_id, buyer_login, buyer_role, bid_amount, bid_timestamp) VALUES (132, 827, 'buyer125', 'Buyer', 156.26, '2026-04-26 06:08:58');
INSERT INTO bid (bid_id, auction_id, buyer_login, buyer_role, bid_amount, bid_timestamp) VALUES (133, 8, 'buyer33', 'Buyer', 176.60, '2026-02-25 03:37:58');
INSERT INTO bid (bid_id, auction_id, buyer_login, buyer_role, bid_amount, bid_timestamp) VALUES (134, 928, 'buyer318', 'Buyer', 388.03, '2026-03-06 03:02:58');
INSERT INTO bid (bid_id, auction_id, buyer_login, buyer_role, bid_amount, bid_timestamp) VALUES (135, 168, 'buyer2', 'Buyer', 320.74, '2026-03-29 18:57:58');
INSERT INTO bid (bid_id, auction_id, buyer_login, buyer_role, bid_amount, bid_timestamp) VALUES (136, 769, 'buyer280', 'Buyer', 482.96, '2026-05-04 11:18:58');
INSERT INTO bid (bid_id, auction_id, buyer_login, buyer_role, bid_amount, bid_timestamp) VALUES (137, 988, 'buyer273', 'Buyer', 221.77, '2026-03-06 14:04:58');
INSERT INTO bid (bid_id, auction_id, buyer_login, buyer_role, bid_amount, bid_timestamp) VALUES (138, 534, 'buyer330', 'Buyer', 636.02, '2026-05-18 21:05:58');
INSERT INTO bid (bid_id, auction_id, buyer_login, buyer_role, bid_amount, bid_timestamp) VALUES (139, 993, 'buyer86', 'Buyer', 465.97, '2026-05-06 12:15:58');
INSERT INTO bid (bid_id, auction_id, buyer_login, buyer_role, bid_amount, bid_timestamp) VALUES (140, 47, 'buyer98', 'Buyer', 142.55, '2026-05-13 13:02:58');
INSERT INTO bid (bid_id, auction_id, buyer_login, buyer_role, bid_amount, bid_timestamp) VALUES (141, 20, 'buyer30', 'Buyer', 269.09, '2026-04-01 10:39:58');
INSERT INTO bid (bid_id, auction_id, buyer_login, buyer_role, bid_amount, bid_timestamp) VALUES (142, 143, 'buyer187', 'Buyer', 380.83, '2026-05-24 13:42:58');
INSERT INTO bid (bid_id, auction_id, buyer_login, buyer_role, bid_amount, bid_timestamp) VALUES (143, 207, 'buyer92', 'Buyer', 271.62, '2026-03-24 01:45:58');
INSERT INTO bid (bid_id, auction_id, buyer_login, buyer_role, bid_amount, bid_timestamp) VALUES (144, 96, 'buyer343', 'Buyer', 260.99, '2026-04-22 00:10:58');
INSERT INTO bid (bid_id, auction_id, buyer_login, buyer_role, bid_amount, bid_timestamp) VALUES (145, 759, 'buyer106', 'Buyer', 364.81, '2026-03-01 20:19:58');
INSERT INTO bid (bid_id, auction_id, buyer_login, buyer_role, bid_amount, bid_timestamp) VALUES (146, 973, 'buyer337', 'Buyer', 461.98, '2026-03-15 09:12:58');
INSERT INTO bid (bid_id, auction_id, buyer_login, buyer_role, bid_amount, bid_timestamp) VALUES (147, 906, 'buyer294', 'Buyer', 274.68, '2026-05-18 15:34:58');
INSERT INTO bid (bid_id, auction_id, buyer_login, buyer_role, bid_amount, bid_timestamp) VALUES (148, 705, 'buyer125', 'Buyer', 596.29, '2026-04-16 22:02:58');
INSERT INTO bid (bid_id, auction_id, buyer_login, buyer_role, bid_amount, bid_timestamp) VALUES (149, 964, 'buyer184', 'Buyer', 533.90, '2026-04-06 04:54:58');
INSERT INTO bid (bid_id, auction_id, buyer_login, buyer_role, bid_amount, bid_timestamp) VALUES (150, 50, 'buyer45', 'Buyer', 93.99, '2026-02-27 22:59:58');
INSERT INTO bid (bid_id, auction_id, buyer_login, buyer_role, bid_amount, bid_timestamp) VALUES (151, 977, 'buyer12', 'Buyer', 436.86, '2026-05-10 12:11:58');
INSERT INTO bid (bid_id, auction_id, buyer_login, buyer_role, bid_amount, bid_timestamp) VALUES (152, 270, 'buyer186', 'Buyer', 570.22, '2026-03-21 18:13:58');
INSERT INTO bid (bid_id, auction_id, buyer_login, buyer_role, bid_amount, bid_timestamp) VALUES (153, 461, 'buyer59', 'Buyer', 262.18, '2026-04-11 18:31:58');
INSERT INTO bid (bid_id, auction_id, buyer_login, buyer_role, bid_amount, bid_timestamp) VALUES (154, 82, 'buyer231', 'Buyer', 388.38, '2026-05-16 06:45:58');
INSERT INTO bid (bid_id, auction_id, buyer_login, buyer_role, bid_amount, bid_timestamp) VALUES (155, 306, 'buyer346', 'Buyer', 380.73, '2026-03-03 13:13:58');
INSERT INTO bid (bid_id, auction_id, buyer_login, buyer_role, bid_amount, bid_timestamp) VALUES (156, 446, 'buyer395', 'Buyer', 85.91, '2026-04-07 22:09:58');
INSERT INTO bid (bid_id, auction_id, buyer_login, buyer_role, bid_amount, bid_timestamp) VALUES (157, 168, 'buyer2', 'Buyer', 391.20, '2026-03-08 19:24:58');
INSERT INTO bid (bid_id, auction_id, buyer_login, buyer_role, bid_amount, bid_timestamp) VALUES (158, 146, 'buyer263', 'Buyer', 413.45, '2026-03-17 17:30:58');
INSERT INTO bid (bid_id, auction_id, buyer_login, buyer_role, bid_amount, bid_timestamp) VALUES (159, 603, 'buyer117', 'Buyer', 408.57, '2026-04-26 22:09:58');
INSERT INTO bid (bid_id, auction_id, buyer_login, buyer_role, bid_amount, bid_timestamp) VALUES (160, 642, 'buyer309', 'Buyer', 511.06, '2026-05-08 06:47:58');
INSERT INTO bid (bid_id, auction_id, buyer_login, buyer_role, bid_amount, bid_timestamp) VALUES (161, 548, 'buyer229', 'Buyer', 379.97, '2026-05-15 08:52:58');
INSERT INTO bid (bid_id, auction_id, buyer_login, buyer_role, bid_amount, bid_timestamp) VALUES (162, 550, 'buyer259', 'Buyer', 545.37, '2026-02-24 04:00:58');
INSERT INTO bid (bid_id, auction_id, buyer_login, buyer_role, bid_amount, bid_timestamp) VALUES (163, 388, 'buyer265', 'Buyer', 450.55, '2026-05-22 04:54:58');
INSERT INTO bid (bid_id, auction_id, buyer_login, buyer_role, bid_amount, bid_timestamp) VALUES (164, 164, 'buyer111', 'Buyer', 102.97, '2026-03-25 22:35:58');
INSERT INTO bid (bid_id, auction_id, buyer_login, buyer_role, bid_amount, bid_timestamp) VALUES (165, 953, 'buyer364', 'Buyer', 463.86, '2026-03-27 17:01:58');
INSERT INTO bid (bid_id, auction_id, buyer_login, buyer_role, bid_amount, bid_timestamp) VALUES (166, 77, 'buyer292', 'Buyer', 409.70, '2026-03-28 09:33:58');
INSERT INTO bid (bid_id, auction_id, buyer_login, buyer_role, bid_amount, bid_timestamp) VALUES (167, 733, 'buyer362', 'Buyer', 188.84, '2026-03-03 17:52:58');
INSERT INTO bid (bid_id, auction_id, buyer_login, buyer_role, bid_amount, bid_timestamp) VALUES (168, 432, 'buyer281', 'Buyer', 267.84, '2026-05-13 09:14:58');
INSERT INTO bid (bid_id, auction_id, buyer_login, buyer_role, bid_amount, bid_timestamp) VALUES (169, 685, 'buyer136', 'Buyer', 491.51, '2026-04-09 13:07:58');
INSERT INTO bid (bid_id, auction_id, buyer_login, buyer_role, bid_amount, bid_timestamp) VALUES (170, 918, 'buyer58', 'Buyer', 573.33, '2026-05-01 20:13:58');
INSERT INTO bid (bid_id, auction_id, buyer_login, buyer_role, bid_amount, bid_timestamp) VALUES (171, 507, 'buyer123', 'Buyer', 812.42, '2026-05-21 08:29:58');
INSERT INTO bid (bid_id, auction_id, buyer_login, buyer_role, bid_amount, bid_timestamp) VALUES (172, 938, 'buyer219', 'Buyer', 521.71, '2026-03-31 13:29:58');
INSERT INTO bid (bid_id, auction_id, buyer_login, buyer_role, bid_amount, bid_timestamp) VALUES (173, 108, 'buyer23', 'Buyer', 633.86, '2026-04-18 09:02:58');
INSERT INTO bid (bid_id, auction_id, buyer_login, buyer_role, bid_amount, bid_timestamp) VALUES (174, 773, 'buyer85', 'Buyer', 517.39, '2026-03-21 16:16:58');
INSERT INTO bid (bid_id, auction_id, buyer_login, buyer_role, bid_amount, bid_timestamp) VALUES (175, 747, 'buyer19', 'Buyer', 369.55, '2026-05-21 20:33:58');
INSERT INTO bid (bid_id, auction_id, buyer_login, buyer_role, bid_amount, bid_timestamp) VALUES (176, 454, 'buyer243', 'Buyer', 110.85, '2026-04-24 09:29:58');
INSERT INTO bid (bid_id, auction_id, buyer_login, buyer_role, bid_amount, bid_timestamp) VALUES (177, 368, 'buyer159', 'Buyer', 165.42, '2026-04-22 20:46:58');
INSERT INTO bid (bid_id, auction_id, buyer_login, buyer_role, bid_amount, bid_timestamp) VALUES (178, 355, 'buyer12', 'Buyer', 329.31, '2026-04-21 01:45:58');
INSERT INTO bid (bid_id, auction_id, buyer_login, buyer_role, bid_amount, bid_timestamp) VALUES (179, 329, 'buyer6', 'Buyer', 53.34, '2026-03-27 20:28:58');
INSERT INTO bid (bid_id, auction_id, buyer_login, buyer_role, bid_amount, bid_timestamp) VALUES (180, 83, 'buyer277', 'Buyer', 338.29, '2026-05-18 01:18:58');
INSERT INTO bid (bid_id, auction_id, buyer_login, buyer_role, bid_amount, bid_timestamp) VALUES (181, 708, 'buyer332', 'Buyer', 370.26, '2026-03-06 05:57:58');
INSERT INTO bid (bid_id, auction_id, buyer_login, buyer_role, bid_amount, bid_timestamp) VALUES (182, 914, 'buyer35', 'Buyer', 505.50, '2026-05-11 13:05:58');
INSERT INTO bid (bid_id, auction_id, buyer_login, buyer_role, bid_amount, bid_timestamp) VALUES (183, 575, 'buyer12', 'Buyer', 170.09, '2026-05-24 05:08:58');
INSERT INTO bid (bid_id, auction_id, buyer_login, buyer_role, bid_amount, bid_timestamp) VALUES (184, 999, 'buyer138', 'Buyer', 692.48, '2026-05-17 13:40:58');
INSERT INTO bid (bid_id, auction_id, buyer_login, buyer_role, bid_amount, bid_timestamp) VALUES (185, 164, 'buyer249', 'Buyer', 100.28, '2026-05-14 02:41:58');
INSERT INTO bid (bid_id, auction_id, buyer_login, buyer_role, bid_amount, bid_timestamp) VALUES (186, 820, 'buyer168', 'Buyer', 337.35, '2026-05-10 09:50:58');
INSERT INTO bid (bid_id, auction_id, buyer_login, buyer_role, bid_amount, bid_timestamp) VALUES (187, 511, 'buyer188', 'Buyer', 453.92, '2026-03-30 07:45:58');
INSERT INTO bid (bid_id, auction_id, buyer_login, buyer_role, bid_amount, bid_timestamp) VALUES (188, 342, 'buyer233', 'Buyer', 407.75, '2026-05-11 22:03:58');
INSERT INTO bid (bid_id, auction_id, buyer_login, buyer_role, bid_amount, bid_timestamp) VALUES (189, 796, 'buyer191', 'Buyer', 254.37, '2026-05-06 22:19:58');
INSERT INTO bid (bid_id, auction_id, buyer_login, buyer_role, bid_amount, bid_timestamp) VALUES (190, 662, 'buyer163', 'Buyer', 98.47, '2026-05-05 04:50:58');
INSERT INTO bid (bid_id, auction_id, buyer_login, buyer_role, bid_amount, bid_timestamp) VALUES (191, 783, 'buyer17', 'Buyer', 632.67, '2026-03-19 18:32:58');
INSERT INTO bid (bid_id, auction_id, buyer_login, buyer_role, bid_amount, bid_timestamp) VALUES (192, 920, 'buyer376', 'Buyer', 373.66, '2026-04-13 09:29:58');
INSERT INTO bid (bid_id, auction_id, buyer_login, buyer_role, bid_amount, bid_timestamp) VALUES (193, 451, 'buyer290', 'Buyer', 387.73, '2026-04-18 02:22:58');
INSERT INTO bid (bid_id, auction_id, buyer_login, buyer_role, bid_amount, bid_timestamp) VALUES (194, 213, 'buyer354', 'Buyer', 541.39, '2026-05-03 22:19:58');
INSERT INTO bid (bid_id, auction_id, buyer_login, buyer_role, bid_amount, bid_timestamp) VALUES (195, 559, 'buyer25', 'Buyer', 381.83, '2026-05-19 03:31:58');
INSERT INTO bid (bid_id, auction_id, buyer_login, buyer_role, bid_amount, bid_timestamp) VALUES (196, 185, 'buyer5', 'Buyer', 369.53, '2026-03-01 11:17:58');
INSERT INTO bid (bid_id, auction_id, buyer_login, buyer_role, bid_amount, bid_timestamp) VALUES (197, 833, 'buyer142', 'Buyer', 52.30, '2026-03-21 21:30:58');
INSERT INTO bid (bid_id, auction_id, buyer_login, buyer_role, bid_amount, bid_timestamp) VALUES (198, 949, 'buyer215', 'Buyer', 127.64, '2026-03-30 18:30:58');
INSERT INTO bid (bid_id, auction_id, buyer_login, buyer_role, bid_amount, bid_timestamp) VALUES (199, 312, 'buyer341', 'Buyer', 617.58, '2026-03-26 14:16:58');
INSERT INTO bid (bid_id, auction_id, buyer_login, buyer_role, bid_amount, bid_timestamp) VALUES (200, 592, 'buyer341', 'Buyer', 39.51, '2026-03-26 07:35:58');
INSERT INTO bid (bid_id, auction_id, buyer_login, buyer_role, bid_amount, bid_timestamp) VALUES (201, 891, 'buyer157', 'Buyer', 404.80, '2026-05-10 21:35:58');
INSERT INTO bid (bid_id, auction_id, buyer_login, buyer_role, bid_amount, bid_timestamp) VALUES (202, 519, 'buyer191', 'Buyer', 477.93, '2026-03-25 14:55:58');
INSERT INTO bid (bid_id, auction_id, buyer_login, buyer_role, bid_amount, bid_timestamp) VALUES (203, 689, 'buyer338', 'Buyer', 165.10, '2026-03-04 06:12:58');
INSERT INTO bid (bid_id, auction_id, buyer_login, buyer_role, bid_amount, bid_timestamp) VALUES (204, 565, 'buyer152', 'Buyer', 317.54, '2026-05-06 13:56:58');
INSERT INTO bid (bid_id, auction_id, buyer_login, buyer_role, bid_amount, bid_timestamp) VALUES (205, 499, 'buyer144', 'Buyer', 105.75, '2026-02-25 07:29:58');
INSERT INTO bid (bid_id, auction_id, buyer_login, buyer_role, bid_amount, bid_timestamp) VALUES (206, 708, 'buyer332', 'Buyer', 411.29, '2026-04-18 14:31:58');
INSERT INTO bid (bid_id, auction_id, buyer_login, buyer_role, bid_amount, bid_timestamp) VALUES (207, 84, 'buyer380', 'Buyer', 598.29, '2026-02-23 17:50:58');
INSERT INTO bid (bid_id, auction_id, buyer_login, buyer_role, bid_amount, bid_timestamp) VALUES (208, 334, 'buyer14', 'Buyer', 544.56, '2026-03-13 21:15:58');
INSERT INTO bid (bid_id, auction_id, buyer_login, buyer_role, bid_amount, bid_timestamp) VALUES (209, 544, 'buyer53', 'Buyer', 354.38, '2026-03-15 11:40:58');
INSERT INTO bid (bid_id, auction_id, buyer_login, buyer_role, bid_amount, bid_timestamp) VALUES (210, 963, 'buyer243', 'Buyer', 361.19, '2026-05-12 18:29:58');
INSERT INTO bid (bid_id, auction_id, buyer_login, buyer_role, bid_amount, bid_timestamp) VALUES (211, 994, 'buyer220', 'Buyer', 141.16, '2026-04-30 12:30:58');
INSERT INTO bid (bid_id, auction_id, buyer_login, buyer_role, bid_amount, bid_timestamp) VALUES (212, 836, 'buyer250', 'Buyer', 254.27, '2026-03-11 22:11:58');
INSERT INTO bid (bid_id, auction_id, buyer_login, buyer_role, bid_amount, bid_timestamp) VALUES (213, 310, 'buyer218', 'Buyer', 218.73, '2026-04-02 06:42:58');
INSERT INTO bid (bid_id, auction_id, buyer_login, buyer_role, bid_amount, bid_timestamp) VALUES (214, 536, 'buyer34', 'Buyer', 418.73, '2026-04-14 17:21:58');
INSERT INTO bid (bid_id, auction_id, buyer_login, buyer_role, bid_amount, bid_timestamp) VALUES (215, 877, 'buyer252', 'Buyer', 209.27, '2026-03-07 17:00:58');
INSERT INTO bid (bid_id, auction_id, buyer_login, buyer_role, bid_amount, bid_timestamp) VALUES (216, 394, 'buyer303', 'Buyer', 341.03, '2026-02-25 03:07:58');
INSERT INTO bid (bid_id, auction_id, buyer_login, buyer_role, bid_amount, bid_timestamp) VALUES (217, 669, 'buyer285', 'Buyer', 405.24, '2026-03-21 19:41:58');
INSERT INTO bid (bid_id, auction_id, buyer_login, buyer_role, bid_amount, bid_timestamp) VALUES (218, 320, 'buyer385', 'Buyer', 302.68, '2026-03-21 13:42:58');
INSERT INTO bid (bid_id, auction_id, buyer_login, buyer_role, bid_amount, bid_timestamp) VALUES (219, 241, 'buyer300', 'Buyer', 205.39, '2026-05-20 10:37:58');
INSERT INTO bid (bid_id, auction_id, buyer_login, buyer_role, bid_amount, bid_timestamp) VALUES (220, 237, 'buyer263', 'Buyer', 403.45, '2026-04-16 08:49:58');
INSERT INTO bid (bid_id, auction_id, buyer_login, buyer_role, bid_amount, bid_timestamp) VALUES (221, 710, 'buyer309', 'Buyer', 257.56, '2026-04-30 19:25:58');
INSERT INTO bid (bid_id, auction_id, buyer_login, buyer_role, bid_amount, bid_timestamp) VALUES (222, 455, 'buyer229', 'Buyer', 573.68, '2026-03-19 17:08:58');
INSERT INTO bid (bid_id, auction_id, buyer_login, buyer_role, bid_amount, bid_timestamp) VALUES (223, 841, 'buyer250', 'Buyer', 535.12, '2026-03-01 11:35:58');
INSERT INTO bid (bid_id, auction_id, buyer_login, buyer_role, bid_amount, bid_timestamp) VALUES (224, 206, 'buyer388', 'Buyer', 376.59, '2026-04-14 18:01:58');
INSERT INTO bid (bid_id, auction_id, buyer_login, buyer_role, bid_amount, bid_timestamp) VALUES (225, 730, 'buyer347', 'Buyer', 384.81, '2026-03-07 07:06:58');
INSERT INTO bid (bid_id, auction_id, buyer_login, buyer_role, bid_amount, bid_timestamp) VALUES (226, 70, 'buyer395', 'Buyer', 309.53, '2026-05-12 08:10:58');
INSERT INTO bid (bid_id, auction_id, buyer_login, buyer_role, bid_amount, bid_timestamp) VALUES (227, 317, 'buyer223', 'Buyer', 354.67, '2026-05-09 23:01:58');
INSERT INTO bid (bid_id, auction_id, buyer_login, buyer_role, bid_amount, bid_timestamp) VALUES (228, 577, 'buyer198', 'Buyer', 252.62, '2026-03-16 13:29:58');
INSERT INTO bid (bid_id, auction_id, buyer_login, buyer_role, bid_amount, bid_timestamp) VALUES (229, 700, 'buyer30', 'Buyer', 125.35, '2026-04-07 15:31:58');
INSERT INTO bid (bid_id, auction_id, buyer_login, buyer_role, bid_amount, bid_timestamp) VALUES (230, 874, 'buyer235', 'Buyer', 511.32, '2026-04-19 12:52:58');
INSERT INTO bid (bid_id, auction_id, buyer_login, buyer_role, bid_amount, bid_timestamp) VALUES (231, 863, 'buyer11', 'Buyer', 315.94, '2026-03-27 12:57:58');
INSERT INTO bid (bid_id, auction_id, buyer_login, buyer_role, bid_amount, bid_timestamp) VALUES (232, 875, 'buyer15', 'Buyer', 78.00, '2026-05-25 12:14:58');
INSERT INTO bid (bid_id, auction_id, buyer_login, buyer_role, bid_amount, bid_timestamp) VALUES (233, 77, 'buyer358', 'Buyer', 401.51, '2026-03-26 13:20:58');
INSERT INTO bid (bid_id, auction_id, buyer_login, buyer_role, bid_amount, bid_timestamp) VALUES (234, 45, 'buyer241', 'Buyer', 499.47, '2026-05-19 06:04:58');
INSERT INTO bid (bid_id, auction_id, buyer_login, buyer_role, bid_amount, bid_timestamp) VALUES (235, 855, 'buyer138', 'Buyer', 348.60, '2026-05-03 13:57:58');
INSERT INTO bid (bid_id, auction_id, buyer_login, buyer_role, bid_amount, bid_timestamp) VALUES (236, 320, 'buyer186', 'Buyer', 230.01, '2026-03-10 21:12:58');
INSERT INTO bid (bid_id, auction_id, buyer_login, buyer_role, bid_amount, bid_timestamp) VALUES (237, 102, 'buyer388', 'Buyer', 548.00, '2026-03-01 00:12:58');
INSERT INTO bid (bid_id, auction_id, buyer_login, buyer_role, bid_amount, bid_timestamp) VALUES (238, 552, 'buyer364', 'Buyer', 276.76, '2026-05-21 10:39:58');
INSERT INTO bid (bid_id, auction_id, buyer_login, buyer_role, bid_amount, bid_timestamp) VALUES (239, 403, 'buyer13', 'Buyer', 151.78, '2026-05-12 11:04:58');
INSERT INTO bid (bid_id, auction_id, buyer_login, buyer_role, bid_amount, bid_timestamp) VALUES (240, 303, 'buyer97', 'Buyer', 493.96, '2026-04-07 19:18:58');
INSERT INTO bid (bid_id, auction_id, buyer_login, buyer_role, bid_amount, bid_timestamp) VALUES (241, 668, 'buyer313', 'Buyer', 398.95, '2026-05-11 11:26:58');
INSERT INTO bid (bid_id, auction_id, buyer_login, buyer_role, bid_amount, bid_timestamp) VALUES (242, 354, 'buyer105', 'Buyer', 624.43, '2026-03-16 20:26:58');
INSERT INTO bid (bid_id, auction_id, buyer_login, buyer_role, bid_amount, bid_timestamp) VALUES (243, 266, 'buyer110', 'Buyer', 293.12, '2026-05-14 00:55:58');
INSERT INTO bid (bid_id, auction_id, buyer_login, buyer_role, bid_amount, bid_timestamp) VALUES (244, 150, 'buyer242', 'Buyer', 451.72, '2026-05-16 06:49:58');
INSERT INTO bid (bid_id, auction_id, buyer_login, buyer_role, bid_amount, bid_timestamp) VALUES (245, 639, 'buyer349', 'Buyer', 167.32, '2026-04-19 17:51:58');
INSERT INTO bid (bid_id, auction_id, buyer_login, buyer_role, bid_amount, bid_timestamp) VALUES (246, 373, 'buyer182', 'Buyer', 416.18, '2026-03-07 16:45:58');
INSERT INTO bid (bid_id, auction_id, buyer_login, buyer_role, bid_amount, bid_timestamp) VALUES (247, 80, 'buyer202', 'Buyer', 272.12, '2026-05-05 09:31:58');
INSERT INTO bid (bid_id, auction_id, buyer_login, buyer_role, bid_amount, bid_timestamp) VALUES (248, 343, 'buyer303', 'Buyer', 373.52, '2026-04-02 17:20:58');
INSERT INTO bid (bid_id, auction_id, buyer_login, buyer_role, bid_amount, bid_timestamp) VALUES (249, 987, 'buyer359', 'Buyer', 592.79, '2026-03-21 07:05:58');
INSERT INTO bid (bid_id, auction_id, buyer_login, buyer_role, bid_amount, bid_timestamp) VALUES (250, 940, 'buyer141', 'Buyer', 479.65, '2026-04-21 18:32:58');
INSERT INTO bid (bid_id, auction_id, buyer_login, buyer_role, bid_amount, bid_timestamp) VALUES (251, 255, 'buyer387', 'Buyer', 707.04, '2026-03-13 15:31:58');
INSERT INTO bid (bid_id, auction_id, buyer_login, buyer_role, bid_amount, bid_timestamp) VALUES (252, 616, 'buyer378', 'Buyer', 442.59, '2026-03-09 14:25:58');
INSERT INTO bid (bid_id, auction_id, buyer_login, buyer_role, bid_amount, bid_timestamp) VALUES (253, 331, 'buyer39', 'Buyer', 210.59, '2026-03-23 08:17:58');
INSERT INTO bid (bid_id, auction_id, buyer_login, buyer_role, bid_amount, bid_timestamp) VALUES (254, 304, 'buyer93', 'Buyer', 236.33, '2026-03-07 00:11:58');
INSERT INTO bid (bid_id, auction_id, buyer_login, buyer_role, bid_amount, bid_timestamp) VALUES (255, 627, 'buyer267', 'Buyer', 514.40, '2026-03-17 10:41:58');
INSERT INTO bid (bid_id, auction_id, buyer_login, buyer_role, bid_amount, bid_timestamp) VALUES (256, 127, 'buyer297', 'Buyer', 341.84, '2026-03-13 16:49:58');
INSERT INTO bid (bid_id, auction_id, buyer_login, buyer_role, bid_amount, bid_timestamp) VALUES (257, 866, 'buyer221', 'Buyer', 561.37, '2026-04-08 04:17:58');
INSERT INTO bid (bid_id, auction_id, buyer_login, buyer_role, bid_amount, bid_timestamp) VALUES (258, 575, 'buyer341', 'Buyer', 137.67, '2026-03-25 22:07:58');
INSERT INTO bid (bid_id, auction_id, buyer_login, buyer_role, bid_amount, bid_timestamp) VALUES (259, 469, 'buyer82', 'Buyer', 147.41, '2026-04-09 19:52:58');
INSERT INTO bid (bid_id, auction_id, buyer_login, buyer_role, bid_amount, bid_timestamp) VALUES (260, 54, 'buyer289', 'Buyer', 244.19, '2026-04-14 15:46:58');
INSERT INTO bid (bid_id, auction_id, buyer_login, buyer_role, bid_amount, bid_timestamp) VALUES (261, 219, 'buyer95', 'Buyer', 456.74, '2026-02-26 23:07:58');
INSERT INTO bid (bid_id, auction_id, buyer_login, buyer_role, bid_amount, bid_timestamp) VALUES (262, 586, 'buyer329', 'Buyer', 422.91, '2026-03-20 03:40:58');
INSERT INTO bid (bid_id, auction_id, buyer_login, buyer_role, bid_amount, bid_timestamp) VALUES (263, 1, 'buyer204', 'Buyer', 422.49, '2026-04-08 10:49:58');
INSERT INTO bid (bid_id, auction_id, buyer_login, buyer_role, bid_amount, bid_timestamp) VALUES (264, 159, 'buyer206', 'Buyer', 624.93, '2026-03-11 01:44:58');
INSERT INTO bid (bid_id, auction_id, buyer_login, buyer_role, bid_amount, bid_timestamp) VALUES (265, 374, 'buyer8', 'Buyer', 127.17, '2026-04-15 16:34:58');
INSERT INTO bid (bid_id, auction_id, buyer_login, buyer_role, bid_amount, bid_timestamp) VALUES (266, 382, 'buyer352', 'Buyer', 290.87, '2026-03-16 17:15:58');
INSERT INTO bid (bid_id, auction_id, buyer_login, buyer_role, bid_amount, bid_timestamp) VALUES (267, 372, 'buyer387', 'Buyer', 419.38, '2026-03-31 01:04:58');
INSERT INTO bid (bid_id, auction_id, buyer_login, buyer_role, bid_amount, bid_timestamp) VALUES (268, 328, 'buyer75', 'Buyer', 516.10, '2026-05-06 17:18:58');
INSERT INTO bid (bid_id, auction_id, buyer_login, buyer_role, bid_amount, bid_timestamp) VALUES (269, 989, 'buyer269', 'Buyer', 124.36, '2026-05-01 17:18:58');
INSERT INTO bid (bid_id, auction_id, buyer_login, buyer_role, bid_amount, bid_timestamp) VALUES (270, 837, 'buyer118', 'Buyer', 664.45, '2026-03-25 19:46:58');
INSERT INTO bid (bid_id, auction_id, buyer_login, buyer_role, bid_amount, bid_timestamp) VALUES (271, 248, 'buyer179', 'Buyer', 70.42, '2026-03-29 00:50:58');
INSERT INTO bid (bid_id, auction_id, buyer_login, buyer_role, bid_amount, bid_timestamp) VALUES (272, 265, 'buyer11', 'Buyer', 312.76, '2026-03-07 09:50:58');
INSERT INTO bid (bid_id, auction_id, buyer_login, buyer_role, bid_amount, bid_timestamp) VALUES (273, 161, 'buyer377', 'Buyer', 292.03, '2026-04-24 22:05:58');
INSERT INTO bid (bid_id, auction_id, buyer_login, buyer_role, bid_amount, bid_timestamp) VALUES (274, 904, 'buyer57', 'Buyer', 375.39, '2026-03-12 22:35:58');
INSERT INTO bid (bid_id, auction_id, buyer_login, buyer_role, bid_amount, bid_timestamp) VALUES (275, 493, 'buyer330', 'Buyer', 49.24, '2026-02-27 02:21:58');
INSERT INTO bid (bid_id, auction_id, buyer_login, buyer_role, bid_amount, bid_timestamp) VALUES (276, 809, 'buyer142', 'Buyer', 469.52, '2026-03-28 18:43:58');
INSERT INTO bid (bid_id, auction_id, buyer_login, buyer_role, bid_amount, bid_timestamp) VALUES (277, 236, 'buyer189', 'Buyer', 242.27, '2026-03-19 06:22:58');
INSERT INTO bid (bid_id, auction_id, buyer_login, buyer_role, bid_amount, bid_timestamp) VALUES (278, 390, 'buyer163', 'Buyer', 678.85, '2026-05-06 14:27:58');
INSERT INTO bid (bid_id, auction_id, buyer_login, buyer_role, bid_amount, bid_timestamp) VALUES (279, 689, 'buyer135', 'Buyer', 209.25, '2026-04-13 02:17:58');
INSERT INTO bid (bid_id, auction_id, buyer_login, buyer_role, bid_amount, bid_timestamp) VALUES (280, 384, 'buyer321', 'Buyer', 335.01, '2026-03-11 13:20:58');
INSERT INTO bid (bid_id, auction_id, buyer_login, buyer_role, bid_amount, bid_timestamp) VALUES (281, 945, 'buyer68', 'Buyer', 734.53, '2026-05-03 15:14:58');
INSERT INTO bid (bid_id, auction_id, buyer_login, buyer_role, bid_amount, bid_timestamp) VALUES (282, 847, 'buyer195', 'Buyer', 555.02, '2026-05-01 13:10:58');
INSERT INTO bid (bid_id, auction_id, buyer_login, buyer_role, bid_amount, bid_timestamp) VALUES (283, 716, 'buyer35', 'Buyer', 562.30, '2026-05-20 03:28:58');
INSERT INTO bid (bid_id, auction_id, buyer_login, buyer_role, bid_amount, bid_timestamp) VALUES (284, 683, 'buyer90', 'Buyer', 521.88, '2026-03-02 04:42:58');
INSERT INTO bid (bid_id, auction_id, buyer_login, buyer_role, bid_amount, bid_timestamp) VALUES (285, 681, 'buyer249', 'Buyer', 379.99, '2026-03-29 03:04:58');
INSERT INTO bid (bid_id, auction_id, buyer_login, buyer_role, bid_amount, bid_timestamp) VALUES (286, 404, 'buyer301', 'Buyer', 206.45, '2026-02-28 04:55:58');
INSERT INTO bid (bid_id, auction_id, buyer_login, buyer_role, bid_amount, bid_timestamp) VALUES (287, 96, 'buyer343', 'Buyer', 244.35, '2026-05-06 11:51:58');
INSERT INTO bid (bid_id, auction_id, buyer_login, buyer_role, bid_amount, bid_timestamp) VALUES (288, 15, 'buyer59', 'Buyer', 623.10, '2026-03-29 02:07:58');
INSERT INTO bid (bid_id, auction_id, buyer_login, buyer_role, bid_amount, bid_timestamp) VALUES (289, 958, 'buyer273', 'Buyer', 227.79, '2026-05-22 16:49:58');
INSERT INTO bid (bid_id, auction_id, buyer_login, buyer_role, bid_amount, bid_timestamp) VALUES (290, 756, 'buyer181', 'Buyer', 713.65, '2026-04-07 13:49:58');
INSERT INTO bid (bid_id, auction_id, buyer_login, buyer_role, bid_amount, bid_timestamp) VALUES (291, 472, 'buyer259', 'Buyer', 426.26, '2026-04-15 16:10:58');
INSERT INTO bid (bid_id, auction_id, buyer_login, buyer_role, bid_amount, bid_timestamp) VALUES (292, 929, 'buyer9', 'Buyer', 112.86, '2026-04-23 21:43:58');
INSERT INTO bid (bid_id, auction_id, buyer_login, buyer_role, bid_amount, bid_timestamp) VALUES (293, 291, 'buyer235', 'Buyer', 286.12, '2026-04-19 02:07:58');
INSERT INTO bid (bid_id, auction_id, buyer_login, buyer_role, bid_amount, bid_timestamp) VALUES (294, 365, 'buyer191', 'Buyer', 315.74, '2026-03-12 16:32:58');
INSERT INTO bid (bid_id, auction_id, buyer_login, buyer_role, bid_amount, bid_timestamp) VALUES (295, 245, 'buyer168', 'Buyer', 393.60, '2026-05-07 02:35:58');
INSERT INTO bid (bid_id, auction_id, buyer_login, buyer_role, bid_amount, bid_timestamp) VALUES (296, 909, 'buyer306', 'Buyer', 421.12, '2026-04-16 21:02:58');
INSERT INTO bid (bid_id, auction_id, buyer_login, buyer_role, bid_amount, bid_timestamp) VALUES (297, 136, 'buyer273', 'Buyer', 275.68, '2026-03-19 09:56:58');
INSERT INTO bid (bid_id, auction_id, buyer_login, buyer_role, bid_amount, bid_timestamp) VALUES (298, 417, 'buyer93', 'Buyer', 444.32, '2026-04-22 08:55:58');
INSERT INTO bid (bid_id, auction_id, buyer_login, buyer_role, bid_amount, bid_timestamp) VALUES (299, 434, 'buyer111', 'Buyer', 450.43, '2026-04-27 15:16:58');
INSERT INTO bid (bid_id, auction_id, buyer_login, buyer_role, bid_amount, bid_timestamp) VALUES (300, 53, 'buyer89', 'Buyer', 401.74, '2026-05-15 07:44:58');
INSERT INTO bid (bid_id, auction_id, buyer_login, buyer_role, bid_amount, bid_timestamp) VALUES (301, 444, 'buyer88', 'Buyer', 432.46, '2026-04-16 02:14:58');
INSERT INTO bid (bid_id, auction_id, buyer_login, buyer_role, bid_amount, bid_timestamp) VALUES (302, 831, 'buyer375', 'Buyer', 372.96, '2026-05-20 00:02:58');
INSERT INTO bid (bid_id, auction_id, buyer_login, buyer_role, bid_amount, bid_timestamp) VALUES (303, 256, 'buyer10', 'Buyer', 99.54, '2026-04-04 20:35:58');
INSERT INTO bid (bid_id, auction_id, buyer_login, buyer_role, bid_amount, bid_timestamp) VALUES (304, 584, 'buyer335', 'Buyer', 460.97, '2026-04-10 07:06:58');
INSERT INTO bid (bid_id, auction_id, buyer_login, buyer_role, bid_amount, bid_timestamp) VALUES (305, 26, 'buyer95', 'Buyer', 215.02, '2026-03-23 22:10:58');
INSERT INTO bid (bid_id, auction_id, buyer_login, buyer_role, bid_amount, bid_timestamp) VALUES (306, 602, 'buyer102', 'Buyer', 198.93, '2026-04-16 03:08:58');
INSERT INTO bid (bid_id, auction_id, buyer_login, buyer_role, bid_amount, bid_timestamp) VALUES (307, 779, 'buyer50', 'Buyer', 538.06, '2026-03-26 22:31:58');
INSERT INTO bid (bid_id, auction_id, buyer_login, buyer_role, bid_amount, bid_timestamp) VALUES (308, 483, 'buyer190', 'Buyer', 464.24, '2026-04-27 23:42:58');
INSERT INTO bid (bid_id, auction_id, buyer_login, buyer_role, bid_amount, bid_timestamp) VALUES (309, 467, 'buyer69', 'Buyer', 347.38, '2026-03-30 01:10:58');
INSERT INTO bid (bid_id, auction_id, buyer_login, buyer_role, bid_amount, bid_timestamp) VALUES (310, 311, 'buyer171', 'Buyer', 360.42, '2026-05-23 05:51:58');
INSERT INTO bid (bid_id, auction_id, buyer_login, buyer_role, bid_amount, bid_timestamp) VALUES (311, 639, 'buyer349', 'Buyer', 178.03, '2026-05-15 06:07:58');
INSERT INTO bid (bid_id, auction_id, buyer_login, buyer_role, bid_amount, bid_timestamp) VALUES (312, 587, 'buyer171', 'Buyer', 272.43, '2026-03-20 10:41:58');
INSERT INTO bid (bid_id, auction_id, buyer_login, buyer_role, bid_amount, bid_timestamp) VALUES (313, 75, 'buyer32', 'Buyer', 575.69, '2026-05-19 20:58:58');
INSERT INTO bid (bid_id, auction_id, buyer_login, buyer_role, bid_amount, bid_timestamp) VALUES (314, 715, 'buyer200', 'Buyer', 295.45, '2026-04-17 04:35:58');
INSERT INTO bid (bid_id, auction_id, buyer_login, buyer_role, bid_amount, bid_timestamp) VALUES (315, 515, 'buyer340', 'Buyer', 238.81, '2026-05-04 18:01:58');
INSERT INTO bid (bid_id, auction_id, buyer_login, buyer_role, bid_amount, bid_timestamp) VALUES (316, 899, 'buyer69', 'Buyer', 183.68, '2026-05-20 11:22:58');
INSERT INTO bid (bid_id, auction_id, buyer_login, buyer_role, bid_amount, bid_timestamp) VALUES (317, 570, 'buyer83', 'Buyer', 412.03, '2026-05-07 11:33:58');
INSERT INTO bid (bid_id, auction_id, buyer_login, buyer_role, bid_amount, bid_timestamp) VALUES (318, 464, 'buyer3', 'Buyer', 411.31, '2026-04-11 08:43:58');
INSERT INTO bid (bid_id, auction_id, buyer_login, buyer_role, bid_amount, bid_timestamp) VALUES (319, 821, 'buyer11', 'Buyer', 166.07, '2026-03-31 04:18:58');
INSERT INTO bid (bid_id, auction_id, buyer_login, buyer_role, bid_amount, bid_timestamp) VALUES (320, 213, 'buyer354', 'Buyer', 497.77, '2026-03-01 10:46:58');
INSERT INTO bid (bid_id, auction_id, buyer_login, buyer_role, bid_amount, bid_timestamp) VALUES (321, 201, 'buyer321', 'Buyer', 597.68, '2026-04-22 06:34:58');
INSERT INTO bid (bid_id, auction_id, buyer_login, buyer_role, bid_amount, bid_timestamp) VALUES (322, 862, 'buyer10', 'Buyer', 362.97, '2026-03-02 13:08:58');
INSERT INTO bid (bid_id, auction_id, buyer_login, buyer_role, bid_amount, bid_timestamp) VALUES (323, 570, 'buyer83', 'Buyer', 408.38, '2026-04-22 08:01:58');
INSERT INTO bid (bid_id, auction_id, buyer_login, buyer_role, bid_amount, bid_timestamp) VALUES (324, 794, 'buyer33', 'Buyer', 339.92, '2026-04-10 06:34:58');
INSERT INTO bid (bid_id, auction_id, buyer_login, buyer_role, bid_amount, bid_timestamp) VALUES (325, 935, 'buyer118', 'Buyer', 234.59, '2026-03-11 19:46:58');
INSERT INTO bid (bid_id, auction_id, buyer_login, buyer_role, bid_amount, bid_timestamp) VALUES (326, 209, 'buyer32', 'Buyer', 420.08, '2026-05-25 04:00:58');
INSERT INTO bid (bid_id, auction_id, buyer_login, buyer_role, bid_amount, bid_timestamp) VALUES (327, 333, 'buyer320', 'Buyer', 632.89, '2026-04-12 18:39:58');
INSERT INTO bid (bid_id, auction_id, buyer_login, buyer_role, bid_amount, bid_timestamp) VALUES (328, 220, 'buyer33', 'Buyer', 104.88, '2026-03-12 03:09:58');
INSERT INTO bid (bid_id, auction_id, buyer_login, buyer_role, bid_amount, bid_timestamp) VALUES (329, 340, 'buyer208', 'Buyer', 545.07, '2026-03-28 23:06:58');
INSERT INTO bid (bid_id, auction_id, buyer_login, buyer_role, bid_amount, bid_timestamp) VALUES (330, 710, 'buyer91', 'Buyer', 279.31, '2026-03-28 10:28:58');
INSERT INTO bid (bid_id, auction_id, buyer_login, buyer_role, bid_amount, bid_timestamp) VALUES (331, 161, 'buyer223', 'Buyer', 282.97, '2026-03-27 17:48:58');
INSERT INTO bid (bid_id, auction_id, buyer_login, buyer_role, bid_amount, bid_timestamp) VALUES (332, 154, 'buyer392', 'Buyer', 408.87, '2026-04-11 03:45:58');
INSERT INTO bid (bid_id, auction_id, buyer_login, buyer_role, bid_amount, bid_timestamp) VALUES (333, 155, 'buyer188', 'Buyer', 310.85, '2026-04-14 01:23:58');
INSERT INTO bid (bid_id, auction_id, buyer_login, buyer_role, bid_amount, bid_timestamp) VALUES (334, 583, 'buyer56', 'Buyer', 341.16, '2026-04-15 20:47:58');
INSERT INTO bid (bid_id, auction_id, buyer_login, buyer_role, bid_amount, bid_timestamp) VALUES (335, 33, 'buyer48', 'Buyer', 613.49, '2026-03-12 00:09:58');
INSERT INTO bid (bid_id, auction_id, buyer_login, buyer_role, bid_amount, bid_timestamp) VALUES (336, 50, 'buyer345', 'Buyer', 100.80, '2026-03-16 22:40:58');
INSERT INTO bid (bid_id, auction_id, buyer_login, buyer_role, bid_amount, bid_timestamp) VALUES (337, 117, 'buyer116', 'Buyer', 414.24, '2026-05-14 16:29:58');
INSERT INTO bid (bid_id, auction_id, buyer_login, buyer_role, bid_amount, bid_timestamp) VALUES (338, 884, 'buyer360', 'Buyer', 499.72, '2026-03-21 13:19:58');
INSERT INTO bid (bid_id, auction_id, buyer_login, buyer_role, bid_amount, bid_timestamp) VALUES (339, 165, 'buyer315', 'Buyer', 645.65, '2026-03-05 05:15:58');
INSERT INTO bid (bid_id, auction_id, buyer_login, buyer_role, bid_amount, bid_timestamp) VALUES (340, 391, 'buyer125', 'Buyer', 286.68, '2026-03-29 06:27:58');
INSERT INTO bid (bid_id, auction_id, buyer_login, buyer_role, bid_amount, bid_timestamp) VALUES (341, 428, 'buyer385', 'Buyer', 480.05, '2026-04-17 01:42:58');
INSERT INTO bid (bid_id, auction_id, buyer_login, buyer_role, bid_amount, bid_timestamp) VALUES (342, 649, 'buyer319', 'Buyer', 90.01, '2026-03-29 16:57:58');
INSERT INTO bid (bid_id, auction_id, buyer_login, buyer_role, bid_amount, bid_timestamp) VALUES (343, 701, 'buyer7', 'Buyer', 567.54, '2026-04-03 10:19:58');
INSERT INTO bid (bid_id, auction_id, buyer_login, buyer_role, bid_amount, bid_timestamp) VALUES (344, 359, 'buyer33', 'Buyer', 389.66, '2026-05-06 22:46:58');
INSERT INTO bid (bid_id, auction_id, buyer_login, buyer_role, bid_amount, bid_timestamp) VALUES (345, 184, 'buyer92', 'Buyer', 88.03, '2026-04-10 00:16:58');
INSERT INTO bid (bid_id, auction_id, buyer_login, buyer_role, bid_amount, bid_timestamp) VALUES (346, 565, 'buyer124', 'Buyer', 379.05, '2026-05-15 00:18:58');
INSERT INTO bid (bid_id, auction_id, buyer_login, buyer_role, bid_amount, bid_timestamp) VALUES (347, 95, 'buyer362', 'Buyer', 212.39, '2026-05-20 21:08:58');
INSERT INTO bid (bid_id, auction_id, buyer_login, buyer_role, bid_amount, bid_timestamp) VALUES (348, 268, 'buyer112', 'Buyer', 159.06, '2026-03-27 11:17:58');
INSERT INTO bid (bid_id, auction_id, buyer_login, buyer_role, bid_amount, bid_timestamp) VALUES (349, 596, 'buyer123', 'Buyer', 423.06, '2026-05-01 15:29:58');
INSERT INTO bid (bid_id, auction_id, buyer_login, buyer_role, bid_amount, bid_timestamp) VALUES (350, 382, 'buyer381', 'Buyer', 285.34, '2026-03-17 03:05:58');
INSERT INTO bid (bid_id, auction_id, buyer_login, buyer_role, bid_amount, bid_timestamp) VALUES (351, 771, 'buyer373', 'Buyer', 464.53, '2026-03-31 10:22:58');
INSERT INTO bid (bid_id, auction_id, buyer_login, buyer_role, bid_amount, bid_timestamp) VALUES (352, 683, 'buyer327', 'Buyer', 536.44, '2026-03-27 02:48:58');
INSERT INTO bid (bid_id, auction_id, buyer_login, buyer_role, bid_amount, bid_timestamp) VALUES (353, 900, 'buyer216', 'Buyer', 598.80, '2026-05-11 08:06:58');
INSERT INTO bid (bid_id, auction_id, buyer_login, buyer_role, bid_amount, bid_timestamp) VALUES (354, 450, 'buyer306', 'Buyer', 638.17, '2026-04-17 12:49:58');
INSERT INTO bid (bid_id, auction_id, buyer_login, buyer_role, bid_amount, bid_timestamp) VALUES (355, 403, 'buyer23', 'Buyer', 179.19, '2026-04-14 00:05:58');
INSERT INTO bid (bid_id, auction_id, buyer_login, buyer_role, bid_amount, bid_timestamp) VALUES (356, 346, 'buyer210', 'Buyer', 451.02, '2026-02-24 13:05:58');
INSERT INTO bid (bid_id, auction_id, buyer_login, buyer_role, bid_amount, bid_timestamp) VALUES (357, 149, 'buyer385', 'Buyer', 356.23, '2026-03-05 11:55:58');
INSERT INTO bid (bid_id, auction_id, buyer_login, buyer_role, bid_amount, bid_timestamp) VALUES (358, 715, 'buyer255', 'Buyer', 383.20, '2026-05-18 01:45:58');
INSERT INTO bid (bid_id, auction_id, buyer_login, buyer_role, bid_amount, bid_timestamp) VALUES (359, 123, 'buyer155', 'Buyer', 600.35, '2026-03-28 01:43:58');
INSERT INTO bid (bid_id, auction_id, buyer_login, buyer_role, bid_amount, bid_timestamp) VALUES (360, 711, 'buyer57', 'Buyer', 738.86, '2026-04-30 00:00:58');
INSERT INTO bid (bid_id, auction_id, buyer_login, buyer_role, bid_amount, bid_timestamp) VALUES (361, 676, 'buyer1', 'Buyer', 355.08, '2026-03-27 21:36:58');
INSERT INTO bid (bid_id, auction_id, buyer_login, buyer_role, bid_amount, bid_timestamp) VALUES (362, 279, 'buyer240', 'Buyer', 532.47, '2026-04-07 19:09:58');
INSERT INTO bid (bid_id, auction_id, buyer_login, buyer_role, bid_amount, bid_timestamp) VALUES (363, 459, 'buyer208', 'Buyer', 600.68, '2026-03-06 18:31:58');
INSERT INTO bid (bid_id, auction_id, buyer_login, buyer_role, bid_amount, bid_timestamp) VALUES (364, 491, 'buyer240', 'Buyer', 127.30, '2026-05-01 23:06:58');
INSERT INTO bid (bid_id, auction_id, buyer_login, buyer_role, bid_amount, bid_timestamp) VALUES (365, 73, 'buyer58', 'Buyer', 399.43, '2026-05-13 06:07:58');
INSERT INTO bid (bid_id, auction_id, buyer_login, buyer_role, bid_amount, bid_timestamp) VALUES (366, 74, 'buyer241', 'Buyer', 116.03, '2026-05-10 16:20:58');
INSERT INTO bid (bid_id, auction_id, buyer_login, buyer_role, bid_amount, bid_timestamp) VALUES (367, 531, 'buyer352', 'Buyer', 360.06, '2026-05-10 08:31:58');
INSERT INTO bid (bid_id, auction_id, buyer_login, buyer_role, bid_amount, bid_timestamp) VALUES (368, 358, 'buyer233', 'Buyer', 158.10, '2026-04-22 10:04:58');
INSERT INTO bid (bid_id, auction_id, buyer_login, buyer_role, bid_amount, bid_timestamp) VALUES (369, 681, 'buyer249', 'Buyer', 369.55, '2026-04-21 22:02:58');
INSERT INTO bid (bid_id, auction_id, buyer_login, buyer_role, bid_amount, bid_timestamp) VALUES (370, 782, 'buyer361', 'Buyer', 294.19, '2026-03-04 19:48:58');
INSERT INTO bid (bid_id, auction_id, buyer_login, buyer_role, bid_amount, bid_timestamp) VALUES (371, 866, 'buyer22', 'Buyer', 523.07, '2026-04-25 08:23:58');
INSERT INTO bid (bid_id, auction_id, buyer_login, buyer_role, bid_amount, bid_timestamp) VALUES (372, 426, 'buyer200', 'Buyer', 625.97, '2026-05-07 18:24:58');
INSERT INTO bid (bid_id, auction_id, buyer_login, buyer_role, bid_amount, bid_timestamp) VALUES (373, 279, 'buyer240', 'Buyer', 521.29, '2026-03-13 01:12:58');
INSERT INTO bid (bid_id, auction_id, buyer_login, buyer_role, bid_amount, bid_timestamp) VALUES (374, 2, 'buyer173', 'Buyer', 473.86, '2026-02-25 16:49:58');
INSERT INTO bid (bid_id, auction_id, buyer_login, buyer_role, bid_amount, bid_timestamp) VALUES (375, 762, 'buyer375', 'Buyer', 253.75, '2026-05-16 09:27:58');
INSERT INTO bid (bid_id, auction_id, buyer_login, buyer_role, bid_amount, bid_timestamp) VALUES (376, 524, 'buyer78', 'Buyer', 319.93, '2026-04-13 18:44:58');
INSERT INTO bid (bid_id, auction_id, buyer_login, buyer_role, bid_amount, bid_timestamp) VALUES (377, 38, 'buyer38', 'Buyer', 197.25, '2026-05-03 11:45:58');
INSERT INTO bid (bid_id, auction_id, buyer_login, buyer_role, bid_amount, bid_timestamp) VALUES (378, 770, 'buyer127', 'Buyer', 125.13, '2026-03-29 06:03:58');
INSERT INTO bid (bid_id, auction_id, buyer_login, buyer_role, bid_amount, bid_timestamp) VALUES (379, 953, 'buyer52', 'Buyer', 403.64, '2026-03-21 17:11:58');
INSERT INTO bid (bid_id, auction_id, buyer_login, buyer_role, bid_amount, bid_timestamp) VALUES (380, 537, 'buyer98', 'Buyer', 631.84, '2026-02-24 09:40:58');
INSERT INTO bid (bid_id, auction_id, buyer_login, buyer_role, bid_amount, bid_timestamp) VALUES (381, 175, 'buyer312', 'Buyer', 246.01, '2026-03-16 19:02:58');
INSERT INTO bid (bid_id, auction_id, buyer_login, buyer_role, bid_amount, bid_timestamp) VALUES (382, 531, 'buyer352', 'Buyer', 306.66, '2026-05-03 05:28:58');
INSERT INTO bid (bid_id, auction_id, buyer_login, buyer_role, bid_amount, bid_timestamp) VALUES (383, 838, 'buyer287', 'Buyer', 239.16, '2026-04-10 13:25:58');
INSERT INTO bid (bid_id, auction_id, buyer_login, buyer_role, bid_amount, bid_timestamp) VALUES (384, 828, 'buyer140', 'Buyer', 370.00, '2026-04-28 23:23:58');
INSERT INTO bid (bid_id, auction_id, buyer_login, buyer_role, bid_amount, bid_timestamp) VALUES (385, 252, 'buyer135', 'Buyer', 434.44, '2026-05-21 22:41:58');
INSERT INTO bid (bid_id, auction_id, buyer_login, buyer_role, bid_amount, bid_timestamp) VALUES (386, 559, 'buyer122', 'Buyer', 318.15, '2026-03-04 12:53:58');
INSERT INTO bid (bid_id, auction_id, buyer_login, buyer_role, bid_amount, bid_timestamp) VALUES (387, 601, 'buyer44', 'Buyer', 254.59, '2026-03-12 13:15:58');
INSERT INTO bid (bid_id, auction_id, buyer_login, buyer_role, bid_amount, bid_timestamp) VALUES (388, 76, 'buyer243', 'Buyer', 147.78, '2026-03-15 04:49:58');
INSERT INTO bid (bid_id, auction_id, buyer_login, buyer_role, bid_amount, bid_timestamp) VALUES (389, 98, 'buyer379', 'Buyer', 261.80, '2026-05-12 13:51:58');
INSERT INTO bid (bid_id, auction_id, buyer_login, buyer_role, bid_amount, bid_timestamp) VALUES (390, 311, 'buyer386', 'Buyer', 379.71, '2026-05-21 05:52:58');
INSERT INTO bid (bid_id, auction_id, buyer_login, buyer_role, bid_amount, bid_timestamp) VALUES (391, 508, 'buyer273', 'Buyer', 155.80, '2026-03-17 06:32:58');
INSERT INTO bid (bid_id, auction_id, buyer_login, buyer_role, bid_amount, bid_timestamp) VALUES (392, 788, 'buyer376', 'Buyer', 98.34, '2026-05-19 10:33:58');
INSERT INTO bid (bid_id, auction_id, buyer_login, buyer_role, bid_amount, bid_timestamp) VALUES (393, 315, 'buyer369', 'Buyer', 694.27, '2026-03-08 22:12:58');
INSERT INTO bid (bid_id, auction_id, buyer_login, buyer_role, bid_amount, bid_timestamp) VALUES (394, 454, 'buyer347', 'Buyer', 135.88, '2026-04-26 10:24:58');
INSERT INTO bid (bid_id, auction_id, buyer_login, buyer_role, bid_amount, bid_timestamp) VALUES (395, 598, 'buyer297', 'Buyer', 94.14, '2026-03-23 01:28:58');
INSERT INTO bid (bid_id, auction_id, buyer_login, buyer_role, bid_amount, bid_timestamp) VALUES (396, 3, 'buyer301', 'Buyer', 640.22, '2026-03-17 09:20:58');
INSERT INTO bid (bid_id, auction_id, buyer_login, buyer_role, bid_amount, bid_timestamp) VALUES (397, 577, 'buyer181', 'Buyer', 253.62, '2026-03-09 18:56:58');
INSERT INTO bid (bid_id, auction_id, buyer_login, buyer_role, bid_amount, bid_timestamp) VALUES (398, 987, 'buyer359', 'Buyer', 590.16, '2026-03-18 21:33:58');
INSERT INTO bid (bid_id, auction_id, buyer_login, buyer_role, bid_amount, bid_timestamp) VALUES (399, 796, 'buyer204', 'Buyer', 221.89, '2026-03-28 21:48:58');
INSERT INTO bid (bid_id, auction_id, buyer_login, buyer_role, bid_amount, bid_timestamp) VALUES (400, 533, 'buyer149', 'Buyer', 352.24, '2026-03-18 16:34:58');
INSERT INTO bid (bid_id, auction_id, buyer_login, buyer_role, bid_amount, bid_timestamp) VALUES (401, 128, 'buyer359', 'Buyer', 194.30, '2026-05-24 03:52:58');
INSERT INTO bid (bid_id, auction_id, buyer_login, buyer_role, bid_amount, bid_timestamp) VALUES (402, 497, 'buyer211', 'Buyer', 447.67, '2026-05-17 21:23:58');
INSERT INTO bid (bid_id, auction_id, buyer_login, buyer_role, bid_amount, bid_timestamp) VALUES (403, 137, 'buyer263', 'Buyer', 140.78, '2026-03-25 13:21:58');
INSERT INTO bid (bid_id, auction_id, buyer_login, buyer_role, bid_amount, bid_timestamp) VALUES (404, 786, 'buyer100', 'Buyer', 134.24, '2026-03-28 11:56:58');
INSERT INTO bid (bid_id, auction_id, buyer_login, buyer_role, bid_amount, bid_timestamp) VALUES (405, 120, 'buyer299', 'Buyer', 673.78, '2026-03-07 04:47:58');
INSERT INTO bid (bid_id, auction_id, buyer_login, buyer_role, bid_amount, bid_timestamp) VALUES (406, 385, 'buyer268', 'Buyer', 566.44, '2026-02-28 06:16:58');
INSERT INTO bid (bid_id, auction_id, buyer_login, buyer_role, bid_amount, bid_timestamp) VALUES (407, 642, 'buyer309', 'Buyer', 505.55, '2026-05-17 08:13:58');
INSERT INTO bid (bid_id, auction_id, buyer_login, buyer_role, bid_amount, bid_timestamp) VALUES (408, 460, 'buyer273', 'Buyer', 314.59, '2026-04-15 15:08:58');
INSERT INTO bid (bid_id, auction_id, buyer_login, buyer_role, bid_amount, bid_timestamp) VALUES (409, 34, 'buyer70', 'Buyer', 275.80, '2026-04-23 02:24:58');
INSERT INTO bid (bid_id, auction_id, buyer_login, buyer_role, bid_amount, bid_timestamp) VALUES (410, 26, 'buyer396', 'Buyer', 310.12, '2026-04-22 23:52:58');
INSERT INTO bid (bid_id, auction_id, buyer_login, buyer_role, bid_amount, bid_timestamp) VALUES (411, 47, 'buyer109', 'Buyer', 151.32, '2026-05-12 04:40:58');
INSERT INTO bid (bid_id, auction_id, buyer_login, buyer_role, bid_amount, bid_timestamp) VALUES (412, 847, 'buyer308', 'Buyer', 541.49, '2026-02-27 07:42:58');
INSERT INTO bid (bid_id, auction_id, buyer_login, buyer_role, bid_amount, bid_timestamp) VALUES (413, 874, 'buyer233', 'Buyer', 512.55, '2026-05-15 05:57:58');
INSERT INTO bid (bid_id, auction_id, buyer_login, buyer_role, bid_amount, bid_timestamp) VALUES (414, 788, 'buyer232', 'Buyer', 121.01, '2026-04-10 20:54:58');
INSERT INTO bid (bid_id, auction_id, buyer_login, buyer_role, bid_amount, bid_timestamp) VALUES (415, 615, 'buyer267', 'Buyer', 577.58, '2026-03-18 04:12:58');
INSERT INTO bid (bid_id, auction_id, buyer_login, buyer_role, bid_amount, bid_timestamp) VALUES (416, 141, 'buyer118', 'Buyer', 534.88, '2026-03-03 01:22:58');
INSERT INTO bid (bid_id, auction_id, buyer_login, buyer_role, bid_amount, bid_timestamp) VALUES (417, 352, 'buyer152', 'Buyer', 224.37, '2026-04-08 08:58:58');
INSERT INTO bid (bid_id, auction_id, buyer_login, buyer_role, bid_amount, bid_timestamp) VALUES (418, 761, 'buyer89', 'Buyer', 80.03, '2026-04-03 07:50:58');
INSERT INTO bid (bid_id, auction_id, buyer_login, buyer_role, bid_amount, bid_timestamp) VALUES (419, 860, 'buyer94', 'Buyer', 411.12, '2026-02-26 19:10:58');
INSERT INTO bid (bid_id, auction_id, buyer_login, buyer_role, bid_amount, bid_timestamp) VALUES (420, 56, 'buyer83', 'Buyer', 478.94, '2026-05-09 04:54:58');
INSERT INTO bid (bid_id, auction_id, buyer_login, buyer_role, bid_amount, bid_timestamp) VALUES (421, 242, 'buyer171', 'Buyer', 168.52, '2026-05-16 00:56:58');
INSERT INTO bid (bid_id, auction_id, buyer_login, buyer_role, bid_amount, bid_timestamp) VALUES (422, 948, 'buyer189', 'Buyer', 710.59, '2026-04-12 13:52:58');
INSERT INTO bid (bid_id, auction_id, buyer_login, buyer_role, bid_amount, bid_timestamp) VALUES (423, 963, 'buyer243', 'Buyer', 406.65, '2026-05-21 05:19:58');
INSERT INTO bid (bid_id, auction_id, buyer_login, buyer_role, bid_amount, bid_timestamp) VALUES (424, 156, 'buyer254', 'Buyer', 277.25, '2026-05-10 17:16:58');
INSERT INTO bid (bid_id, auction_id, buyer_login, buyer_role, bid_amount, bid_timestamp) VALUES (425, 523, 'buyer73', 'Buyer', 220.88, '2026-05-17 01:00:58');
INSERT INTO bid (bid_id, auction_id, buyer_login, buyer_role, bid_amount, bid_timestamp) VALUES (426, 56, 'buyer338', 'Buyer', 546.28, '2026-05-09 04:39:58');
INSERT INTO bid (bid_id, auction_id, buyer_login, buyer_role, bid_amount, bid_timestamp) VALUES (427, 771, 'buyer373', 'Buyer', 506.04, '2026-03-15 02:04:58');
INSERT INTO bid (bid_id, auction_id, buyer_login, buyer_role, bid_amount, bid_timestamp) VALUES (428, 329, 'buyer260', 'Buyer', 113.92, '2026-02-25 15:07:58');
INSERT INTO bid (bid_id, auction_id, buyer_login, buyer_role, bid_amount, bid_timestamp) VALUES (429, 794, 'buyer238', 'Buyer', 361.79, '2026-03-11 23:08:58');
INSERT INTO bid (bid_id, auction_id, buyer_login, buyer_role, bid_amount, bid_timestamp) VALUES (430, 230, 'buyer388', 'Buyer', 377.94, '2026-02-25 03:23:58');
INSERT INTO bid (bid_id, auction_id, buyer_login, buyer_role, bid_amount, bid_timestamp) VALUES (431, 920, 'buyer291', 'Buyer', 412.17, '2026-05-06 07:09:58');
INSERT INTO bid (bid_id, auction_id, buyer_login, buyer_role, bid_amount, bid_timestamp) VALUES (432, 926, 'buyer348', 'Buyer', 296.08, '2026-04-06 06:17:58');
INSERT INTO bid (bid_id, auction_id, buyer_login, buyer_role, bid_amount, bid_timestamp) VALUES (433, 225, 'buyer373', 'Buyer', 397.02, '2026-03-06 22:44:58');
INSERT INTO bid (bid_id, auction_id, buyer_login, buyer_role, bid_amount, bid_timestamp) VALUES (434, 657, 'buyer322', 'Buyer', 170.76, '2026-04-18 09:10:58');
INSERT INTO bid (bid_id, auction_id, buyer_login, buyer_role, bid_amount, bid_timestamp) VALUES (435, 485, 'buyer57', 'Buyer', 134.03, '2026-04-18 01:11:58');
INSERT INTO bid (bid_id, auction_id, buyer_login, buyer_role, bid_amount, bid_timestamp) VALUES (436, 723, 'buyer98', 'Buyer', 492.54, '2026-04-15 04:11:58');
INSERT INTO bid (bid_id, auction_id, buyer_login, buyer_role, bid_amount, bid_timestamp) VALUES (437, 786, 'buyer100', 'Buyer', 116.93, '2026-05-20 10:17:58');
INSERT INTO bid (bid_id, auction_id, buyer_login, buyer_role, bid_amount, bid_timestamp) VALUES (438, 992, 'buyer384', 'Buyer', 240.04, '2026-02-27 21:12:58');
INSERT INTO bid (bid_id, auction_id, buyer_login, buyer_role, bid_amount, bid_timestamp) VALUES (439, 504, 'buyer172', 'Buyer', 710.10, '2026-05-03 20:14:58');
INSERT INTO bid (bid_id, auction_id, buyer_login, buyer_role, bid_amount, bid_timestamp) VALUES (440, 853, 'buyer293', 'Buyer', 399.64, '2026-04-30 05:40:58');
INSERT INTO bid (bid_id, auction_id, buyer_login, buyer_role, bid_amount, bid_timestamp) VALUES (441, 227, 'buyer389', 'Buyer', 90.77, '2026-03-13 01:08:58');
INSERT INTO bid (bid_id, auction_id, buyer_login, buyer_role, bid_amount, bid_timestamp) VALUES (442, 665, 'buyer115', 'Buyer', 535.07, '2026-04-10 08:15:58');
INSERT INTO bid (bid_id, auction_id, buyer_login, buyer_role, bid_amount, bid_timestamp) VALUES (443, 865, 'buyer169', 'Buyer', 398.58, '2026-04-23 21:28:58');
INSERT INTO bid (bid_id, auction_id, buyer_login, buyer_role, bid_amount, bid_timestamp) VALUES (444, 377, 'buyer395', 'Buyer', 77.60, '2026-03-07 01:10:58');
INSERT INTO bid (bid_id, auction_id, buyer_login, buyer_role, bid_amount, bid_timestamp) VALUES (445, 273, 'buyer357', 'Buyer', 697.47, '2026-02-27 14:29:58');
INSERT INTO bid (bid_id, auction_id, buyer_login, buyer_role, bid_amount, bid_timestamp) VALUES (446, 497, 'buyer259', 'Buyer', 497.04, '2026-02-24 12:03:58');
INSERT INTO bid (bid_id, auction_id, buyer_login, buyer_role, bid_amount, bid_timestamp) VALUES (447, 86, 'buyer170', 'Buyer', 559.86, '2026-03-19 23:43:58');
INSERT INTO bid (bid_id, auction_id, buyer_login, buyer_role, bid_amount, bid_timestamp) VALUES (448, 984, 'buyer275', 'Buyer', 340.88, '2026-05-02 07:53:58');
INSERT INTO bid (bid_id, auction_id, buyer_login, buyer_role, bid_amount, bid_timestamp) VALUES (449, 864, 'buyer393', 'Buyer', 435.34, '2026-04-01 05:52:58');
INSERT INTO bid (bid_id, auction_id, buyer_login, buyer_role, bid_amount, bid_timestamp) VALUES (450, 708, 'buyer332', 'Buyer', 397.02, '2026-03-21 04:58:58');
INSERT INTO bid (bid_id, auction_id, buyer_login, buyer_role, bid_amount, bid_timestamp) VALUES (451, 969, 'buyer399', 'Buyer', 751.66, '2026-04-26 06:43:58');
INSERT INTO bid (bid_id, auction_id, buyer_login, buyer_role, bid_amount, bid_timestamp) VALUES (452, 250, 'buyer25', 'Buyer', 548.37, '2026-04-08 05:26:58');
INSERT INTO bid (bid_id, auction_id, buyer_login, buyer_role, bid_amount, bid_timestamp) VALUES (453, 723, 'buyer98', 'Buyer', 469.65, '2026-05-04 04:55:58');
INSERT INTO bid (bid_id, auction_id, buyer_login, buyer_role, bid_amount, bid_timestamp) VALUES (454, 370, 'buyer299', 'Buyer', 369.92, '2026-04-04 06:46:58');
INSERT INTO bid (bid_id, auction_id, buyer_login, buyer_role, bid_amount, bid_timestamp) VALUES (455, 145, 'buyer380', 'Buyer', 521.04, '2026-03-23 02:54:58');
INSERT INTO bid (bid_id, auction_id, buyer_login, buyer_role, bid_amount, bid_timestamp) VALUES (456, 365, 'buyer150', 'Buyer', 282.69, '2026-03-03 05:07:58');
INSERT INTO bid (bid_id, auction_id, buyer_login, buyer_role, bid_amount, bid_timestamp) VALUES (457, 839, 'buyer81', 'Buyer', 198.46, '2026-04-26 19:48:58');
INSERT INTO bid (bid_id, auction_id, buyer_login, buyer_role, bid_amount, bid_timestamp) VALUES (458, 279, 'buyer240', 'Buyer', 549.31, '2026-03-08 04:04:58');
INSERT INTO bid (bid_id, auction_id, buyer_login, buyer_role, bid_amount, bid_timestamp) VALUES (459, 363, 'buyer208', 'Buyer', 260.12, '2026-05-11 07:31:58');
INSERT INTO bid (bid_id, auction_id, buyer_login, buyer_role, bid_amount, bid_timestamp) VALUES (460, 276, 'buyer270', 'Buyer', 458.78, '2026-03-23 11:58:58');
INSERT INTO bid (bid_id, auction_id, buyer_login, buyer_role, bid_amount, bid_timestamp) VALUES (461, 409, 'buyer341', 'Buyer', 488.60, '2026-04-30 10:33:58');
INSERT INTO bid (bid_id, auction_id, buyer_login, buyer_role, bid_amount, bid_timestamp) VALUES (462, 551, 'buyer264', 'Buyer', 499.89, '2026-03-31 05:46:58');
INSERT INTO bid (bid_id, auction_id, buyer_login, buyer_role, bid_amount, bid_timestamp) VALUES (463, 705, 'buyer125', 'Buyer', 561.28, '2026-03-24 05:22:58');
INSERT INTO bid (bid_id, auction_id, buyer_login, buyer_role, bid_amount, bid_timestamp) VALUES (464, 949, 'buyer344', 'Buyer', 101.78, '2026-03-04 04:51:58');
INSERT INTO bid (bid_id, auction_id, buyer_login, buyer_role, bid_amount, bid_timestamp) VALUES (465, 596, 'buyer164', 'Buyer', 458.16, '2026-04-11 16:36:58');
INSERT INTO bid (bid_id, auction_id, buyer_login, buyer_role, bid_amount, bid_timestamp) VALUES (466, 723, 'buyer98', 'Buyer', 538.22, '2026-04-30 11:37:58');
INSERT INTO bid (bid_id, auction_id, buyer_login, buyer_role, bid_amount, bid_timestamp) VALUES (467, 439, 'buyer141', 'Buyer', 255.84, '2026-03-24 02:03:58');
INSERT INTO bid (bid_id, auction_id, buyer_login, buyer_role, bid_amount, bid_timestamp) VALUES (468, 841, 'buyer324', 'Buyer', 472.02, '2026-04-15 19:40:58');
INSERT INTO bid (bid_id, auction_id, buyer_login, buyer_role, bid_amount, bid_timestamp) VALUES (469, 745, 'buyer205', 'Buyer', 310.79, '2026-05-21 08:33:58');
INSERT INTO bid (bid_id, auction_id, buyer_login, buyer_role, bid_amount, bid_timestamp) VALUES (470, 346, 'buyer263', 'Buyer', 437.78, '2026-05-04 01:47:58');
INSERT INTO bid (bid_id, auction_id, buyer_login, buyer_role, bid_amount, bid_timestamp) VALUES (471, 29, 'buyer276', 'Buyer', 185.38, '2026-04-11 22:57:58');
INSERT INTO bid (bid_id, auction_id, buyer_login, buyer_role, bid_amount, bid_timestamp) VALUES (472, 779, 'buyer287', 'Buyer', 451.43, '2026-05-23 07:00:58');
INSERT INTO bid (bid_id, auction_id, buyer_login, buyer_role, bid_amount, bid_timestamp) VALUES (473, 280, 'buyer110', 'Buyer', 172.81, '2026-03-22 22:04:58');
INSERT INTO bid (bid_id, auction_id, buyer_login, buyer_role, bid_amount, bid_timestamp) VALUES (474, 371, 'buyer361', 'Buyer', 291.47, '2026-05-25 03:58:58');
INSERT INTO bid (bid_id, auction_id, buyer_login, buyer_role, bid_amount, bid_timestamp) VALUES (475, 735, 'buyer350', 'Buyer', 434.99, '2026-03-31 01:08:58');
INSERT INTO bid (bid_id, auction_id, buyer_login, buyer_role, bid_amount, bid_timestamp) VALUES (476, 796, 'buyer247', 'Buyer', 229.78, '2026-04-11 02:40:58');
INSERT INTO bid (bid_id, auction_id, buyer_login, buyer_role, bid_amount, bid_timestamp) VALUES (477, 352, 'buyer91', 'Buyer', 196.03, '2026-04-11 12:54:58');
INSERT INTO bid (bid_id, auction_id, buyer_login, buyer_role, bid_amount, bid_timestamp) VALUES (478, 113, 'buyer15', 'Buyer', 422.47, '2026-05-24 17:37:58');
INSERT INTO bid (bid_id, auction_id, buyer_login, buyer_role, bid_amount, bid_timestamp) VALUES (479, 733, 'buyer134', 'Buyer', 162.65, '2026-04-22 03:32:58');
INSERT INTO bid (bid_id, auction_id, buyer_login, buyer_role, bid_amount, bid_timestamp) VALUES (480, 796, 'buyer375', 'Buyer', 209.15, '2026-04-06 15:55:58');
INSERT INTO bid (bid_id, auction_id, buyer_login, buyer_role, bid_amount, bid_timestamp) VALUES (481, 461, 'buyer253', 'Buyer', 311.73, '2026-02-25 13:39:58');
INSERT INTO bid (bid_id, auction_id, buyer_login, buyer_role, bid_amount, bid_timestamp) VALUES (482, 311, 'buyer328', 'Buyer', 382.71, '2026-04-06 02:19:58');
INSERT INTO bid (bid_id, auction_id, buyer_login, buyer_role, bid_amount, bid_timestamp) VALUES (483, 53, 'buyer30', 'Buyer', 418.63, '2026-04-06 01:34:58');
INSERT INTO bid (bid_id, auction_id, buyer_login, buyer_role, bid_amount, bid_timestamp) VALUES (484, 134, 'buyer341', 'Buyer', 167.95, '2026-03-17 21:35:58');
INSERT INTO bid (bid_id, auction_id, buyer_login, buyer_role, bid_amount, bid_timestamp) VALUES (485, 580, 'buyer227', 'Buyer', 184.48, '2026-05-25 05:19:58');
INSERT INTO bid (bid_id, auction_id, buyer_login, buyer_role, bid_amount, bid_timestamp) VALUES (486, 581, 'buyer177', 'Buyer', 496.57, '2026-02-26 23:00:58');
INSERT INTO bid (bid_id, auction_id, buyer_login, buyer_role, bid_amount, bid_timestamp) VALUES (487, 727, 'buyer98', 'Buyer', 181.84, '2026-04-17 11:14:58');
INSERT INTO bid (bid_id, auction_id, buyer_login, buyer_role, bid_amount, bid_timestamp) VALUES (488, 1, 'buyer85', 'Buyer', 387.74, '2026-03-27 19:14:58');
INSERT INTO bid (bid_id, auction_id, buyer_login, buyer_role, bid_amount, bid_timestamp) VALUES (489, 862, 'buyer74', 'Buyer', 276.63, '2026-03-20 09:08:58');
INSERT INTO bid (bid_id, auction_id, buyer_login, buyer_role, bid_amount, bid_timestamp) VALUES (490, 439, 'buyer72', 'Buyer', 267.74, '2026-03-11 11:59:58');
INSERT INTO bid (bid_id, auction_id, buyer_login, buyer_role, bid_amount, bid_timestamp) VALUES (491, 901, 'buyer87', 'Buyer', 517.50, '2026-05-09 05:45:58');
INSERT INTO bid (bid_id, auction_id, buyer_login, buyer_role, bid_amount, bid_timestamp) VALUES (492, 350, 'buyer249', 'Buyer', 252.60, '2026-05-04 20:44:58');
INSERT INTO bid (bid_id, auction_id, buyer_login, buyer_role, bid_amount, bid_timestamp) VALUES (493, 728, 'buyer293', 'Buyer', 420.94, '2026-03-01 00:07:58');
INSERT INTO bid (bid_id, auction_id, buyer_login, buyer_role, bid_amount, bid_timestamp) VALUES (494, 598, 'buyer155', 'Buyer', 31.12, '2026-04-10 09:23:58');
INSERT INTO bid (bid_id, auction_id, buyer_login, buyer_role, bid_amount, bid_timestamp) VALUES (495, 572, 'buyer328', 'Buyer', 337.53, '2026-03-08 14:03:58');
INSERT INTO bid (bid_id, auction_id, buyer_login, buyer_role, bid_amount, bid_timestamp) VALUES (496, 451, 'buyer364', 'Buyer', 360.21, '2026-05-25 12:38:58');
INSERT INTO bid (bid_id, auction_id, buyer_login, buyer_role, bid_amount, bid_timestamp) VALUES (497, 984, 'buyer275', 'Buyer', 313.53, '2026-04-29 16:48:58');
INSERT INTO bid (bid_id, auction_id, buyer_login, buyer_role, bid_amount, bid_timestamp) VALUES (498, 43, 'buyer213', 'Buyer', 254.49, '2026-04-11 08:38:58');
INSERT INTO bid (bid_id, auction_id, buyer_login, buyer_role, bid_amount, bid_timestamp) VALUES (499, 995, 'buyer146', 'Buyer', 253.54, '2026-05-20 09:41:58');
INSERT INTO bid (bid_id, auction_id, buyer_login, buyer_role, bid_amount, bid_timestamp) VALUES (500, 398, 'buyer302', 'Buyer', 203.81, '2026-03-10 13:33:58');
INSERT INTO bid (bid_id, auction_id, buyer_login, buyer_role, bid_amount, bid_timestamp) VALUES (501, 617, 'buyer326', 'Buyer', 536.22, '2026-03-26 20:13:58');
INSERT INTO bid (bid_id, auction_id, buyer_login, buyer_role, bid_amount, bid_timestamp) VALUES (502, 698, 'buyer99', 'Buyer', 469.88, '2026-04-02 20:26:58');
INSERT INTO bid (bid_id, auction_id, buyer_login, buyer_role, bid_amount, bid_timestamp) VALUES (503, 771, 'buyer373', 'Buyer', 502.43, '2026-03-26 08:56:58');
INSERT INTO bid (bid_id, auction_id, buyer_login, buyer_role, bid_amount, bid_timestamp) VALUES (504, 318, 'buyer125', 'Buyer', 661.38, '2026-03-11 19:14:58');
INSERT INTO bid (bid_id, auction_id, buyer_login, buyer_role, bid_amount, bid_timestamp) VALUES (505, 400, 'buyer358', 'Buyer', 384.90, '2026-04-15 16:15:58');
INSERT INTO bid (bid_id, auction_id, buyer_login, buyer_role, bid_amount, bid_timestamp) VALUES (506, 202, 'buyer32', 'Buyer', 397.22, '2026-05-20 06:54:58');
INSERT INTO bid (bid_id, auction_id, buyer_login, buyer_role, bid_amount, bid_timestamp) VALUES (507, 22, 'buyer318', 'Buyer', 394.01, '2026-04-25 07:49:58');
INSERT INTO bid (bid_id, auction_id, buyer_login, buyer_role, bid_amount, bid_timestamp) VALUES (508, 449, 'buyer124', 'Buyer', 334.81, '2026-05-13 09:52:58');
INSERT INTO bid (bid_id, auction_id, buyer_login, buyer_role, bid_amount, bid_timestamp) VALUES (509, 580, 'buyer200', 'Buyer', 221.27, '2026-02-25 21:49:58');
INSERT INTO bid (bid_id, auction_id, buyer_login, buyer_role, bid_amount, bid_timestamp) VALUES (510, 3, 'buyer301', 'Buyer', 699.99, '2026-05-04 05:57:58');
INSERT INTO bid (bid_id, auction_id, buyer_login, buyer_role, bid_amount, bid_timestamp) VALUES (511, 169, 'buyer84', 'Buyer', 314.38, '2026-04-06 04:25:58');
INSERT INTO bid (bid_id, auction_id, buyer_login, buyer_role, bid_amount, bid_timestamp) VALUES (512, 895, 'buyer220', 'Buyer', 578.08, '2026-03-09 10:03:58');
INSERT INTO bid (bid_id, auction_id, buyer_login, buyer_role, bid_amount, bid_timestamp) VALUES (513, 756, 'buyer181', 'Buyer', 744.21, '2026-05-18 05:38:58');
INSERT INTO bid (bid_id, auction_id, buyer_login, buyer_role, bid_amount, bid_timestamp) VALUES (514, 518, 'buyer217', 'Buyer', 212.97, '2026-03-12 06:55:58');
INSERT INTO bid (bid_id, auction_id, buyer_login, buyer_role, bid_amount, bid_timestamp) VALUES (515, 97, 'buyer37', 'Buyer', 195.35, '2026-03-30 05:49:58');
INSERT INTO bid (bid_id, auction_id, buyer_login, buyer_role, bid_amount, bid_timestamp) VALUES (516, 56, 'buyer311', 'Buyer', 535.79, '2026-04-17 17:00:58');
INSERT INTO bid (bid_id, auction_id, buyer_login, buyer_role, bid_amount, bid_timestamp) VALUES (517, 988, 'buyer90', 'Buyer', 211.33, '2026-02-25 13:18:58');
INSERT INTO bid (bid_id, auction_id, buyer_login, buyer_role, bid_amount, bid_timestamp) VALUES (518, 292, 'buyer115', 'Buyer', 547.98, '2026-03-05 06:13:58');
INSERT INTO bid (bid_id, auction_id, buyer_login, buyer_role, bid_amount, bid_timestamp) VALUES (519, 276, 'buyer270', 'Buyer', 465.98, '2026-03-19 19:34:58');
INSERT INTO bid (bid_id, auction_id, buyer_login, buyer_role, bid_amount, bid_timestamp) VALUES (520, 214, 'buyer275', 'Buyer', 268.72, '2026-03-10 02:37:58');
INSERT INTO bid (bid_id, auction_id, buyer_login, buyer_role, bid_amount, bid_timestamp) VALUES (521, 50, 'buyer307', 'Buyer', 24.87, '2026-03-07 12:16:58');
INSERT INTO bid (bid_id, auction_id, buyer_login, buyer_role, bid_amount, bid_timestamp) VALUES (522, 813, 'buyer204', 'Buyer', 289.22, '2026-05-19 03:17:58');
INSERT INTO bid (bid_id, auction_id, buyer_login, buyer_role, bid_amount, bid_timestamp) VALUES (523, 748, 'buyer220', 'Buyer', 210.24, '2026-02-25 04:45:58');
INSERT INTO bid (bid_id, auction_id, buyer_login, buyer_role, bid_amount, bid_timestamp) VALUES (524, 441, 'buyer113', 'Buyer', 394.22, '2026-04-25 00:42:58');
INSERT INTO bid (bid_id, auction_id, buyer_login, buyer_role, bid_amount, bid_timestamp) VALUES (525, 216, 'buyer307', 'Buyer', 119.28, '2026-05-18 11:25:58');
INSERT INTO bid (bid_id, auction_id, buyer_login, buyer_role, bid_amount, bid_timestamp) VALUES (526, 477, 'buyer62', 'Buyer', 218.65, '2026-05-17 04:32:58');
INSERT INTO bid (bid_id, auction_id, buyer_login, buyer_role, bid_amount, bid_timestamp) VALUES (527, 289, 'buyer400', 'Buyer', 572.66, '2026-03-16 22:05:58');
INSERT INTO bid (bid_id, auction_id, buyer_login, buyer_role, bid_amount, bid_timestamp) VALUES (528, 753, 'buyer198', 'Buyer', 655.49, '2026-02-27 11:38:58');
INSERT INTO bid (bid_id, auction_id, buyer_login, buyer_role, bid_amount, bid_timestamp) VALUES (529, 81, 'buyer205', 'Buyer', 471.53, '2026-03-03 08:12:58');
INSERT INTO bid (bid_id, auction_id, buyer_login, buyer_role, bid_amount, bid_timestamp) VALUES (530, 405, 'buyer86', 'Buyer', 405.38, '2026-03-29 03:39:58');
INSERT INTO bid (bid_id, auction_id, buyer_login, buyer_role, bid_amount, bid_timestamp) VALUES (531, 981, 'buyer95', 'Buyer', 373.63, '2026-03-22 05:24:58');
INSERT INTO bid (bid_id, auction_id, buyer_login, buyer_role, bid_amount, bid_timestamp) VALUES (532, 796, 'buyer31', 'Buyer', 222.25, '2026-04-17 11:55:58');
INSERT INTO bid (bid_id, auction_id, buyer_login, buyer_role, bid_amount, bid_timestamp) VALUES (533, 50, 'buyer162', 'Buyer', 27.75, '2026-03-26 13:02:58');
INSERT INTO bid (bid_id, auction_id, buyer_login, buyer_role, bid_amount, bid_timestamp) VALUES (534, 331, 'buyer332', 'Buyer', 129.02, '2026-03-15 16:02:58');
INSERT INTO bid (bid_id, auction_id, buyer_login, buyer_role, bid_amount, bid_timestamp) VALUES (535, 258, 'buyer90', 'Buyer', 496.71, '2026-05-08 01:09:58');
INSERT INTO bid (bid_id, auction_id, buyer_login, buyer_role, bid_amount, bid_timestamp) VALUES (536, 830, 'buyer259', 'Buyer', 96.41, '2026-05-24 11:47:58');
INSERT INTO bid (bid_id, auction_id, buyer_login, buyer_role, bid_amount, bid_timestamp) VALUES (537, 823, 'buyer395', 'Buyer', 304.70, '2026-04-02 00:46:58');
INSERT INTO bid (bid_id, auction_id, buyer_login, buyer_role, bid_amount, bid_timestamp) VALUES (538, 958, 'buyer174', 'Buyer', 179.55, '2026-03-21 22:30:58');
INSERT INTO bid (bid_id, auction_id, buyer_login, buyer_role, bid_amount, bid_timestamp) VALUES (539, 629, 'buyer385', 'Buyer', 231.23, '2026-03-25 12:45:58');
INSERT INTO bid (bid_id, auction_id, buyer_login, buyer_role, bid_amount, bid_timestamp) VALUES (540, 681, 'buyer249', 'Buyer', 421.60, '2026-04-15 11:02:58');
INSERT INTO bid (bid_id, auction_id, buyer_login, buyer_role, bid_amount, bid_timestamp) VALUES (541, 577, 'buyer202', 'Buyer', 316.45, '2026-05-10 23:43:58');
INSERT INTO bid (bid_id, auction_id, buyer_login, buyer_role, bid_amount, bid_timestamp) VALUES (542, 689, 'buyer91', 'Buyer', 174.35, '2026-04-11 23:54:58');
INSERT INTO bid (bid_id, auction_id, buyer_login, buyer_role, bid_amount, bid_timestamp) VALUES (543, 164, 'buyer86', 'Buyer', 171.48, '2026-04-22 10:38:58');
INSERT INTO bid (bid_id, auction_id, buyer_login, buyer_role, bid_amount, bid_timestamp) VALUES (544, 116, 'buyer76', 'Buyer', 266.13, '2026-03-07 22:27:58');
INSERT INTO bid (bid_id, auction_id, buyer_login, buyer_role, bid_amount, bid_timestamp) VALUES (545, 708, 'buyer332', 'Buyer', 466.31, '2026-05-01 08:47:58');
INSERT INTO bid (bid_id, auction_id, buyer_login, buyer_role, bid_amount, bid_timestamp) VALUES (546, 713, 'buyer56', 'Buyer', 288.49, '2026-03-12 20:46:58');
INSERT INTO bid (bid_id, auction_id, buyer_login, buyer_role, bid_amount, bid_timestamp) VALUES (547, 312, 'buyer341', 'Buyer', 539.70, '2026-04-11 01:30:58');
INSERT INTO bid (bid_id, auction_id, buyer_login, buyer_role, bid_amount, bid_timestamp) VALUES (548, 606, 'buyer16', 'Buyer', 557.18, '2026-04-18 01:49:58');
INSERT INTO bid (bid_id, auction_id, buyer_login, buyer_role, bid_amount, bid_timestamp) VALUES (549, 328, 'buyer69', 'Buyer', 520.97, '2026-03-24 00:09:58');
INSERT INTO bid (bid_id, auction_id, buyer_login, buyer_role, bid_amount, bid_timestamp) VALUES (550, 890, 'buyer121', 'Buyer', 460.97, '2026-04-11 02:57:58');
INSERT INTO bid (bid_id, auction_id, buyer_login, buyer_role, bid_amount, bid_timestamp) VALUES (551, 969, 'buyer399', 'Buyer', 803.50, '2026-03-08 17:51:58');
INSERT INTO bid (bid_id, auction_id, buyer_login, buyer_role, bid_amount, bid_timestamp) VALUES (552, 103, 'buyer106', 'Buyer', 490.45, '2026-05-22 20:55:58');
INSERT INTO bid (bid_id, auction_id, buyer_login, buyer_role, bid_amount, bid_timestamp) VALUES (553, 122, 'buyer42', 'Buyer', 315.58, '2026-03-03 04:13:58');
INSERT INTO bid (bid_id, auction_id, buyer_login, buyer_role, bid_amount, bid_timestamp) VALUES (554, 934, 'buyer139', 'Buyer', 94.93, '2026-04-14 09:13:58');
INSERT INTO bid (bid_id, auction_id, buyer_login, buyer_role, bid_amount, bid_timestamp) VALUES (555, 595, 'buyer300', 'Buyer', 90.88, '2026-05-10 18:14:58');
INSERT INTO bid (bid_id, auction_id, buyer_login, buyer_role, bid_amount, bid_timestamp) VALUES (556, 882, 'buyer302', 'Buyer', 149.98, '2026-03-26 02:07:58');
INSERT INTO bid (bid_id, auction_id, buyer_login, buyer_role, bid_amount, bid_timestamp) VALUES (557, 323, 'buyer18', 'Buyer', 213.14, '2026-04-17 01:26:58');
INSERT INTO bid (bid_id, auction_id, buyer_login, buyer_role, bid_amount, bid_timestamp) VALUES (558, 456, 'buyer180', 'Buyer', 814.28, '2026-04-17 21:04:58');
INSERT INTO bid (bid_id, auction_id, buyer_login, buyer_role, bid_amount, bid_timestamp) VALUES (559, 399, 'buyer73', 'Buyer', 380.16, '2026-03-20 09:21:58');
INSERT INTO bid (bid_id, auction_id, buyer_login, buyer_role, bid_amount, bid_timestamp) VALUES (560, 410, 'buyer182', 'Buyer', 216.87, '2026-05-17 06:43:58');
INSERT INTO bid (bid_id, auction_id, buyer_login, buyer_role, bid_amount, bid_timestamp) VALUES (561, 617, 'buyer169', 'Buyer', 491.26, '2026-03-22 06:50:58');
INSERT INTO bid (bid_id, auction_id, buyer_login, buyer_role, bid_amount, bid_timestamp) VALUES (562, 419, 'buyer382', 'Buyer', 516.98, '2026-05-06 10:22:58');
INSERT INTO bid (bid_id, auction_id, buyer_login, buyer_role, bid_amount, bid_timestamp) VALUES (563, 766, 'buyer359', 'Buyer', 177.19, '2026-04-29 02:59:58');
INSERT INTO bid (bid_id, auction_id, buyer_login, buyer_role, bid_amount, bid_timestamp) VALUES (564, 549, 'buyer362', 'Buyer', 319.48, '2026-04-27 17:56:58');
INSERT INTO bid (bid_id, auction_id, buyer_login, buyer_role, bid_amount, bid_timestamp) VALUES (565, 836, 'buyer168', 'Buyer', 232.51, '2026-04-10 15:57:58');
INSERT INTO bid (bid_id, auction_id, buyer_login, buyer_role, bid_amount, bid_timestamp) VALUES (566, 417, 'buyer93', 'Buyer', 522.22, '2026-05-20 09:53:58');
INSERT INTO bid (bid_id, auction_id, buyer_login, buyer_role, bid_amount, bid_timestamp) VALUES (567, 806, 'buyer68', 'Buyer', 169.82, '2026-04-07 03:12:58');
INSERT INTO bid (bid_id, auction_id, buyer_login, buyer_role, bid_amount, bid_timestamp) VALUES (568, 3, 'buyer301', 'Buyer', 694.70, '2026-03-05 12:56:58');
INSERT INTO bid (bid_id, auction_id, buyer_login, buyer_role, bid_amount, bid_timestamp) VALUES (569, 637, 'buyer357', 'Buyer', 426.61, '2026-04-20 18:52:58');
INSERT INTO bid (bid_id, auction_id, buyer_login, buyer_role, bid_amount, bid_timestamp) VALUES (570, 610, 'buyer99', 'Buyer', 82.63, '2026-05-19 20:32:58');
INSERT INTO bid (bid_id, auction_id, buyer_login, buyer_role, bid_amount, bid_timestamp) VALUES (571, 369, 'buyer297', 'Buyer', 563.40, '2026-03-11 03:15:58');
INSERT INTO bid (bid_id, auction_id, buyer_login, buyer_role, bid_amount, bid_timestamp) VALUES (572, 38, 'buyer289', 'Buyer', 181.51, '2026-03-27 16:56:58');
INSERT INTO bid (bid_id, auction_id, buyer_login, buyer_role, bid_amount, bid_timestamp) VALUES (573, 162, 'buyer310', 'Buyer', 196.73, '2026-03-29 11:59:58');
INSERT INTO bid (bid_id, auction_id, buyer_login, buyer_role, bid_amount, bid_timestamp) VALUES (574, 854, 'buyer266', 'Buyer', 403.32, '2026-03-20 18:31:58');
INSERT INTO bid (bid_id, auction_id, buyer_login, buyer_role, bid_amount, bid_timestamp) VALUES (575, 433, 'buyer288', 'Buyer', 439.00, '2026-04-07 12:17:58');
INSERT INTO bid (bid_id, auction_id, buyer_login, buyer_role, bid_amount, bid_timestamp) VALUES (576, 149, 'buyer389', 'Buyer', 287.20, '2026-04-22 19:30:58');
INSERT INTO bid (bid_id, auction_id, buyer_login, buyer_role, bid_amount, bid_timestamp) VALUES (577, 521, 'buyer105', 'Buyer', 98.44, '2026-04-17 12:27:58');
INSERT INTO bid (bid_id, auction_id, buyer_login, buyer_role, bid_amount, bid_timestamp) VALUES (578, 110, 'buyer16', 'Buyer', 237.94, '2026-03-15 10:52:58');
INSERT INTO bid (bid_id, auction_id, buyer_login, buyer_role, bid_amount, bid_timestamp) VALUES (579, 962, 'buyer156', 'Buyer', 16.86, '2026-02-27 17:08:58');
INSERT INTO bid (bid_id, auction_id, buyer_login, buyer_role, bid_amount, bid_timestamp) VALUES (580, 91, 'buyer41', 'Buyer', 525.60, '2026-04-30 09:19:58');
INSERT INTO bid (bid_id, auction_id, buyer_login, buyer_role, bid_amount, bid_timestamp) VALUES (581, 503, 'buyer113', 'Buyer', 360.39, '2026-03-03 18:13:58');
INSERT INTO bid (bid_id, auction_id, buyer_login, buyer_role, bid_amount, bid_timestamp) VALUES (582, 799, 'buyer266', 'Buyer', 363.66, '2026-04-27 15:12:58');
INSERT INTO bid (bid_id, auction_id, buyer_login, buyer_role, bid_amount, bid_timestamp) VALUES (583, 678, 'buyer309', 'Buyer', 373.43, '2026-03-31 20:59:58');
INSERT INTO bid (bid_id, auction_id, buyer_login, buyer_role, bid_amount, bid_timestamp) VALUES (584, 77, 'buyer139', 'Buyer', 464.84, '2026-05-20 20:26:58');
INSERT INTO bid (bid_id, auction_id, buyer_login, buyer_role, bid_amount, bid_timestamp) VALUES (585, 479, 'buyer332', 'Buyer', 467.53, '2026-03-19 05:32:58');
INSERT INTO bid (bid_id, auction_id, buyer_login, buyer_role, bid_amount, bid_timestamp) VALUES (586, 649, 'buyer282', 'Buyer', 95.12, '2026-04-19 22:55:58');
INSERT INTO bid (bid_id, auction_id, buyer_login, buyer_role, bid_amount, bid_timestamp) VALUES (587, 194, 'buyer347', 'Buyer', 317.58, '2026-05-01 21:35:58');
INSERT INTO bid (bid_id, auction_id, buyer_login, buyer_role, bid_amount, bid_timestamp) VALUES (588, 866, 'buyer84', 'Buyer', 497.70, '2026-04-07 05:28:58');
INSERT INTO bid (bid_id, auction_id, buyer_login, buyer_role, bid_amount, bid_timestamp) VALUES (589, 831, 'buyer375', 'Buyer', 310.04, '2026-03-31 05:18:58');
INSERT INTO bid (bid_id, auction_id, buyer_login, buyer_role, bid_amount, bid_timestamp) VALUES (590, 854, 'buyer368', 'Buyer', 347.77, '2026-04-12 03:36:58');
INSERT INTO bid (bid_id, auction_id, buyer_login, buyer_role, bid_amount, bid_timestamp) VALUES (591, 139, 'buyer10', 'Buyer', 114.54, '2026-04-04 16:19:58');
INSERT INTO bid (bid_id, auction_id, buyer_login, buyer_role, bid_amount, bid_timestamp) VALUES (592, 295, 'buyer155', 'Buyer', 123.66, '2026-04-29 11:41:58');
INSERT INTO bid (bid_id, auction_id, buyer_login, buyer_role, bid_amount, bid_timestamp) VALUES (593, 242, 'buyer222', 'Buyer', 184.93, '2026-05-01 23:29:58');
INSERT INTO bid (bid_id, auction_id, buyer_login, buyer_role, bid_amount, bid_timestamp) VALUES (594, 915, 'buyer67', 'Buyer', 756.89, '2026-05-20 11:18:58');
INSERT INTO bid (bid_id, auction_id, buyer_login, buyer_role, bid_amount, bid_timestamp) VALUES (595, 546, 'buyer322', 'Buyer', 552.21, '2026-03-01 00:21:58');
INSERT INTO bid (bid_id, auction_id, buyer_login, buyer_role, bid_amount, bid_timestamp) VALUES (596, 556, 'buyer6', 'Buyer', 132.33, '2026-04-26 16:33:58');
INSERT INTO bid (bid_id, auction_id, buyer_login, buyer_role, bid_amount, bid_timestamp) VALUES (597, 96, 'buyer343', 'Buyer', 220.52, '2026-05-25 05:25:58');
INSERT INTO bid (bid_id, auction_id, buyer_login, buyer_role, bid_amount, bid_timestamp) VALUES (598, 739, 'buyer194', 'Buyer', 341.29, '2026-04-04 17:08:58');
INSERT INTO bid (bid_id, auction_id, buyer_login, buyer_role, bid_amount, bid_timestamp) VALUES (599, 927, 'buyer220', 'Buyer', 382.39, '2026-03-16 08:25:58');
INSERT INTO bid (bid_id, auction_id, buyer_login, buyer_role, bid_amount, bid_timestamp) VALUES (600, 135, 'buyer375', 'Buyer', 494.92, '2026-04-09 04:39:58');
INSERT INTO bid (bid_id, auction_id, buyer_login, buyer_role, bid_amount, bid_timestamp) VALUES (601, 948, 'buyer189', 'Buyer', 726.67, '2026-03-08 06:06:58');
INSERT INTO bid (bid_id, auction_id, buyer_login, buyer_role, bid_amount, bid_timestamp) VALUES (602, 619, 'buyer66', 'Buyer', 288.92, '2026-04-21 04:32:58');
INSERT INTO bid (bid_id, auction_id, buyer_login, buyer_role, bid_amount, bid_timestamp) VALUES (603, 710, 'buyer279', 'Buyer', 240.48, '2026-03-29 06:32:58');
INSERT INTO bid (bid_id, auction_id, buyer_login, buyer_role, bid_amount, bid_timestamp) VALUES (604, 937, 'buyer13', 'Buyer', 433.29, '2026-03-10 00:13:58');
INSERT INTO bid (bid_id, auction_id, buyer_login, buyer_role, bid_amount, bid_timestamp) VALUES (605, 734, 'buyer222', 'Buyer', 351.90, '2026-04-07 14:32:58');
INSERT INTO bid (bid_id, auction_id, buyer_login, buyer_role, bid_amount, bid_timestamp) VALUES (606, 924, 'buyer366', 'Buyer', 299.85, '2026-04-30 06:17:58');
INSERT INTO bid (bid_id, auction_id, buyer_login, buyer_role, bid_amount, bid_timestamp) VALUES (607, 772, 'buyer224', 'Buyer', 186.39, '2026-05-11 03:07:58');
INSERT INTO bid (bid_id, auction_id, buyer_login, buyer_role, bid_amount, bid_timestamp) VALUES (608, 340, 'buyer155', 'Buyer', 567.10, '2026-05-05 10:35:58');
INSERT INTO bid (bid_id, auction_id, buyer_login, buyer_role, bid_amount, bid_timestamp) VALUES (609, 853, 'buyer8', 'Buyer', 379.11, '2026-03-14 18:19:58');
INSERT INTO bid (bid_id, auction_id, buyer_login, buyer_role, bid_amount, bid_timestamp) VALUES (610, 549, 'buyer362', 'Buyer', 263.14, '2026-03-15 21:27:58');
INSERT INTO bid (bid_id, auction_id, buyer_login, buyer_role, bid_amount, bid_timestamp) VALUES (611, 937, 'buyer341', 'Buyer', 400.78, '2026-03-28 02:36:58');
INSERT INTO bid (bid_id, auction_id, buyer_login, buyer_role, bid_amount, bid_timestamp) VALUES (612, 66, 'buyer17', 'Buyer', 337.44, '2026-03-21 23:18:58');
INSERT INTO bid (bid_id, auction_id, buyer_login, buyer_role, bid_amount, bid_timestamp) VALUES (613, 162, 'buyer310', 'Buyer', 238.82, '2026-02-24 14:13:58');
INSERT INTO bid (bid_id, auction_id, buyer_login, buyer_role, bid_amount, bid_timestamp) VALUES (614, 321, 'buyer20', 'Buyer', 576.73, '2026-05-23 09:31:58');
INSERT INTO bid (bid_id, auction_id, buyer_login, buyer_role, bid_amount, bid_timestamp) VALUES (615, 944, 'buyer127', 'Buyer', 171.70, '2026-05-25 11:57:58');
INSERT INTO bid (bid_id, auction_id, buyer_login, buyer_role, bid_amount, bid_timestamp) VALUES (616, 37, 'buyer131', 'Buyer', 306.34, '2026-04-25 12:20:58');
INSERT INTO bid (bid_id, auction_id, buyer_login, buyer_role, bid_amount, bid_timestamp) VALUES (617, 358, 'buyer160', 'Buyer', 165.78, '2026-05-13 22:52:58');
INSERT INTO bid (bid_id, auction_id, buyer_login, buyer_role, bid_amount, bid_timestamp) VALUES (618, 547, 'buyer79', 'Buyer', 281.07, '2026-04-27 19:09:58');
INSERT INTO bid (bid_id, auction_id, buyer_login, buyer_role, bid_amount, bid_timestamp) VALUES (619, 236, 'buyer139', 'Buyer', 258.95, '2026-03-09 01:38:58');
INSERT INTO bid (bid_id, auction_id, buyer_login, buyer_role, bid_amount, bid_timestamp) VALUES (620, 181, 'buyer342', 'Buyer', 144.14, '2026-03-30 11:51:58');
INSERT INTO bid (bid_id, auction_id, buyer_login, buyer_role, bid_amount, bid_timestamp) VALUES (621, 688, 'buyer21', 'Buyer', 85.35, '2026-03-04 09:45:58');
INSERT INTO bid (bid_id, auction_id, buyer_login, buyer_role, bid_amount, bid_timestamp) VALUES (622, 830, 'buyer389', 'Buyer', 167.94, '2026-02-25 16:53:58');
INSERT INTO bid (bid_id, auction_id, buyer_login, buyer_role, bid_amount, bid_timestamp) VALUES (623, 942, 'buyer71', 'Buyer', 492.91, '2026-03-03 23:56:58');
INSERT INTO bid (bid_id, auction_id, buyer_login, buyer_role, bid_amount, bid_timestamp) VALUES (624, 345, 'buyer322', 'Buyer', 719.85, '2026-03-28 17:14:58');
INSERT INTO bid (bid_id, auction_id, buyer_login, buyer_role, bid_amount, bid_timestamp) VALUES (625, 618, 'buyer191', 'Buyer', 312.00, '2026-04-28 09:24:58');
INSERT INTO bid (bid_id, auction_id, buyer_login, buyer_role, bid_amount, bid_timestamp) VALUES (626, 708, 'buyer332', 'Buyer', 373.40, '2026-03-14 09:15:58');
INSERT INTO bid (bid_id, auction_id, buyer_login, buyer_role, bid_amount, bid_timestamp) VALUES (627, 270, 'buyer186', 'Buyer', 526.15, '2026-03-29 07:31:58');
INSERT INTO bid (bid_id, auction_id, buyer_login, buyer_role, bid_amount, bid_timestamp) VALUES (628, 919, 'buyer192', 'Buyer', 531.63, '2026-05-12 19:34:58');
INSERT INTO bid (bid_id, auction_id, buyer_login, buyer_role, bid_amount, bid_timestamp) VALUES (629, 529, 'buyer380', 'Buyer', 427.48, '2026-05-04 13:12:58');
INSERT INTO bid (bid_id, auction_id, buyer_login, buyer_role, bid_amount, bid_timestamp) VALUES (630, 247, 'buyer136', 'Buyer', 334.73, '2026-03-02 11:11:58');
INSERT INTO bid (bid_id, auction_id, buyer_login, buyer_role, bid_amount, bid_timestamp) VALUES (631, 430, 'buyer167', 'Buyer', 230.78, '2026-05-04 02:30:58');
INSERT INTO bid (bid_id, auction_id, buyer_login, buyer_role, bid_amount, bid_timestamp) VALUES (632, 239, 'buyer389', 'Buyer', 437.19, '2026-03-24 19:18:58');
INSERT INTO bid (bid_id, auction_id, buyer_login, buyer_role, bid_amount, bid_timestamp) VALUES (633, 19, 'buyer337', 'Buyer', 347.93, '2026-03-28 12:57:58');
INSERT INTO bid (bid_id, auction_id, buyer_login, buyer_role, bid_amount, bid_timestamp) VALUES (634, 816, 'buyer221', 'Buyer', 320.14, '2026-05-19 07:21:58');
INSERT INTO bid (bid_id, auction_id, buyer_login, buyer_role, bid_amount, bid_timestamp) VALUES (635, 289, 'buyer231', 'Buyer', 509.94, '2026-03-31 07:06:58');
INSERT INTO bid (bid_id, auction_id, buyer_login, buyer_role, bid_amount, bid_timestamp) VALUES (636, 739, 'buyer163', 'Buyer', 340.23, '2026-05-03 22:14:58');
INSERT INTO bid (bid_id, auction_id, buyer_login, buyer_role, bid_amount, bid_timestamp) VALUES (637, 364, 'buyer1', 'Buyer', 210.19, '2026-05-10 17:25:58');
INSERT INTO bid (bid_id, auction_id, buyer_login, buyer_role, bid_amount, bid_timestamp) VALUES (638, 985, 'buyer163', 'Buyer', 347.50, '2026-04-20 21:37:58');
INSERT INTO bid (bid_id, auction_id, buyer_login, buyer_role, bid_amount, bid_timestamp) VALUES (639, 722, 'buyer284', 'Buyer', 155.16, '2026-02-27 23:47:58');
INSERT INTO bid (bid_id, auction_id, buyer_login, buyer_role, bid_amount, bid_timestamp) VALUES (640, 278, 'buyer43', 'Buyer', 206.47, '2026-02-27 15:01:58');
INSERT INTO bid (bid_id, auction_id, buyer_login, buyer_role, bid_amount, bid_timestamp) VALUES (641, 441, 'buyer113', 'Buyer', 408.44, '2026-03-26 02:21:58');
INSERT INTO bid (bid_id, auction_id, buyer_login, buyer_role, bid_amount, bid_timestamp) VALUES (642, 171, 'buyer148', 'Buyer', 374.25, '2026-03-22 08:39:58');
INSERT INTO bid (bid_id, auction_id, buyer_login, buyer_role, bid_amount, bid_timestamp) VALUES (643, 887, 'buyer131', 'Buyer', 113.51, '2026-04-30 21:48:58');
INSERT INTO bid (bid_id, auction_id, buyer_login, buyer_role, bid_amount, bid_timestamp) VALUES (644, 630, 'buyer80', 'Buyer', 598.63, '2026-03-13 19:03:58');
INSERT INTO bid (bid_id, auction_id, buyer_login, buyer_role, bid_amount, bid_timestamp) VALUES (645, 418, 'buyer102', 'Buyer', 460.94, '2026-05-01 08:56:58');
INSERT INTO bid (bid_id, auction_id, buyer_login, buyer_role, bid_amount, bid_timestamp) VALUES (646, 340, 'buyer228', 'Buyer', 528.20, '2026-03-08 08:42:58');
INSERT INTO bid (bid_id, auction_id, buyer_login, buyer_role, bid_amount, bid_timestamp) VALUES (647, 331, 'buyer297', 'Buyer', 130.33, '2026-05-09 21:40:58');
INSERT INTO bid (bid_id, auction_id, buyer_login, buyer_role, bid_amount, bid_timestamp) VALUES (648, 891, 'buyer157', 'Buyer', 415.42, '2026-03-16 03:45:58');
INSERT INTO bid (bid_id, auction_id, buyer_login, buyer_role, bid_amount, bid_timestamp) VALUES (649, 834, 'buyer101', 'Buyer', 441.39, '2026-04-06 22:02:58');
INSERT INTO bid (bid_id, auction_id, buyer_login, buyer_role, bid_amount, bid_timestamp) VALUES (650, 1000, 'buyer102', 'Buyer', 43.23, '2026-05-14 05:15:58');
INSERT INTO bid (bid_id, auction_id, buyer_login, buyer_role, bid_amount, bid_timestamp) VALUES (651, 423, 'buyer370', 'Buyer', 501.59, '2026-03-12 07:10:58');
INSERT INTO bid (bid_id, auction_id, buyer_login, buyer_role, bid_amount, bid_timestamp) VALUES (652, 105, 'buyer8', 'Buyer', 308.87, '2026-05-05 14:30:58');
INSERT INTO bid (bid_id, auction_id, buyer_login, buyer_role, bid_amount, bid_timestamp) VALUES (653, 727, 'buyer369', 'Buyer', 230.88, '2026-03-21 20:00:58');
INSERT INTO bid (bid_id, auction_id, buyer_login, buyer_role, bid_amount, bid_timestamp) VALUES (654, 503, 'buyer6', 'Buyer', 390.52, '2026-05-16 05:11:58');
INSERT INTO bid (bid_id, auction_id, buyer_login, buyer_role, bid_amount, bid_timestamp) VALUES (655, 603, 'buyer117', 'Buyer', 407.51, '2026-03-24 05:10:58');
INSERT INTO bid (bid_id, auction_id, buyer_login, buyer_role, bid_amount, bid_timestamp) VALUES (656, 49, 'buyer138', 'Buyer', 93.74, '2026-03-12 07:27:58');
INSERT INTO bid (bid_id, auction_id, buyer_login, buyer_role, bid_amount, bid_timestamp) VALUES (657, 682, 'buyer5', 'Buyer', 122.16, '2026-05-13 20:15:58');
INSERT INTO bid (bid_id, auction_id, buyer_login, buyer_role, bid_amount, bid_timestamp) VALUES (658, 176, 'buyer364', 'Buyer', 198.38, '2026-05-10 22:45:58');
INSERT INTO bid (bid_id, auction_id, buyer_login, buyer_role, bid_amount, bid_timestamp) VALUES (659, 688, 'buyer329', 'Buyer', 114.04, '2026-05-17 04:35:58');
INSERT INTO bid (bid_id, auction_id, buyer_login, buyer_role, bid_amount, bid_timestamp) VALUES (660, 521, 'buyer112', 'Buyer', 65.96, '2026-03-01 21:07:58');
INSERT INTO bid (bid_id, auction_id, buyer_login, buyer_role, bid_amount, bid_timestamp) VALUES (661, 455, 'buyer242', 'Buyer', 587.57, '2026-04-24 09:54:58');
INSERT INTO bid (bid_id, auction_id, buyer_login, buyer_role, bid_amount, bid_timestamp) VALUES (662, 307, 'buyer266', 'Buyer', 353.48, '2026-03-06 05:42:58');
INSERT INTO bid (bid_id, auction_id, buyer_login, buyer_role, bid_amount, bid_timestamp) VALUES (663, 912, 'buyer381', 'Buyer', 505.63, '2026-04-04 01:06:58');
INSERT INTO bid (bid_id, auction_id, buyer_login, buyer_role, bid_amount, bid_timestamp) VALUES (664, 529, 'buyer108', 'Buyer', 464.32, '2026-05-03 20:16:58');
INSERT INTO bid (bid_id, auction_id, buyer_login, buyer_role, bid_amount, bid_timestamp) VALUES (665, 193, 'buyer186', 'Buyer', 379.29, '2026-03-08 00:22:58');
INSERT INTO bid (bid_id, auction_id, buyer_login, buyer_role, bid_amount, bid_timestamp) VALUES (666, 475, 'buyer219', 'Buyer', 538.32, '2026-05-14 23:32:58');
INSERT INTO bid (bid_id, auction_id, buyer_login, buyer_role, bid_amount, bid_timestamp) VALUES (667, 31, 'buyer295', 'Buyer', 355.45, '2026-05-14 06:27:58');
INSERT INTO bid (bid_id, auction_id, buyer_login, buyer_role, bid_amount, bid_timestamp) VALUES (668, 423, 'buyer370', 'Buyer', 571.62, '2026-03-12 06:25:58');
INSERT INTO bid (bid_id, auction_id, buyer_login, buyer_role, bid_amount, bid_timestamp) VALUES (669, 610, 'buyer244', 'Buyer', 21.60, '2026-03-06 05:52:58');
INSERT INTO bid (bid_id, auction_id, buyer_login, buyer_role, bid_amount, bid_timestamp) VALUES (670, 563, 'buyer52', 'Buyer', 398.87, '2026-05-23 19:04:58');
INSERT INTO bid (bid_id, auction_id, buyer_login, buyer_role, bid_amount, bid_timestamp) VALUES (671, 825, 'buyer389', 'Buyer', 610.59, '2026-04-18 16:48:58');
INSERT INTO bid (bid_id, auction_id, buyer_login, buyer_role, bid_amount, bid_timestamp) VALUES (672, 210, 'buyer211', 'Buyer', 318.50, '2026-04-12 21:12:58');
INSERT INTO bid (bid_id, auction_id, buyer_login, buyer_role, bid_amount, bid_timestamp) VALUES (673, 512, 'buyer271', 'Buyer', 450.18, '2026-04-10 07:08:58');
INSERT INTO bid (bid_id, auction_id, buyer_login, buyer_role, bid_amount, bid_timestamp) VALUES (674, 490, 'buyer61', 'Buyer', 538.13, '2026-04-05 08:25:58');
INSERT INTO bid (bid_id, auction_id, buyer_login, buyer_role, bid_amount, bid_timestamp) VALUES (675, 645, 'buyer313', 'Buyer', 358.14, '2026-03-18 01:29:58');
INSERT INTO bid (bid_id, auction_id, buyer_login, buyer_role, bid_amount, bid_timestamp) VALUES (676, 548, 'buyer284', 'Buyer', 435.43, '2026-05-24 04:24:58');
INSERT INTO bid (bid_id, auction_id, buyer_login, buyer_role, bid_amount, bid_timestamp) VALUES (677, 337, 'buyer38', 'Buyer', 264.49, '2026-03-04 07:46:58');
INSERT INTO bid (bid_id, auction_id, buyer_login, buyer_role, bid_amount, bid_timestamp) VALUES (678, 272, 'buyer324', 'Buyer', 106.99, '2026-04-04 19:33:58');
INSERT INTO bid (bid_id, auction_id, buyer_login, buyer_role, bid_amount, bid_timestamp) VALUES (679, 786, 'buyer100', 'Buyer', 153.91, '2026-05-08 01:57:58');
INSERT INTO bid (bid_id, auction_id, buyer_login, buyer_role, bid_amount, bid_timestamp) VALUES (680, 962, 'buyer386', 'Buyer', 64.67, '2026-05-19 09:59:58');
INSERT INTO bid (bid_id, auction_id, buyer_login, buyer_role, bid_amount, bid_timestamp) VALUES (681, 335, 'buyer10', 'Buyer', 318.93, '2026-03-30 03:26:58');
INSERT INTO bid (bid_id, auction_id, buyer_login, buyer_role, bid_amount, bid_timestamp) VALUES (682, 336, 'buyer309', 'Buyer', 425.55, '2026-03-17 13:56:58');
INSERT INTO bid (bid_id, auction_id, buyer_login, buyer_role, bid_amount, bid_timestamp) VALUES (683, 126, 'buyer188', 'Buyer', 499.11, '2026-03-04 20:11:58');
INSERT INTO bid (bid_id, auction_id, buyer_login, buyer_role, bid_amount, bid_timestamp) VALUES (684, 416, 'buyer268', 'Buyer', 451.62, '2026-04-16 12:44:58');
INSERT INTO bid (bid_id, auction_id, buyer_login, buyer_role, bid_amount, bid_timestamp) VALUES (685, 172, 'buyer372', 'Buyer', 206.39, '2026-05-05 17:55:58');
INSERT INTO bid (bid_id, auction_id, buyer_login, buyer_role, bid_amount, bid_timestamp) VALUES (686, 448, 'buyer74', 'Buyer', 358.37, '2026-05-22 00:34:58');
INSERT INTO bid (bid_id, auction_id, buyer_login, buyer_role, bid_amount, bid_timestamp) VALUES (687, 714, 'buyer123', 'Buyer', 331.57, '2026-05-17 21:30:58');
INSERT INTO bid (bid_id, auction_id, buyer_login, buyer_role, bid_amount, bid_timestamp) VALUES (688, 566, 'buyer47', 'Buyer', 309.96, '2026-04-09 01:13:58');
INSERT INTO bid (bid_id, auction_id, buyer_login, buyer_role, bid_amount, bid_timestamp) VALUES (689, 633, 'buyer286', 'Buyer', 257.99, '2026-04-17 03:11:58');
INSERT INTO bid (bid_id, auction_id, buyer_login, buyer_role, bid_amount, bid_timestamp) VALUES (690, 449, 'buyer204', 'Buyer', 266.28, '2026-03-02 06:59:58');
INSERT INTO bid (bid_id, auction_id, buyer_login, buyer_role, bid_amount, bid_timestamp) VALUES (691, 490, 'buyer300', 'Buyer', 488.98, '2026-04-21 19:34:58');
INSERT INTO bid (bid_id, auction_id, buyer_login, buyer_role, bid_amount, bid_timestamp) VALUES (692, 293, 'buyer319', 'Buyer', 423.31, '2026-03-06 00:27:58');
INSERT INTO bid (bid_id, auction_id, buyer_login, buyer_role, bid_amount, bid_timestamp) VALUES (693, 588, 'buyer367', 'Buyer', 375.34, '2026-04-15 05:22:58');
INSERT INTO bid (bid_id, auction_id, buyer_login, buyer_role, bid_amount, bid_timestamp) VALUES (694, 67, 'buyer221', 'Buyer', 150.43, '2026-03-02 03:45:58');
INSERT INTO bid (bid_id, auction_id, buyer_login, buyer_role, bid_amount, bid_timestamp) VALUES (695, 173, 'buyer119', 'Buyer', 472.35, '2026-02-26 11:38:58');
INSERT INTO bid (bid_id, auction_id, buyer_login, buyer_role, bid_amount, bid_timestamp) VALUES (696, 451, 'buyer394', 'Buyer', 419.22, '2026-04-15 06:37:58');
INSERT INTO bid (bid_id, auction_id, buyer_login, buyer_role, bid_amount, bid_timestamp) VALUES (697, 971, 'buyer180', 'Buyer', 432.09, '2026-04-26 17:25:58');
INSERT INTO bid (bid_id, auction_id, buyer_login, buyer_role, bid_amount, bid_timestamp) VALUES (698, 890, 'buyer308', 'Buyer', 491.39, '2026-05-12 13:12:58');
INSERT INTO bid (bid_id, auction_id, buyer_login, buyer_role, bid_amount, bid_timestamp) VALUES (699, 105, 'buyer8', 'Buyer', 285.42, '2026-04-07 16:58:58');
INSERT INTO bid (bid_id, auction_id, buyer_login, buyer_role, bid_amount, bid_timestamp) VALUES (700, 124, 'buyer189', 'Buyer', 321.42, '2026-05-15 12:04:58');
INSERT INTO bid (bid_id, auction_id, buyer_login, buyer_role, bid_amount, bid_timestamp) VALUES (701, 351, 'buyer254', 'Buyer', 387.83, '2026-03-04 11:47:58');
INSERT INTO bid (bid_id, auction_id, buyer_login, buyer_role, bid_amount, bid_timestamp) VALUES (702, 60, 'buyer303', 'Buyer', 437.07, '2026-05-04 08:01:58');
INSERT INTO bid (bid_id, auction_id, buyer_login, buyer_role, bid_amount, bid_timestamp) VALUES (703, 106, 'buyer25', 'Buyer', 367.36, '2026-03-10 09:15:58');
INSERT INTO bid (bid_id, auction_id, buyer_login, buyer_role, bid_amount, bid_timestamp) VALUES (704, 972, 'buyer66', 'Buyer', 457.58, '2026-04-08 02:38:58');
INSERT INTO bid (bid_id, auction_id, buyer_login, buyer_role, bid_amount, bid_timestamp) VALUES (705, 802, 'buyer54', 'Buyer', 113.66, '2026-03-01 05:16:58');
INSERT INTO bid (bid_id, auction_id, buyer_login, buyer_role, bid_amount, bid_timestamp) VALUES (706, 324, 'buyer392', 'Buyer', 413.74, '2026-04-19 10:05:58');
INSERT INTO bid (bid_id, auction_id, buyer_login, buyer_role, bid_amount, bid_timestamp) VALUES (707, 918, 'buyer58', 'Buyer', 570.76, '2026-04-18 19:01:58');
INSERT INTO bid (bid_id, auction_id, buyer_login, buyer_role, bid_amount, bid_timestamp) VALUES (708, 949, 'buyer258', 'Buyer', 47.28, '2026-04-02 06:00:58');
INSERT INTO bid (bid_id, auction_id, buyer_login, buyer_role, bid_amount, bid_timestamp) VALUES (709, 224, 'buyer317', 'Buyer', 240.31, '2026-04-29 04:43:58');
INSERT INTO bid (bid_id, auction_id, buyer_login, buyer_role, bid_amount, bid_timestamp) VALUES (710, 429, 'buyer312', 'Buyer', 559.07, '2026-03-16 15:48:58');
INSERT INTO bid (bid_id, auction_id, buyer_login, buyer_role, bid_amount, bid_timestamp) VALUES (711, 738, 'buyer19', 'Buyer', 776.09, '2026-05-25 17:05:58');
INSERT INTO bid (bid_id, auction_id, buyer_login, buyer_role, bid_amount, bid_timestamp) VALUES (712, 449, 'buyer268', 'Buyer', 304.13, '2026-04-21 00:27:58');
INSERT INTO bid (bid_id, auction_id, buyer_login, buyer_role, bid_amount, bid_timestamp) VALUES (713, 593, 'buyer55', 'Buyer', 485.71, '2026-04-03 11:08:58');
INSERT INTO bid (bid_id, auction_id, buyer_login, buyer_role, bid_amount, bid_timestamp) VALUES (714, 621, 'buyer280', 'Buyer', 744.11, '2026-04-16 18:00:58');
INSERT INTO bid (bid_id, auction_id, buyer_login, buyer_role, bid_amount, bid_timestamp) VALUES (715, 877, 'buyer366', 'Buyer', 239.59, '2026-03-01 11:36:58');
INSERT INTO bid (bid_id, auction_id, buyer_login, buyer_role, bid_amount, bid_timestamp) VALUES (716, 903, 'buyer186', 'Buyer', 634.25, '2026-03-10 13:41:58');
INSERT INTO bid (bid_id, auction_id, buyer_login, buyer_role, bid_amount, bid_timestamp) VALUES (717, 204, 'buyer249', 'Buyer', 747.65, '2026-03-01 12:40:58');
INSERT INTO bid (bid_id, auction_id, buyer_login, buyer_role, bid_amount, bid_timestamp) VALUES (718, 66, 'buyer17', 'Buyer', 322.93, '2026-03-20 16:01:58');
INSERT INTO bid (bid_id, auction_id, buyer_login, buyer_role, bid_amount, bid_timestamp) VALUES (719, 897, 'buyer398', 'Buyer', 448.84, '2026-05-09 03:58:58');
INSERT INTO bid (bid_id, auction_id, buyer_login, buyer_role, bid_amount, bid_timestamp) VALUES (720, 535, 'buyer391', 'Buyer', 485.55, '2026-03-19 05:21:58');
INSERT INTO bid (bid_id, auction_id, buyer_login, buyer_role, bid_amount, bid_timestamp) VALUES (721, 744, 'buyer148', 'Buyer', 337.20, '2026-02-25 01:45:58');
INSERT INTO bid (bid_id, auction_id, buyer_login, buyer_role, bid_amount, bid_timestamp) VALUES (722, 543, 'buyer201', 'Buyer', 683.63, '2026-04-06 05:13:58');
INSERT INTO bid (bid_id, auction_id, buyer_login, buyer_role, bid_amount, bid_timestamp) VALUES (723, 253, 'buyer273', 'Buyer', 190.90, '2026-04-20 06:24:58');
INSERT INTO bid (bid_id, auction_id, buyer_login, buyer_role, bid_amount, bid_timestamp) VALUES (724, 155, 'buyer330', 'Buyer', 269.08, '2026-05-21 20:25:58');
INSERT INTO bid (bid_id, auction_id, buyer_login, buyer_role, bid_amount, bid_timestamp) VALUES (725, 985, 'buyer141', 'Buyer', 354.15, '2026-05-04 05:06:58');
INSERT INTO bid (bid_id, auction_id, buyer_login, buyer_role, bid_amount, bid_timestamp) VALUES (726, 343, 'buyer18', 'Buyer', 392.68, '2026-05-18 18:43:58');
INSERT INTO bid (bid_id, auction_id, buyer_login, buyer_role, bid_amount, bid_timestamp) VALUES (727, 188, 'buyer126', 'Buyer', 501.75, '2026-04-09 13:41:58');
INSERT INTO bid (bid_id, auction_id, buyer_login, buyer_role, bid_amount, bid_timestamp) VALUES (728, 412, 'buyer253', 'Buyer', 530.78, '2026-03-06 20:32:58');
INSERT INTO bid (bid_id, auction_id, buyer_login, buyer_role, bid_amount, bid_timestamp) VALUES (729, 504, 'buyer172', 'Buyer', 767.10, '2026-04-19 04:24:58');
INSERT INTO bid (bid_id, auction_id, buyer_login, buyer_role, bid_amount, bid_timestamp) VALUES (730, 145, 'buyer54', 'Buyer', 456.83, '2026-04-12 14:02:58');
INSERT INTO bid (bid_id, auction_id, buyer_login, buyer_role, bid_amount, bid_timestamp) VALUES (731, 994, 'buyer392', 'Buyer', 175.10, '2026-05-04 03:04:58');
INSERT INTO bid (bid_id, auction_id, buyer_login, buyer_role, bid_amount, bid_timestamp) VALUES (732, 303, 'buyer97', 'Buyer', 545.24, '2026-05-22 07:16:58');
INSERT INTO bid (bid_id, auction_id, buyer_login, buyer_role, bid_amount, bid_timestamp) VALUES (733, 310, 'buyer219', 'Buyer', 305.83, '2026-05-25 09:40:58');
INSERT INTO bid (bid_id, auction_id, buyer_login, buyer_role, bid_amount, bid_timestamp) VALUES (734, 537, 'buyer98', 'Buyer', 711.91, '2026-03-10 00:00:58');
INSERT INTO bid (bid_id, auction_id, buyer_login, buyer_role, bid_amount, bid_timestamp) VALUES (735, 545, 'buyer11', 'Buyer', 518.86, '2026-04-20 07:43:58');
INSERT INTO bid (bid_id, auction_id, buyer_login, buyer_role, bid_amount, bid_timestamp) VALUES (736, 794, 'buyer395', 'Buyer', 282.55, '2026-03-25 20:55:58');
INSERT INTO bid (bid_id, auction_id, buyer_login, buyer_role, bid_amount, bid_timestamp) VALUES (737, 617, 'buyer185', 'Buyer', 499.45, '2026-04-13 17:01:58');
INSERT INTO bid (bid_id, auction_id, buyer_login, buyer_role, bid_amount, bid_timestamp) VALUES (738, 131, 'buyer367', 'Buyer', 338.40, '2026-05-12 13:33:58');
INSERT INTO bid (bid_id, auction_id, buyer_login, buyer_role, bid_amount, bid_timestamp) VALUES (739, 545, 'buyer175', 'Buyer', 525.71, '2026-05-08 16:09:58');
INSERT INTO bid (bid_id, auction_id, buyer_login, buyer_role, bid_amount, bid_timestamp) VALUES (740, 590, 'buyer173', 'Buyer', 227.76, '2026-05-14 09:56:58');
INSERT INTO bid (bid_id, auction_id, buyer_login, buyer_role, bid_amount, bid_timestamp) VALUES (741, 998, 'buyer154', 'Buyer', 90.97, '2026-04-12 10:43:58');
INSERT INTO bid (bid_id, auction_id, buyer_login, buyer_role, bid_amount, bid_timestamp) VALUES (742, 988, 'buyer296', 'Buyer', 179.15, '2026-05-07 19:23:58');
INSERT INTO bid (bid_id, auction_id, buyer_login, buyer_role, bid_amount, bid_timestamp) VALUES (743, 961, 'buyer167', 'Buyer', 473.90, '2026-04-19 23:34:58');
INSERT INTO bid (bid_id, auction_id, buyer_login, buyer_role, bid_amount, bid_timestamp) VALUES (744, 683, 'buyer353', 'Buyer', 555.37, '2026-04-03 15:17:58');
INSERT INTO bid (bid_id, auction_id, buyer_login, buyer_role, bid_amount, bid_timestamp) VALUES (745, 480, 'buyer227', 'Buyer', 543.87, '2026-04-05 05:39:58');
INSERT INTO bid (bid_id, auction_id, buyer_login, buyer_role, bid_amount, bid_timestamp) VALUES (746, 323, 'buyer42', 'Buyer', 212.50, '2026-03-25 01:17:58');
INSERT INTO bid (bid_id, auction_id, buyer_login, buyer_role, bid_amount, bid_timestamp) VALUES (747, 56, 'buyer341', 'Buyer', 536.62, '2026-04-14 08:42:58');
INSERT INTO bid (bid_id, auction_id, buyer_login, buyer_role, bid_amount, bid_timestamp) VALUES (748, 914, 'buyer38', 'Buyer', 500.98, '2026-04-09 01:16:58');
INSERT INTO bid (bid_id, auction_id, buyer_login, buyer_role, bid_amount, bid_timestamp) VALUES (749, 313, 'buyer240', 'Buyer', 450.79, '2026-02-26 03:52:58');
INSERT INTO bid (bid_id, auction_id, buyer_login, buyer_role, bid_amount, bid_timestamp) VALUES (750, 368, 'buyer114', 'Buyer', 171.24, '2026-04-22 01:17:58');
INSERT INTO bid (bid_id, auction_id, buyer_login, buyer_role, bid_amount, bid_timestamp) VALUES (751, 407, 'buyer169', 'Buyer', 82.18, '2026-03-18 23:06:58');
INSERT INTO bid (bid_id, auction_id, buyer_login, buyer_role, bid_amount, bid_timestamp) VALUES (752, 966, 'buyer88', 'Buyer', 454.54, '2026-03-19 01:43:58');
INSERT INTO bid (bid_id, auction_id, buyer_login, buyer_role, bid_amount, bid_timestamp) VALUES (753, 136, 'buyer380', 'Buyer', 331.51, '2026-05-10 13:35:58');
INSERT INTO bid (bid_id, auction_id, buyer_login, buyer_role, bid_amount, bid_timestamp) VALUES (754, 976, 'buyer338', 'Buyer', 257.64, '2026-03-11 22:31:58');
INSERT INTO bid (bid_id, auction_id, buyer_login, buyer_role, bid_amount, bid_timestamp) VALUES (755, 651, 'buyer184', 'Buyer', 756.88, '2026-05-24 01:59:58');
INSERT INTO bid (bid_id, auction_id, buyer_login, buyer_role, bid_amount, bid_timestamp) VALUES (756, 827, 'buyer107', 'Buyer', 173.85, '2026-04-17 13:34:58');
INSERT INTO bid (bid_id, auction_id, buyer_login, buyer_role, bid_amount, bid_timestamp) VALUES (757, 699, 'buyer91', 'Buyer', 536.60, '2026-05-01 09:00:58');
INSERT INTO bid (bid_id, auction_id, buyer_login, buyer_role, bid_amount, bid_timestamp) VALUES (758, 279, 'buyer240', 'Buyer', 548.21, '2026-04-02 18:16:58');
INSERT INTO bid (bid_id, auction_id, buyer_login, buyer_role, bid_amount, bid_timestamp) VALUES (759, 496, 'buyer36', 'Buyer', 462.44, '2026-05-11 20:09:58');
INSERT INTO bid (bid_id, auction_id, buyer_login, buyer_role, bid_amount, bid_timestamp) VALUES (760, 622, 'buyer202', 'Buyer', 564.10, '2026-03-02 11:23:58');
INSERT INTO bid (bid_id, auction_id, buyer_login, buyer_role, bid_amount, bid_timestamp) VALUES (761, 728, 'buyer362', 'Buyer', 372.52, '2026-05-04 08:45:58');
INSERT INTO bid (bid_id, auction_id, buyer_login, buyer_role, bid_amount, bid_timestamp) VALUES (762, 489, 'buyer227', 'Buyer', 480.76, '2026-04-21 09:10:58');
INSERT INTO bid (bid_id, auction_id, buyer_login, buyer_role, bid_amount, bid_timestamp) VALUES (763, 112, 'buyer392', 'Buyer', 419.43, '2026-04-25 09:34:58');
INSERT INTO bid (bid_id, auction_id, buyer_login, buyer_role, bid_amount, bid_timestamp) VALUES (764, 668, 'buyer308', 'Buyer', 358.69, '2026-03-01 03:42:58');
INSERT INTO bid (bid_id, auction_id, buyer_login, buyer_role, bid_amount, bid_timestamp) VALUES (765, 249, 'buyer260', 'Buyer', 539.72, '2026-04-24 06:26:58');
INSERT INTO bid (bid_id, auction_id, buyer_login, buyer_role, bid_amount, bid_timestamp) VALUES (766, 854, 'buyer274', 'Buyer', 388.11, '2026-05-17 04:26:58');
INSERT INTO bid (bid_id, auction_id, buyer_login, buyer_role, bid_amount, bid_timestamp) VALUES (767, 467, 'buyer362', 'Buyer', 282.07, '2026-03-27 08:55:58');
INSERT INTO bid (bid_id, auction_id, buyer_login, buyer_role, bid_amount, bid_timestamp) VALUES (768, 333, 'buyer320', 'Buyer', 582.42, '2026-03-31 02:37:58');
INSERT INTO bid (bid_id, auction_id, buyer_login, buyer_role, bid_amount, bid_timestamp) VALUES (769, 880, 'buyer362', 'Buyer', 369.86, '2026-05-10 02:24:58');
INSERT INTO bid (bid_id, auction_id, buyer_login, buyer_role, bid_amount, bid_timestamp) VALUES (770, 534, 'buyer330', 'Buyer', 567.40, '2026-03-29 00:49:58');
INSERT INTO bid (bid_id, auction_id, buyer_login, buyer_role, bid_amount, bid_timestamp) VALUES (771, 76, 'buyer29', 'Buyer', 155.14, '2026-04-28 01:37:58');
INSERT INTO bid (bid_id, auction_id, buyer_login, buyer_role, bid_amount, bid_timestamp) VALUES (772, 555, 'buyer305', 'Buyer', 480.71, '2026-05-14 05:16:58');
INSERT INTO bid (bid_id, auction_id, buyer_login, buyer_role, bid_amount, bid_timestamp) VALUES (773, 518, 'buyer51', 'Buyer', 180.72, '2026-04-07 16:42:58');
INSERT INTO bid (bid_id, auction_id, buyer_login, buyer_role, bid_amount, bid_timestamp) VALUES (774, 273, 'buyer357', 'Buyer', 655.29, '2026-02-25 00:52:58');
INSERT INTO bid (bid_id, auction_id, buyer_login, buyer_role, bid_amount, bid_timestamp) VALUES (775, 518, 'buyer155', 'Buyer', 258.40, '2026-04-23 02:26:58');
INSERT INTO bid (bid_id, auction_id, buyer_login, buyer_role, bid_amount, bid_timestamp) VALUES (776, 119, 'buyer164', 'Buyer', 188.75, '2026-05-13 06:20:58');
INSERT INTO bid (bid_id, auction_id, buyer_login, buyer_role, bid_amount, bid_timestamp) VALUES (777, 81, 'buyer205', 'Buyer', 441.68, '2026-05-10 04:05:58');
INSERT INTO bid (bid_id, auction_id, buyer_login, buyer_role, bid_amount, bid_timestamp) VALUES (778, 195, 'buyer384', 'Buyer', 393.32, '2026-02-26 19:10:58');
INSERT INTO bid (bid_id, auction_id, buyer_login, buyer_role, bid_amount, bid_timestamp) VALUES (779, 262, 'buyer299', 'Buyer', 561.09, '2026-03-08 02:38:58');
INSERT INTO bid (bid_id, auction_id, buyer_login, buyer_role, bid_amount, bid_timestamp) VALUES (780, 496, 'buyer306', 'Buyer', 474.43, '2026-05-06 19:19:58');
INSERT INTO bid (bid_id, auction_id, buyer_login, buyer_role, bid_amount, bid_timestamp) VALUES (781, 592, 'buyer158', 'Buyer', 54.13, '2026-05-13 17:11:58');
INSERT INTO bid (bid_id, auction_id, buyer_login, buyer_role, bid_amount, bid_timestamp) VALUES (782, 86, 'buyer59', 'Buyer', 541.86, '2026-03-07 20:32:58');
INSERT INTO bid (bid_id, auction_id, buyer_login, buyer_role, bid_amount, bid_timestamp) VALUES (783, 700, 'buyer361', 'Buyer', 101.95, '2026-02-26 14:16:58');
INSERT INTO bid (bid_id, auction_id, buyer_login, buyer_role, bid_amount, bid_timestamp) VALUES (784, 338, 'buyer312', 'Buyer', 273.60, '2026-03-17 02:22:58');
INSERT INTO bid (bid_id, auction_id, buyer_login, buyer_role, bid_amount, bid_timestamp) VALUES (785, 213, 'buyer354', 'Buyer', 561.19, '2026-05-13 05:31:58');
INSERT INTO bid (bid_id, auction_id, buyer_login, buyer_role, bid_amount, bid_timestamp) VALUES (786, 566, 'buyer112', 'Buyer', 341.52, '2026-05-03 04:17:58');
INSERT INTO bid (bid_id, auction_id, buyer_login, buyer_role, bid_amount, bid_timestamp) VALUES (787, 188, 'buyer141', 'Buyer', 558.58, '2026-04-06 19:37:58');
INSERT INTO bid (bid_id, auction_id, buyer_login, buyer_role, bid_amount, bid_timestamp) VALUES (788, 252, 'buyer135', 'Buyer', 406.76, '2026-04-13 11:48:58');
INSERT INTO bid (bid_id, auction_id, buyer_login, buyer_role, bid_amount, bid_timestamp) VALUES (789, 431, 'buyer220', 'Buyer', 462.87, '2026-04-02 14:01:58');
INSERT INTO bid (bid_id, auction_id, buyer_login, buyer_role, bid_amount, bid_timestamp) VALUES (790, 636, 'buyer366', 'Buyer', 205.30, '2026-05-16 22:48:58');
INSERT INTO bid (bid_id, auction_id, buyer_login, buyer_role, bid_amount, bid_timestamp) VALUES (791, 238, 'buyer286', 'Buyer', 244.80, '2026-02-28 07:23:58');
INSERT INTO bid (bid_id, auction_id, buyer_login, buyer_role, bid_amount, bid_timestamp) VALUES (792, 281, 'buyer299', 'Buyer', 453.98, '2026-04-01 23:10:58');
INSERT INTO bid (bid_id, auction_id, buyer_login, buyer_role, bid_amount, bid_timestamp) VALUES (793, 151, 'buyer244', 'Buyer', 470.95, '2026-05-06 07:08:58');
INSERT INTO bid (bid_id, auction_id, buyer_login, buyer_role, bid_amount, bid_timestamp) VALUES (794, 661, 'buyer266', 'Buyer', 189.67, '2026-03-21 05:22:58');
INSERT INTO bid (bid_id, auction_id, buyer_login, buyer_role, bid_amount, bid_timestamp) VALUES (795, 863, 'buyer330', 'Buyer', 358.95, '2026-03-03 13:31:58');
INSERT INTO bid (bid_id, auction_id, buyer_login, buyer_role, bid_amount, bid_timestamp) VALUES (796, 221, 'buyer283', 'Buyer', 374.71, '2026-03-28 12:50:58');
INSERT INTO bid (bid_id, auction_id, buyer_login, buyer_role, bid_amount, bid_timestamp) VALUES (797, 320, 'buyer175', 'Buyer', 287.54, '2026-05-24 22:36:58');
INSERT INTO bid (bid_id, auction_id, buyer_login, buyer_role, bid_amount, bid_timestamp) VALUES (798, 993, 'buyer86', 'Buyer', 469.46, '2026-03-21 01:40:58');
INSERT INTO bid (bid_id, auction_id, buyer_login, buyer_role, bid_amount, bid_timestamp) VALUES (799, 987, 'buyer359', 'Buyer', 643.23, '2026-04-14 04:10:58');
INSERT INTO bid (bid_id, auction_id, buyer_login, buyer_role, bid_amount, bid_timestamp) VALUES (800, 98, 'buyer57', 'Buyer', 264.85, '2026-05-10 19:05:58');
INSERT INTO bid (bid_id, auction_id, buyer_login, buyer_role, bid_amount, bid_timestamp) VALUES (801, 754, 'buyer220', 'Buyer', 98.15, '2026-05-20 04:40:58');
INSERT INTO bid (bid_id, auction_id, buyer_login, buyer_role, bid_amount, bid_timestamp) VALUES (802, 399, 'buyer73', 'Buyer', 391.39, '2026-05-01 03:53:58');
INSERT INTO bid (bid_id, auction_id, buyer_login, buyer_role, bid_amount, bid_timestamp) VALUES (803, 552, 'buyer364', 'Buyer', 256.23, '2026-04-29 01:04:58');
INSERT INTO bid (bid_id, auction_id, buyer_login, buyer_role, bid_amount, bid_timestamp) VALUES (804, 315, 'buyer369', 'Buyer', 640.47, '2026-05-16 20:09:58');
INSERT INTO bid (bid_id, auction_id, buyer_login, buyer_role, bid_amount, bid_timestamp) VALUES (805, 331, 'buyer115', 'Buyer', 188.58, '2026-03-18 20:48:58');
INSERT INTO bid (bid_id, auction_id, buyer_login, buyer_role, bid_amount, bid_timestamp) VALUES (806, 582, 'buyer114', 'Buyer', 568.24, '2026-03-10 10:03:58');
INSERT INTO bid (bid_id, auction_id, buyer_login, buyer_role, bid_amount, bid_timestamp) VALUES (807, 980, 'buyer179', 'Buyer', 515.26, '2026-04-10 20:55:58');
INSERT INTO bid (bid_id, auction_id, buyer_login, buyer_role, bid_amount, bid_timestamp) VALUES (808, 263, 'buyer167', 'Buyer', 369.41, '2026-05-08 10:30:58');
INSERT INTO bid (bid_id, auction_id, buyer_login, buyer_role, bid_amount, bid_timestamp) VALUES (809, 784, 'buyer352', 'Buyer', 302.40, '2026-02-26 04:29:58');
INSERT INTO bid (bid_id, auction_id, buyer_login, buyer_role, bid_amount, bid_timestamp) VALUES (810, 978, 'buyer5', 'Buyer', 347.14, '2026-04-12 21:43:58');
INSERT INTO bid (bid_id, auction_id, buyer_login, buyer_role, bid_amount, bid_timestamp) VALUES (811, 619, 'buyer116', 'Buyer', 214.01, '2026-05-15 17:45:58');
INSERT INTO bid (bid_id, auction_id, buyer_login, buyer_role, bid_amount, bid_timestamp) VALUES (812, 797, 'buyer161', 'Buyer', 290.00, '2026-03-03 16:21:58');
INSERT INTO bid (bid_id, auction_id, buyer_login, buyer_role, bid_amount, bid_timestamp) VALUES (813, 211, 'buyer303', 'Buyer', 352.33, '2026-03-01 04:51:58');
INSERT INTO bid (bid_id, auction_id, buyer_login, buyer_role, bid_amount, bid_timestamp) VALUES (814, 419, 'buyer186', 'Buyer', 462.65, '2026-04-02 08:33:58');
INSERT INTO bid (bid_id, auction_id, buyer_login, buyer_role, bid_amount, bid_timestamp) VALUES (815, 181, 'buyer103', 'Buyer', 182.94, '2026-03-20 12:54:58');
INSERT INTO bid (bid_id, auction_id, buyer_login, buyer_role, bid_amount, bid_timestamp) VALUES (816, 568, 'buyer379', 'Buyer', 363.63, '2026-04-29 17:33:58');
INSERT INTO bid (bid_id, auction_id, buyer_login, buyer_role, bid_amount, bid_timestamp) VALUES (817, 894, 'buyer16', 'Buyer', 203.18, '2026-03-26 19:11:58');
INSERT INTO bid (bid_id, auction_id, buyer_login, buyer_role, bid_amount, bid_timestamp) VALUES (818, 342, 'buyer233', 'Buyer', 399.69, '2026-04-10 01:02:58');
INSERT INTO bid (bid_id, auction_id, buyer_login, buyer_role, bid_amount, bid_timestamp) VALUES (819, 527, 'buyer367', 'Buyer', 376.09, '2026-05-16 04:44:58');
INSERT INTO bid (bid_id, auction_id, buyer_login, buyer_role, bid_amount, bid_timestamp) VALUES (820, 223, 'buyer250', 'Buyer', 395.22, '2026-03-20 18:13:58');
INSERT INTO bid (bid_id, auction_id, buyer_login, buyer_role, bid_amount, bid_timestamp) VALUES (821, 841, 'buyer291', 'Buyer', 494.60, '2026-04-13 05:15:58');
INSERT INTO bid (bid_id, auction_id, buyer_login, buyer_role, bid_amount, bid_timestamp) VALUES (822, 88, 'buyer211', 'Buyer', 271.07, '2026-03-23 13:34:58');
INSERT INTO bid (bid_id, auction_id, buyer_login, buyer_role, bid_amount, bid_timestamp) VALUES (823, 526, 'buyer48', 'Buyer', 339.83, '2026-05-01 20:16:58');
INSERT INTO bid (bid_id, auction_id, buyer_login, buyer_role, bid_amount, bid_timestamp) VALUES (824, 894, 'buyer16', 'Buyer', 216.68, '2026-05-03 17:09:58');
INSERT INTO bid (bid_id, auction_id, buyer_login, buyer_role, bid_amount, bid_timestamp) VALUES (825, 708, 'buyer332', 'Buyer', 427.34, '2026-03-22 07:55:58');
INSERT INTO bid (bid_id, auction_id, buyer_login, buyer_role, bid_amount, bid_timestamp) VALUES (826, 258, 'buyer90', 'Buyer', 463.04, '2026-04-03 05:58:58');
INSERT INTO bid (bid_id, auction_id, buyer_login, buyer_role, bid_amount, bid_timestamp) VALUES (827, 681, 'buyer249', 'Buyer', 418.95, '2026-03-26 21:05:58');
INSERT INTO bid (bid_id, auction_id, buyer_login, buyer_role, bid_amount, bid_timestamp) VALUES (828, 470, 'buyer135', 'Buyer', 156.49, '2026-04-06 01:25:58');
INSERT INTO bid (bid_id, auction_id, buyer_login, buyer_role, bid_amount, bid_timestamp) VALUES (829, 238, 'buyer194', 'Buyer', 217.28, '2026-04-23 02:23:58');
INSERT INTO bid (bid_id, auction_id, buyer_login, buyer_role, bid_amount, bid_timestamp) VALUES (830, 730, 'buyer126', 'Buyer', 375.19, '2026-05-14 05:44:58');
INSERT INTO bid (bid_id, auction_id, buyer_login, buyer_role, bid_amount, bid_timestamp) VALUES (831, 881, 'buyer98', 'Buyer', 228.89, '2026-03-06 21:40:58');
INSERT INTO bid (bid_id, auction_id, buyer_login, buyer_role, bid_amount, bid_timestamp) VALUES (832, 434, 'buyer280', 'Buyer', 467.80, '2026-04-26 04:48:58');
INSERT INTO bid (bid_id, auction_id, buyer_login, buyer_role, bid_amount, bid_timestamp) VALUES (833, 289, 'buyer190', 'Buyer', 548.56, '2026-04-25 08:15:58');
INSERT INTO bid (bid_id, auction_id, buyer_login, buyer_role, bid_amount, bid_timestamp) VALUES (834, 841, 'buyer332', 'Buyer', 446.09, '2026-02-26 14:35:58');
INSERT INTO bid (bid_id, auction_id, buyer_login, buyer_role, bid_amount, bid_timestamp) VALUES (835, 791, 'buyer194', 'Buyer', 116.08, '2026-03-13 07:55:58');
INSERT INTO bid (bid_id, auction_id, buyer_login, buyer_role, bid_amount, bid_timestamp) VALUES (836, 74, 'buyer18', 'Buyer', 142.18, '2026-04-23 06:54:58');
INSERT INTO bid (bid_id, auction_id, buyer_login, buyer_role, bid_amount, bid_timestamp) VALUES (837, 787, 'buyer209', 'Buyer', 366.49, '2026-04-09 00:34:58');
INSERT INTO bid (bid_id, auction_id, buyer_login, buyer_role, bid_amount, bid_timestamp) VALUES (838, 747, 'buyer19', 'Buyer', 379.26, '2026-05-17 10:11:58');
INSERT INTO bid (bid_id, auction_id, buyer_login, buyer_role, bid_amount, bid_timestamp) VALUES (839, 797, 'buyer245', 'Buyer', 287.97, '2026-05-13 14:36:58');
INSERT INTO bid (bid_id, auction_id, buyer_login, buyer_role, bid_amount, bid_timestamp) VALUES (840, 845, 'buyer42', 'Buyer', 185.21, '2026-03-30 11:16:58');
INSERT INTO bid (bid_id, auction_id, buyer_login, buyer_role, bid_amount, bid_timestamp) VALUES (841, 942, 'buyer71', 'Buyer', 518.00, '2026-03-29 13:25:58');
INSERT INTO bid (bid_id, auction_id, buyer_login, buyer_role, bid_amount, bid_timestamp) VALUES (842, 295, 'buyer241', 'Buyer', 142.99, '2026-03-23 20:57:58');
INSERT INTO bid (bid_id, auction_id, buyer_login, buyer_role, bid_amount, bid_timestamp) VALUES (843, 974, 'buyer337', 'Buyer', 377.13, '2026-03-29 06:11:58');
INSERT INTO bid (bid_id, auction_id, buyer_login, buyer_role, bid_amount, bid_timestamp) VALUES (844, 734, 'buyer105', 'Buyer', 299.50, '2026-05-07 12:32:58');
INSERT INTO bid (bid_id, auction_id, buyer_login, buyer_role, bid_amount, bid_timestamp) VALUES (845, 630, 'buyer80', 'Buyer', 579.19, '2026-03-27 05:40:58');
INSERT INTO bid (bid_id, auction_id, buyer_login, buyer_role, bid_amount, bid_timestamp) VALUES (846, 405, 'buyer86', 'Buyer', 356.53, '2026-04-27 15:36:58');
INSERT INTO bid (bid_id, auction_id, buyer_login, buyer_role, bid_amount, bid_timestamp) VALUES (847, 180, 'buyer98', 'Buyer', 715.51, '2026-04-01 14:29:58');
INSERT INTO bid (bid_id, auction_id, buyer_login, buyer_role, bid_amount, bid_timestamp) VALUES (848, 587, 'buyer50', 'Buyer', 273.75, '2026-04-13 11:50:58');
INSERT INTO bid (bid_id, auction_id, buyer_login, buyer_role, bid_amount, bid_timestamp) VALUES (849, 634, 'buyer384', 'Buyer', 251.47, '2026-05-04 03:41:58');
INSERT INTO bid (bid_id, auction_id, buyer_login, buyer_role, bid_amount, bid_timestamp) VALUES (850, 267, 'buyer342', 'Buyer', 478.58, '2026-05-08 04:56:58');
INSERT INTO bid (bid_id, auction_id, buyer_login, buyer_role, bid_amount, bid_timestamp) VALUES (851, 739, 'buyer291', 'Buyer', 342.92, '2026-04-28 22:41:58');
INSERT INTO bid (bid_id, auction_id, buyer_login, buyer_role, bid_amount, bid_timestamp) VALUES (852, 129, 'buyer210', 'Buyer', 443.54, '2026-03-28 13:18:58');
INSERT INTO bid (bid_id, auction_id, buyer_login, buyer_role, bid_amount, bid_timestamp) VALUES (853, 7, 'buyer399', 'Buyer', 244.59, '2026-02-26 09:13:58');
INSERT INTO bid (bid_id, auction_id, buyer_login, buyer_role, bid_amount, bid_timestamp) VALUES (854, 243, 'buyer96', 'Buyer', 597.42, '2026-03-28 05:48:58');
INSERT INTO bid (bid_id, auction_id, buyer_login, buyer_role, bid_amount, bid_timestamp) VALUES (855, 521, 'buyer130', 'Buyer', 91.34, '2026-05-05 13:44:58');
INSERT INTO bid (bid_id, auction_id, buyer_login, buyer_role, bid_amount, bid_timestamp) VALUES (856, 736, 'buyer82', 'Buyer', 254.42, '2026-05-12 11:23:58');
INSERT INTO bid (bid_id, auction_id, buyer_login, buyer_role, bid_amount, bid_timestamp) VALUES (857, 415, 'buyer168', 'Buyer', 250.91, '2026-03-27 20:28:58');
INSERT INTO bid (bid_id, auction_id, buyer_login, buyer_role, bid_amount, bid_timestamp) VALUES (858, 162, 'buyer310', 'Buyer', 268.02, '2026-05-01 20:45:58');
INSERT INTO bid (bid_id, auction_id, buyer_login, buyer_role, bid_amount, bid_timestamp) VALUES (859, 386, 'buyer288', 'Buyer', 74.56, '2026-05-01 03:30:58');
INSERT INTO bid (bid_id, auction_id, buyer_login, buyer_role, bid_amount, bid_timestamp) VALUES (860, 662, 'buyer330', 'Buyer', 127.10, '2026-04-15 21:04:58');
INSERT INTO bid (bid_id, auction_id, buyer_login, buyer_role, bid_amount, bid_timestamp) VALUES (861, 282, 'buyer209', 'Buyer', 429.67, '2026-03-20 18:13:58');
INSERT INTO bid (bid_id, auction_id, buyer_login, buyer_role, bid_amount, bid_timestamp) VALUES (862, 257, 'buyer269', 'Buyer', 304.54, '2026-03-04 16:22:58');
INSERT INTO bid (bid_id, auction_id, buyer_login, buyer_role, bid_amount, bid_timestamp) VALUES (863, 405, 'buyer86', 'Buyer', 337.57, '2026-03-27 16:50:58');
INSERT INTO bid (bid_id, auction_id, buyer_login, buyer_role, bid_amount, bid_timestamp) VALUES (864, 757, 'buyer389', 'Buyer', 478.35, '2026-03-21 13:34:58');
INSERT INTO bid (bid_id, auction_id, buyer_login, buyer_role, bid_amount, bid_timestamp) VALUES (865, 676, 'buyer325', 'Buyer', 339.79, '2026-04-29 11:22:58');
INSERT INTO bid (bid_id, auction_id, buyer_login, buyer_role, bid_amount, bid_timestamp) VALUES (866, 415, 'buyer272', 'Buyer', 312.02, '2026-05-12 06:16:58');
INSERT INTO bid (bid_id, auction_id, buyer_login, buyer_role, bid_amount, bid_timestamp) VALUES (867, 263, 'buyer217', 'Buyer', 309.37, '2026-05-16 20:00:58');
INSERT INTO bid (bid_id, auction_id, buyer_login, buyer_role, bid_amount, bid_timestamp) VALUES (868, 702, 'buyer29', 'Buyer', 333.97, '2026-02-23 22:32:58');
INSERT INTO bid (bid_id, auction_id, buyer_login, buyer_role, bid_amount, bid_timestamp) VALUES (869, 88, 'buyer158', 'Buyer', 267.90, '2026-03-23 20:40:58');
INSERT INTO bid (bid_id, auction_id, buyer_login, buyer_role, bid_amount, bid_timestamp) VALUES (870, 521, 'buyer244', 'Buyer', 104.37, '2026-03-07 05:38:58');
INSERT INTO bid (bid_id, auction_id, buyer_login, buyer_role, bid_amount, bid_timestamp) VALUES (871, 358, 'buyer304', 'Buyer', 211.12, '2026-05-20 14:05:58');
INSERT INTO bid (bid_id, auction_id, buyer_login, buyer_role, bid_amount, bid_timestamp) VALUES (872, 975, 'buyer348', 'Buyer', 469.18, '2026-04-01 04:50:58');
INSERT INTO bid (bid_id, auction_id, buyer_login, buyer_role, bid_amount, bid_timestamp) VALUES (873, 797, 'buyer214', 'Buyer', 287.46, '2026-04-30 19:24:58');
INSERT INTO bid (bid_id, auction_id, buyer_login, buyer_role, bid_amount, bid_timestamp) VALUES (874, 317, 'buyer215', 'Buyer', 354.57, '2026-05-10 11:42:58');
INSERT INTO bid (bid_id, auction_id, buyer_login, buyer_role, bid_amount, bid_timestamp) VALUES (875, 488, 'buyer398', 'Buyer', 498.70, '2026-03-05 07:49:58');
INSERT INTO bid (bid_id, auction_id, buyer_login, buyer_role, bid_amount, bid_timestamp) VALUES (876, 663, 'buyer381', 'Buyer', 527.17, '2026-05-13 18:16:58');
INSERT INTO bid (bid_id, auction_id, buyer_login, buyer_role, bid_amount, bid_timestamp) VALUES (877, 656, 'buyer351', 'Buyer', 304.82, '2026-04-23 07:04:58');
INSERT INTO bid (bid_id, auction_id, buyer_login, buyer_role, bid_amount, bid_timestamp) VALUES (878, 185, 'buyer224', 'Buyer', 385.71, '2026-05-22 03:15:58');
INSERT INTO bid (bid_id, auction_id, buyer_login, buyer_role, bid_amount, bid_timestamp) VALUES (879, 713, 'buyer47', 'Buyer', 219.73, '2026-05-17 10:06:58');
INSERT INTO bid (bid_id, auction_id, buyer_login, buyer_role, bid_amount, bid_timestamp) VALUES (880, 731, 'buyer381', 'Buyer', 214.34, '2026-04-18 16:37:58');
INSERT INTO bid (bid_id, auction_id, buyer_login, buyer_role, bid_amount, bid_timestamp) VALUES (881, 122, 'buyer357', 'Buyer', 392.38, '2026-02-26 11:27:58');
INSERT INTO bid (bid_id, auction_id, buyer_login, buyer_role, bid_amount, bid_timestamp) VALUES (882, 47, 'buyer386', 'Buyer', 136.29, '2026-04-25 14:50:58');
INSERT INTO bid (bid_id, auction_id, buyer_login, buyer_role, bid_amount, bid_timestamp) VALUES (883, 865, 'buyer182', 'Buyer', 384.38, '2026-03-10 10:46:58');
INSERT INTO bid (bid_id, auction_id, buyer_login, buyer_role, bid_amount, bid_timestamp) VALUES (884, 336, 'buyer309', 'Buyer', 381.56, '2026-04-01 01:57:58');
INSERT INTO bid (bid_id, auction_id, buyer_login, buyer_role, bid_amount, bid_timestamp) VALUES (885, 10, 'buyer355', 'Buyer', 497.62, '2026-04-02 11:21:58');
INSERT INTO bid (bid_id, auction_id, buyer_login, buyer_role, bid_amount, bid_timestamp) VALUES (886, 80, 'buyer36', 'Buyer', 325.02, '2026-05-17 13:19:58');
INSERT INTO bid (bid_id, auction_id, buyer_login, buyer_role, bid_amount, bid_timestamp) VALUES (887, 508, 'buyer32', 'Buyer', 131.38, '2026-03-10 12:27:58');
INSERT INTO bid (bid_id, auction_id, buyer_login, buyer_role, bid_amount, bid_timestamp) VALUES (888, 203, 'buyer102', 'Buyer', 249.98, '2026-04-02 10:17:58');
INSERT INTO bid (bid_id, auction_id, buyer_login, buyer_role, bid_amount, bid_timestamp) VALUES (889, 619, 'buyer381', 'Buyer', 302.56, '2026-04-02 20:14:58');
INSERT INTO bid (bid_id, auction_id, buyer_login, buyer_role, bid_amount, bid_timestamp) VALUES (890, 698, 'buyer227', 'Buyer', 467.48, '2026-04-02 13:31:58');
INSERT INTO bid (bid_id, auction_id, buyer_login, buyer_role, bid_amount, bid_timestamp) VALUES (891, 249, 'buyer260', 'Buyer', 570.29, '2026-04-18 04:49:58');
INSERT INTO bid (bid_id, auction_id, buyer_login, buyer_role, bid_amount, bid_timestamp) VALUES (892, 78, 'buyer311', 'Buyer', 465.32, '2026-05-11 07:30:58');
INSERT INTO bid (bid_id, auction_id, buyer_login, buyer_role, bid_amount, bid_timestamp) VALUES (893, 444, 'buyer88', 'Buyer', 374.84, '2026-05-09 17:16:58');
INSERT INTO bid (bid_id, auction_id, buyer_login, buyer_role, bid_amount, bid_timestamp) VALUES (894, 370, 'buyer206', 'Buyer', 427.46, '2026-03-18 16:34:58');
INSERT INTO bid (bid_id, auction_id, buyer_login, buyer_role, bid_amount, bid_timestamp) VALUES (895, 178, 'buyer391', 'Buyer', 482.76, '2026-03-22 17:11:58');
INSERT INTO bid (bid_id, auction_id, buyer_login, buyer_role, bid_amount, bid_timestamp) VALUES (896, 907, 'buyer235', 'Buyer', 418.38, '2026-04-05 11:43:58');
INSERT INTO bid (bid_id, auction_id, buyer_login, buyer_role, bid_amount, bid_timestamp) VALUES (897, 287, 'buyer296', 'Buyer', 117.87, '2026-02-26 18:21:58');
INSERT INTO bid (bid_id, auction_id, buyer_login, buyer_role, bid_amount, bid_timestamp) VALUES (898, 527, 'buyer23', 'Buyer', 464.49, '2026-05-16 12:53:58');
INSERT INTO bid (bid_id, auction_id, buyer_login, buyer_role, bid_amount, bid_timestamp) VALUES (899, 898, 'buyer117', 'Buyer', 466.43, '2026-03-21 02:31:58');
INSERT INTO bid (bid_id, auction_id, buyer_login, buyer_role, bid_amount, bid_timestamp) VALUES (900, 973, 'buyer153', 'Buyer', 458.80, '2026-04-23 21:16:58');
INSERT INTO bid (bid_id, auction_id, buyer_login, buyer_role, bid_amount, bid_timestamp) VALUES (901, 424, 'buyer345', 'Buyer', 276.95, '2026-04-03 07:37:58');
INSERT INTO bid (bid_id, auction_id, buyer_login, buyer_role, bid_amount, bid_timestamp) VALUES (902, 675, 'buyer230', 'Buyer', 488.13, '2026-04-29 18:06:58');
INSERT INTO bid (bid_id, auction_id, buyer_login, buyer_role, bid_amount, bid_timestamp) VALUES (903, 912, 'buyer381', 'Buyer', 527.25, '2026-05-17 19:00:58');
INSERT INTO bid (bid_id, auction_id, buyer_login, buyer_role, bid_amount, bid_timestamp) VALUES (904, 201, 'buyer321', 'Buyer', 618.15, '2026-04-21 13:58:58');
INSERT INTO bid (bid_id, auction_id, buyer_login, buyer_role, bid_amount, bid_timestamp) VALUES (905, 464, 'buyer201', 'Buyer', 443.47, '2026-04-08 05:45:58');
INSERT INTO bid (bid_id, auction_id, buyer_login, buyer_role, bid_amount, bid_timestamp) VALUES (906, 185, 'buyer96', 'Buyer', 357.58, '2026-03-13 08:00:58');
INSERT INTO bid (bid_id, auction_id, buyer_login, buyer_role, bid_amount, bid_timestamp) VALUES (907, 347, 'buyer89', 'Buyer', 413.23, '2026-03-22 05:28:58');
INSERT INTO bid (bid_id, auction_id, buyer_login, buyer_role, bid_amount, bid_timestamp) VALUES (908, 70, 'buyer314', 'Buyer', 323.12, '2026-03-22 17:10:58');
INSERT INTO bid (bid_id, auction_id, buyer_login, buyer_role, bid_amount, bid_timestamp) VALUES (909, 574, 'buyer266', 'Buyer', 371.46, '2026-03-23 06:12:58');
INSERT INTO bid (bid_id, auction_id, buyer_login, buyer_role, bid_amount, bid_timestamp) VALUES (910, 16, 'buyer274', 'Buyer', 306.76, '2026-04-04 12:14:58');
INSERT INTO bid (bid_id, auction_id, buyer_login, buyer_role, bid_amount, bid_timestamp) VALUES (911, 576, 'buyer207', 'Buyer', 623.30, '2026-05-17 05:28:58');
INSERT INTO bid (bid_id, auction_id, buyer_login, buyer_role, bid_amount, bid_timestamp) VALUES (912, 931, 'buyer358', 'Buyer', 402.10, '2026-05-01 14:57:58');
INSERT INTO bid (bid_id, auction_id, buyer_login, buyer_role, bid_amount, bid_timestamp) VALUES (913, 310, 'buyer292', 'Buyer', 218.59, '2026-04-28 23:02:58');
INSERT INTO bid (bid_id, auction_id, buyer_login, buyer_role, bid_amount, bid_timestamp) VALUES (914, 251, 'buyer269', 'Buyer', 67.61, '2026-05-02 20:09:58');
INSERT INTO bid (bid_id, auction_id, buyer_login, buyer_role, bid_amount, bid_timestamp) VALUES (915, 440, 'buyer359', 'Buyer', 108.04, '2026-03-08 21:36:58');
INSERT INTO bid (bid_id, auction_id, buyer_login, buyer_role, bid_amount, bid_timestamp) VALUES (916, 526, 'buyer27', 'Buyer', 384.58, '2026-04-01 05:28:58');
INSERT INTO bid (bid_id, auction_id, buyer_login, buyer_role, bid_amount, bid_timestamp) VALUES (917, 685, 'buyer72', 'Buyer', 507.83, '2026-04-16 03:44:58');
INSERT INTO bid (bid_id, auction_id, buyer_login, buyer_role, bid_amount, bid_timestamp) VALUES (918, 455, 'buyer77', 'Buyer', 542.68, '2026-03-19 07:22:58');
INSERT INTO bid (bid_id, auction_id, buyer_login, buyer_role, bid_amount, bid_timestamp) VALUES (919, 31, 'buyer310', 'Buyer', 397.46, '2026-04-05 14:26:58');
INSERT INTO bid (bid_id, auction_id, buyer_login, buyer_role, bid_amount, bid_timestamp) VALUES (920, 274, 'buyer35', 'Buyer', 189.39, '2026-05-13 04:02:58');
INSERT INTO bid (bid_id, auction_id, buyer_login, buyer_role, bid_amount, bid_timestamp) VALUES (921, 337, 'buyer237', 'Buyer', 248.04, '2026-05-08 12:57:58');
INSERT INTO bid (bid_id, auction_id, buyer_login, buyer_role, bid_amount, bid_timestamp) VALUES (922, 566, 'buyer278', 'Buyer', 361.20, '2026-03-02 22:39:58');
INSERT INTO bid (bid_id, auction_id, buyer_login, buyer_role, bid_amount, bid_timestamp) VALUES (923, 785, 'buyer209', 'Buyer', 154.03, '2026-05-13 12:26:58');
INSERT INTO bid (bid_id, auction_id, buyer_login, buyer_role, bid_amount, bid_timestamp) VALUES (924, 145, 'buyer88', 'Buyer', 472.25, '2026-04-20 02:31:58');
INSERT INTO bid (bid_id, auction_id, buyer_login, buyer_role, bid_amount, bid_timestamp) VALUES (925, 248, 'buyer182', 'Buyer', 47.73, '2026-05-07 07:42:58');
INSERT INTO bid (bid_id, auction_id, buyer_login, buyer_role, bid_amount, bid_timestamp) VALUES (926, 848, 'buyer208', 'Buyer', 510.47, '2026-04-25 14:40:58');
INSERT INTO bid (bid_id, auction_id, buyer_login, buyer_role, bid_amount, bid_timestamp) VALUES (927, 441, 'buyer113', 'Buyer', 345.73, '2026-04-07 00:23:58');
INSERT INTO bid (bid_id, auction_id, buyer_login, buyer_role, bid_amount, bid_timestamp) VALUES (928, 997, 'buyer179', 'Buyer', 246.27, '2026-03-01 13:12:58');
INSERT INTO bid (bid_id, auction_id, buyer_login, buyer_role, bid_amount, bid_timestamp) VALUES (929, 785, 'buyer223', 'Buyer', 161.97, '2026-03-27 23:44:58');
INSERT INTO bid (bid_id, auction_id, buyer_login, buyer_role, bid_amount, bid_timestamp) VALUES (930, 370, 'buyer280', 'Buyer', 427.13, '2026-04-22 17:49:58');
INSERT INTO bid (bid_id, auction_id, buyer_login, buyer_role, bid_amount, bid_timestamp) VALUES (931, 609, 'buyer145', 'Buyer', 552.23, '2026-04-11 22:43:58');
INSERT INTO bid (bid_id, auction_id, buyer_login, buyer_role, bid_amount, bid_timestamp) VALUES (932, 426, 'buyer200', 'Buyer', 676.68, '2026-03-26 15:13:58');
INSERT INTO bid (bid_id, auction_id, buyer_login, buyer_role, bid_amount, bid_timestamp) VALUES (933, 821, 'buyer373', 'Buyer', 232.65, '2026-04-05 17:54:58');
INSERT INTO bid (bid_id, auction_id, buyer_login, buyer_role, bid_amount, bid_timestamp) VALUES (934, 741, 'buyer5', 'Buyer', 342.07, '2026-04-07 08:28:58');
INSERT INTO bid (bid_id, auction_id, buyer_login, buyer_role, bid_amount, bid_timestamp) VALUES (935, 745, 'buyer283', 'Buyer', 369.08, '2026-03-05 19:10:58');
INSERT INTO bid (bid_id, auction_id, buyer_login, buyer_role, bid_amount, bid_timestamp) VALUES (936, 657, 'buyer322', 'Buyer', 247.91, '2026-04-18 02:58:58');
INSERT INTO bid (bid_id, auction_id, buyer_login, buyer_role, bid_amount, bid_timestamp) VALUES (937, 776, 'buyer380', 'Buyer', 486.49, '2026-03-22 00:51:58');
INSERT INTO bid (bid_id, auction_id, buyer_login, buyer_role, bid_amount, bid_timestamp) VALUES (938, 245, 'buyer119', 'Buyer', 370.85, '2026-03-28 16:05:58');
INSERT INTO bid (bid_id, auction_id, buyer_login, buyer_role, bid_amount, bid_timestamp) VALUES (939, 190, 'buyer59', 'Buyer', 167.27, '2026-03-23 19:13:58');
INSERT INTO bid (bid_id, auction_id, buyer_login, buyer_role, bid_amount, bid_timestamp) VALUES (940, 876, 'buyer25', 'Buyer', 546.16, '2026-03-02 11:12:58');
INSERT INTO bid (bid_id, auction_id, buyer_login, buyer_role, bid_amount, bid_timestamp) VALUES (941, 539, 'buyer81', 'Buyer', 196.32, '2026-05-13 06:31:58');
INSERT INTO bid (bid_id, auction_id, buyer_login, buyer_role, bid_amount, bid_timestamp) VALUES (942, 931, 'buyer345', 'Buyer', 438.41, '2026-03-13 07:36:58');
INSERT INTO bid (bid_id, auction_id, buyer_login, buyer_role, bid_amount, bid_timestamp) VALUES (943, 163, 'buyer384', 'Buyer', 129.28, '2026-04-22 04:01:58');
INSERT INTO bid (bid_id, auction_id, buyer_login, buyer_role, bid_amount, bid_timestamp) VALUES (944, 618, 'buyer191', 'Buyer', 391.63, '2026-05-18 04:36:58');
INSERT INTO bid (bid_id, auction_id, buyer_login, buyer_role, bid_amount, bid_timestamp) VALUES (945, 310, 'buyer364', 'Buyer', 308.14, '2026-05-14 18:27:58');
INSERT INTO bid (bid_id, auction_id, buyer_login, buyer_role, bid_amount, bid_timestamp) VALUES (946, 145, 'buyer17', 'Buyer', 532.68, '2026-05-13 06:54:58');
INSERT INTO bid (bid_id, auction_id, buyer_login, buyer_role, bid_amount, bid_timestamp) VALUES (947, 196, 'buyer305', 'Buyer', 196.20, '2026-03-21 07:39:58');
INSERT INTO bid (bid_id, auction_id, buyer_login, buyer_role, bid_amount, bid_timestamp) VALUES (948, 785, 'buyer396', 'Buyer', 157.84, '2026-05-08 04:29:58');
INSERT INTO bid (bid_id, auction_id, buyer_login, buyer_role, bid_amount, bid_timestamp) VALUES (949, 239, 'buyer331', 'Buyer', 433.36, '2026-04-01 03:28:58');
INSERT INTO bid (bid_id, auction_id, buyer_login, buyer_role, bid_amount, bid_timestamp) VALUES (950, 78, 'buyer311', 'Buyer', 406.92, '2026-03-28 14:42:58');
INSERT INTO bid (bid_id, auction_id, buyer_login, buyer_role, bid_amount, bid_timestamp) VALUES (951, 57, 'buyer106', 'Buyer', 468.61, '2026-03-07 05:08:58');
INSERT INTO bid (bid_id, auction_id, buyer_login, buyer_role, bid_amount, bid_timestamp) VALUES (952, 302, 'buyer35', 'Buyer', 277.13, '2026-05-10 07:29:58');
INSERT INTO bid (bid_id, auction_id, buyer_login, buyer_role, bid_amount, bid_timestamp) VALUES (953, 4, 'buyer368', 'Buyer', 195.52, '2026-03-08 05:17:58');
INSERT INTO bid (bid_id, auction_id, buyer_login, buyer_role, bid_amount, bid_timestamp) VALUES (954, 62, 'buyer362', 'Buyer', 231.81, '2026-03-06 12:42:58');
INSERT INTO bid (bid_id, auction_id, buyer_login, buyer_role, bid_amount, bid_timestamp) VALUES (955, 959, 'buyer288', 'Buyer', 401.51, '2026-05-16 20:57:58');
INSERT INTO bid (bid_id, auction_id, buyer_login, buyer_role, bid_amount, bid_timestamp) VALUES (956, 3, 'buyer301', 'Buyer', 682.78, '2026-05-11 07:41:58');
INSERT INTO bid (bid_id, auction_id, buyer_login, buyer_role, bid_amount, bid_timestamp) VALUES (957, 742, 'buyer381', 'Buyer', 366.70, '2026-04-23 11:29:58');
INSERT INTO bid (bid_id, auction_id, buyer_login, buyer_role, bid_amount, bid_timestamp) VALUES (958, 9, 'buyer366', 'Buyer', 681.82, '2026-04-16 00:27:58');
INSERT INTO bid (bid_id, auction_id, buyer_login, buyer_role, bid_amount, bid_timestamp) VALUES (959, 441, 'buyer113', 'Buyer', 383.04, '2026-04-13 04:33:58');
INSERT INTO bid (bid_id, auction_id, buyer_login, buyer_role, bid_amount, bid_timestamp) VALUES (960, 390, 'buyer163', 'Buyer', 684.05, '2026-04-24 14:37:58');
INSERT INTO bid (bid_id, auction_id, buyer_login, buyer_role, bid_amount, bid_timestamp) VALUES (961, 600, 'buyer23', 'Buyer', 623.91, '2026-04-13 06:11:58');
INSERT INTO bid (bid_id, auction_id, buyer_login, buyer_role, bid_amount, bid_timestamp) VALUES (962, 501, 'buyer63', 'Buyer', 465.61, '2026-04-22 21:33:58');
INSERT INTO bid (bid_id, auction_id, buyer_login, buyer_role, bid_amount, bid_timestamp) VALUES (963, 205, 'buyer216', 'Buyer', 443.16, '2026-02-26 03:49:58');
INSERT INTO bid (bid_id, auction_id, buyer_login, buyer_role, bid_amount, bid_timestamp) VALUES (964, 731, 'buyer327', 'Buyer', 120.71, '2026-04-28 01:27:58');
INSERT INTO bid (bid_id, auction_id, buyer_login, buyer_role, bid_amount, bid_timestamp) VALUES (965, 226, 'buyer315', 'Buyer', 136.54, '2026-03-14 02:23:58');
INSERT INTO bid (bid_id, auction_id, buyer_login, buyer_role, bid_amount, bid_timestamp) VALUES (966, 690, 'buyer91', 'Buyer', 274.74, '2026-03-17 13:43:58');
INSERT INTO bid (bid_id, auction_id, buyer_login, buyer_role, bid_amount, bid_timestamp) VALUES (967, 157, 'buyer240', 'Buyer', 384.02, '2026-04-04 01:22:58');
INSERT INTO bid (bid_id, auction_id, buyer_login, buyer_role, bid_amount, bid_timestamp) VALUES (968, 614, 'buyer251', 'Buyer', 395.20, '2026-03-31 04:31:58');
INSERT INTO bid (bid_id, auction_id, buyer_login, buyer_role, bid_amount, bid_timestamp) VALUES (969, 751, 'buyer221', 'Buyer', 368.31, '2026-03-07 02:13:58');
INSERT INTO bid (bid_id, auction_id, buyer_login, buyer_role, bid_amount, bid_timestamp) VALUES (970, 95, 'buyer215', 'Buyer', 187.95, '2026-03-23 12:09:58');
INSERT INTO bid (bid_id, auction_id, buyer_login, buyer_role, bid_amount, bid_timestamp) VALUES (971, 909, 'buyer306', 'Buyer', 408.19, '2026-03-20 08:13:58');
INSERT INTO bid (bid_id, auction_id, buyer_login, buyer_role, bid_amount, bid_timestamp) VALUES (972, 406, 'buyer303', 'Buyer', 282.49, '2026-04-17 18:15:58');
INSERT INTO bid (bid_id, auction_id, buyer_login, buyer_role, bid_amount, bid_timestamp) VALUES (973, 32, 'buyer103', 'Buyer', 67.34, '2026-02-25 15:16:58');
INSERT INTO bid (bid_id, auction_id, buyer_login, buyer_role, bid_amount, bid_timestamp) VALUES (974, 715, 'buyer356', 'Buyer', 345.83, '2026-05-02 06:38:58');
INSERT INTO bid (bid_id, auction_id, buyer_login, buyer_role, bid_amount, bid_timestamp) VALUES (975, 102, 'buyer388', 'Buyer', 568.23, '2026-05-19 00:10:58');
INSERT INTO bid (bid_id, auction_id, buyer_login, buyer_role, bid_amount, bid_timestamp) VALUES (976, 526, 'buyer6', 'Buyer', 386.04, '2026-03-29 16:50:58');
INSERT INTO bid (bid_id, auction_id, buyer_login, buyer_role, bid_amount, bid_timestamp) VALUES (977, 91, 'buyer86', 'Buyer', 471.33, '2026-04-01 08:28:58');
INSERT INTO bid (bid_id, auction_id, buyer_login, buyer_role, bid_amount, bid_timestamp) VALUES (978, 982, 'buyer266', 'Buyer', 361.39, '2026-05-01 05:00:58');
INSERT INTO bid (bid_id, auction_id, buyer_login, buyer_role, bid_amount, bid_timestamp) VALUES (979, 796, 'buyer175', 'Buyer', 206.48, '2026-04-05 04:52:58');
INSERT INTO bid (bid_id, auction_id, buyer_login, buyer_role, bid_amount, bid_timestamp) VALUES (980, 151, 'buyer148', 'Buyer', 499.52, '2026-05-22 03:12:58');
INSERT INTO bid (bid_id, auction_id, buyer_login, buyer_role, bid_amount, bid_timestamp) VALUES (981, 546, 'buyer322', 'Buyer', 514.09, '2026-04-07 07:29:58');
INSERT INTO bid (bid_id, auction_id, buyer_login, buyer_role, bid_amount, bid_timestamp) VALUES (982, 534, 'buyer330', 'Buyer', 611.10, '2026-04-16 19:09:58');
INSERT INTO bid (bid_id, auction_id, buyer_login, buyer_role, bid_amount, bid_timestamp) VALUES (983, 457, 'buyer80', 'Buyer', 592.59, '2026-05-06 17:19:58');
INSERT INTO bid (bid_id, auction_id, buyer_login, buyer_role, bid_amount, bid_timestamp) VALUES (984, 22, 'buyer210', 'Buyer', 320.15, '2026-03-24 18:11:58');
INSERT INTO bid (bid_id, auction_id, buyer_login, buyer_role, bid_amount, bid_timestamp) VALUES (985, 234, 'buyer22', 'Buyer', 567.61, '2026-05-25 05:10:58');
INSERT INTO bid (bid_id, auction_id, buyer_login, buyer_role, bid_amount, bid_timestamp) VALUES (986, 726, 'buyer299', 'Buyer', 267.95, '2026-04-12 22:02:58');
INSERT INTO bid (bid_id, auction_id, buyer_login, buyer_role, bid_amount, bid_timestamp) VALUES (987, 371, 'buyer96', 'Buyer', 308.21, '2026-04-08 11:24:58');
INSERT INTO bid (bid_id, auction_id, buyer_login, buyer_role, bid_amount, bid_timestamp) VALUES (988, 534, 'buyer330', 'Buyer', 579.72, '2026-03-24 13:10:58');
INSERT INTO bid (bid_id, auction_id, buyer_login, buyer_role, bid_amount, bid_timestamp) VALUES (989, 809, 'buyer302', 'Buyer', 452.37, '2026-04-12 00:53:58');
INSERT INTO bid (bid_id, auction_id, buyer_login, buyer_role, bid_amount, bid_timestamp) VALUES (990, 432, 'buyer281', 'Buyer', 318.21, '2026-04-13 04:27:58');
INSERT INTO bid (bid_id, auction_id, buyer_login, buyer_role, bid_amount, bid_timestamp) VALUES (991, 589, 'buyer133', 'Buyer', 466.87, '2026-04-22 05:50:58');
INSERT INTO bid (bid_id, auction_id, buyer_login, buyer_role, bid_amount, bid_timestamp) VALUES (992, 12, 'buyer314', 'Buyer', 611.30, '2026-05-08 09:36:58');
INSERT INTO bid (bid_id, auction_id, buyer_login, buyer_role, bid_amount, bid_timestamp) VALUES (993, 895, 'buyer107', 'Buyer', 582.63, '2026-04-18 21:58:58');
INSERT INTO bid (bid_id, auction_id, buyer_login, buyer_role, bid_amount, bid_timestamp) VALUES (994, 936, 'buyer389', 'Buyer', 469.47, '2026-05-11 07:12:58');
INSERT INTO bid (bid_id, auction_id, buyer_login, buyer_role, bid_amount, bid_timestamp) VALUES (995, 371, 'buyer294', 'Buyer', 247.69, '2026-03-28 22:10:58');
INSERT INTO bid (bid_id, auction_id, buyer_login, buyer_role, bid_amount, bid_timestamp) VALUES (996, 321, 'buyer20', 'Buyer', 516.29, '2026-04-22 03:13:58');
INSERT INTO bid (bid_id, auction_id, buyer_login, buyer_role, bid_amount, bid_timestamp) VALUES (997, 68, 'buyer237', 'Buyer', 482.05, '2026-03-18 20:41:58');
INSERT INTO bid (bid_id, auction_id, buyer_login, buyer_role, bid_amount, bid_timestamp) VALUES (998, 356, 'buyer255', 'Buyer', 423.61, '2026-03-05 15:08:58');
INSERT INTO bid (bid_id, auction_id, buyer_login, buyer_role, bid_amount, bid_timestamp) VALUES (999, 169, 'buyer2', 'Buyer', 269.33, '2026-05-18 23:20:58');
INSERT INTO bid (bid_id, auction_id, buyer_login, buyer_role, bid_amount, bid_timestamp) VALUES (1000, 864, 'buyer393', 'Buyer', 462.55, '2026-04-05 22:51:58');

INSERT INTO payment (payment_id, auction_id, buyer_login, buyer_role, amount, payment_status) VALUES (1, 3, 'buyer301', 'Buyer', 623.23, 'Failed');
INSERT INTO shipment (shipment_id, auction_id, address, shipment_status, tracking_number) VALUES (1, 3, 'Shipping Address for buyer301', 'Shipped', 'TRACK000003');
INSERT INTO payment (payment_id, auction_id, buyer_login, buyer_role, amount, payment_status) VALUES (2, 6, 'buyer262', 'Buyer', 354.72, 'Pending');
INSERT INTO shipment (shipment_id, auction_id, address, shipment_status, tracking_number) VALUES (2, 6, 'Shipping Address for buyer262', 'Pending', NULL);
INSERT INTO payment (payment_id, auction_id, buyer_login, buyer_role, amount, payment_status) VALUES (3, 9, 'buyer366', 'Buyer', 617.79, 'Completed');
INSERT INTO shipment (shipment_id, auction_id, address, shipment_status, tracking_number) VALUES (3, 9, 'Shipping Address for buyer366', 'Shipped', 'TRACK000009');
INSERT INTO payment (payment_id, auction_id, buyer_login, buyer_role, amount, payment_status) VALUES (4, 12, 'buyer314', 'Buyer', 522.59, 'Completed');
INSERT INTO shipment (shipment_id, auction_id, address, shipment_status, tracking_number) VALUES (4, 12, 'Shipping Address for buyer314', 'Pending', NULL);
INSERT INTO payment (payment_id, auction_id, buyer_login, buyer_role, amount, payment_status) VALUES (5, 15, 'buyer59', 'Buyer', 530.97, 'Pending');
INSERT INTO shipment (shipment_id, auction_id, address, shipment_status, tracking_number) VALUES (5, 15, 'Shipping Address for buyer59', 'Delivered', 'TRACK000015');
INSERT INTO payment (payment_id, auction_id, buyer_login, buyer_role, amount, payment_status) VALUES (6, 18, 'buyer76', 'Buyer', 458.98, 'Completed');
INSERT INTO shipment (shipment_id, auction_id, address, shipment_status, tracking_number) VALUES (6, 18, 'Shipping Address for buyer76', 'Shipped', 'TRACK000018');
INSERT INTO payment (payment_id, auction_id, buyer_login, buyer_role, amount, payment_status) VALUES (7, 21, 'buyer394', 'Buyer', 146.73, 'Completed');
INSERT INTO shipment (shipment_id, auction_id, address, shipment_status, tracking_number) VALUES (7, 21, 'Shipping Address for buyer394', 'Delivered', 'TRACK000021');
INSERT INTO payment (payment_id, auction_id, buyer_login, buyer_role, amount, payment_status) VALUES (8, 24, 'buyer300', 'Buyer', 256.67, 'Failed');
INSERT INTO shipment (shipment_id, auction_id, address, shipment_status, tracking_number) VALUES (8, 24, 'Shipping Address for buyer300', 'Shipped', 'TRACK000024');
INSERT INTO payment (payment_id, auction_id, buyer_login, buyer_role, amount, payment_status) VALUES (9, 27, 'buyer279', 'Buyer', 537.12, 'Completed');
INSERT INTO shipment (shipment_id, auction_id, address, shipment_status, tracking_number) VALUES (9, 27, 'Shipping Address for buyer279', 'Shipped', 'TRACK000027');
INSERT INTO payment (payment_id, auction_id, buyer_login, buyer_role, amount, payment_status) VALUES (10, 30, 'buyer173', 'Buyer', 634.83, 'Pending');
INSERT INTO shipment (shipment_id, auction_id, address, shipment_status, tracking_number) VALUES (10, 30, 'Shipping Address for buyer173', 'Pending', NULL);
INSERT INTO payment (payment_id, auction_id, buyer_login, buyer_role, amount, payment_status) VALUES (11, 33, 'buyer48', 'Buyer', 609.32, 'Pending');
INSERT INTO shipment (shipment_id, auction_id, address, shipment_status, tracking_number) VALUES (11, 33, 'Shipping Address for buyer48', 'Delivered', 'TRACK000033');
INSERT INTO payment (payment_id, auction_id, buyer_login, buyer_role, amount, payment_status) VALUES (12, 36, 'buyer125', 'Buyer', 476.47, 'Completed');
INSERT INTO shipment (shipment_id, auction_id, address, shipment_status, tracking_number) VALUES (12, 36, 'Shipping Address for buyer125', 'Shipped', 'TRACK000036');
INSERT INTO payment (payment_id, auction_id, buyer_login, buyer_role, amount, payment_status) VALUES (13, 39, 'buyer314', 'Buyer', 584.08, 'Pending');
INSERT INTO shipment (shipment_id, auction_id, address, shipment_status, tracking_number) VALUES (13, 39, 'Shipping Address for buyer314', 'Pending', NULL);
INSERT INTO payment (payment_id, auction_id, buyer_login, buyer_role, amount, payment_status) VALUES (14, 42, 'buyer389', 'Buyer', 501.40, 'Pending');
INSERT INTO shipment (shipment_id, auction_id, address, shipment_status, tracking_number) VALUES (14, 42, 'Shipping Address for buyer389', 'Shipped', 'TRACK000042');
INSERT INTO payment (payment_id, auction_id, buyer_login, buyer_role, amount, payment_status) VALUES (15, 45, 'buyer241', 'Buyer', 486.43, 'Completed');
INSERT INTO shipment (shipment_id, auction_id, address, shipment_status, tracking_number) VALUES (15, 45, 'Shipping Address for buyer241', 'Delivered', 'TRACK000045');
INSERT INTO payment (payment_id, auction_id, buyer_login, buyer_role, amount, payment_status) VALUES (16, 48, 'buyer237', 'Buyer', 314.33, 'Pending');
INSERT INTO shipment (shipment_id, auction_id, address, shipment_status, tracking_number) VALUES (16, 48, 'Shipping Address for buyer237', 'Delivered', 'TRACK000048');
INSERT INTO payment (payment_id, auction_id, buyer_login, buyer_role, amount, payment_status) VALUES (17, 51, 'buyer267', 'Buyer', 248.18, 'Completed');
INSERT INTO shipment (shipment_id, auction_id, address, shipment_status, tracking_number) VALUES (17, 51, 'Shipping Address for buyer267', 'Delivered', 'TRACK000051');
INSERT INTO payment (payment_id, auction_id, buyer_login, buyer_role, amount, payment_status) VALUES (18, 54, 'buyer289', 'Buyer', 241.36, 'Failed');
INSERT INTO shipment (shipment_id, auction_id, address, shipment_status, tracking_number) VALUES (18, 54, 'Shipping Address for buyer289', 'Delivered', 'TRACK000054');
INSERT INTO payment (payment_id, auction_id, buyer_login, buyer_role, amount, payment_status) VALUES (19, 57, 'buyer106', 'Buyer', 371.91, 'Completed');
INSERT INTO shipment (shipment_id, auction_id, address, shipment_status, tracking_number) VALUES (19, 57, 'Shipping Address for buyer106', 'Delivered', 'TRACK000057');
INSERT INTO payment (payment_id, auction_id, buyer_login, buyer_role, amount, payment_status) VALUES (20, 60, 'buyer303', 'Buyer', 339.67, 'Failed');
INSERT INTO shipment (shipment_id, auction_id, address, shipment_status, tracking_number) VALUES (20, 60, 'Shipping Address for buyer303', 'Shipped', 'TRACK000060');
INSERT INTO payment (payment_id, auction_id, buyer_login, buyer_role, amount, payment_status) VALUES (21, 63, 'buyer298', 'Buyer', 274.53, 'Pending');
INSERT INTO shipment (shipment_id, auction_id, address, shipment_status, tracking_number) VALUES (21, 63, 'Shipping Address for buyer298', 'Pending', NULL);
INSERT INTO payment (payment_id, auction_id, buyer_login, buyer_role, amount, payment_status) VALUES (22, 66, 'buyer17', 'Buyer', 305.07, 'Pending');
INSERT INTO shipment (shipment_id, auction_id, address, shipment_status, tracking_number) VALUES (22, 66, 'Shipping Address for buyer17', 'Delivered', 'TRACK000066');
INSERT INTO payment (payment_id, auction_id, buyer_login, buyer_role, amount, payment_status) VALUES (23, 69, 'buyer112', 'Buyer', 331.98, 'Pending');
INSERT INTO shipment (shipment_id, auction_id, address, shipment_status, tracking_number) VALUES (23, 69, 'Shipping Address for buyer112', 'Delivered', 'TRACK000069');
INSERT INTO payment (payment_id, auction_id, buyer_login, buyer_role, amount, payment_status) VALUES (24, 72, 'buyer188', 'Buyer', 473.40, 'Pending');
INSERT INTO shipment (shipment_id, auction_id, address, shipment_status, tracking_number) VALUES (24, 72, 'Shipping Address for buyer188', 'Delivered', 'TRACK000072');
INSERT INTO payment (payment_id, auction_id, buyer_login, buyer_role, amount, payment_status) VALUES (25, 75, 'buyer32', 'Buyer', 477.06, 'Pending');
INSERT INTO shipment (shipment_id, auction_id, address, shipment_status, tracking_number) VALUES (25, 75, 'Shipping Address for buyer32', 'Pending', NULL);
INSERT INTO payment (payment_id, auction_id, buyer_login, buyer_role, amount, payment_status) VALUES (26, 78, 'buyer311', 'Buyer', 377.70, 'Completed');
INSERT INTO shipment (shipment_id, auction_id, address, shipment_status, tracking_number) VALUES (26, 78, 'Shipping Address for buyer311', 'Delivered', 'TRACK000078');
INSERT INTO payment (payment_id, auction_id, buyer_login, buyer_role, amount, payment_status) VALUES (27, 81, 'buyer205', 'Buyer', 375.61, 'Completed');
INSERT INTO shipment (shipment_id, auction_id, address, shipment_status, tracking_number) VALUES (27, 81, 'Shipping Address for buyer205', 'Delivered', 'TRACK000081');
INSERT INTO payment (payment_id, auction_id, buyer_login, buyer_role, amount, payment_status) VALUES (28, 84, 'buyer380', 'Buyer', 534.46, 'Pending');
INSERT INTO shipment (shipment_id, auction_id, address, shipment_status, tracking_number) VALUES (28, 84, 'Shipping Address for buyer380', 'Shipped', 'TRACK000084');
INSERT INTO payment (payment_id, auction_id, buyer_login, buyer_role, amount, payment_status) VALUES (29, 87, 'buyer332', 'Buyer', 735.70, 'Pending');
INSERT INTO shipment (shipment_id, auction_id, address, shipment_status, tracking_number) VALUES (29, 87, 'Shipping Address for buyer332', 'Pending', NULL);
INSERT INTO payment (payment_id, auction_id, buyer_login, buyer_role, amount, payment_status) VALUES (30, 90, 'buyer229', 'Buyer', 510.57, 'Failed');
INSERT INTO shipment (shipment_id, auction_id, address, shipment_status, tracking_number) VALUES (30, 90, 'Shipping Address for buyer229', 'Pending', NULL);
INSERT INTO payment (payment_id, auction_id, buyer_login, buyer_role, amount, payment_status) VALUES (31, 93, 'buyer344', 'Buyer', 200.68, 'Failed');
INSERT INTO shipment (shipment_id, auction_id, address, shipment_status, tracking_number) VALUES (31, 93, 'Shipping Address for buyer344', 'Pending', NULL);
INSERT INTO payment (payment_id, auction_id, buyer_login, buyer_role, amount, payment_status) VALUES (32, 96, 'buyer343', 'Buyer', 203.83, 'Completed');
INSERT INTO shipment (shipment_id, auction_id, address, shipment_status, tracking_number) VALUES (32, 96, 'Shipping Address for buyer343', 'Delivered', 'TRACK000096');
INSERT INTO payment (payment_id, auction_id, buyer_login, buyer_role, amount, payment_status) VALUES (33, 99, 'buyer124', 'Buyer', 423.64, 'Completed');
INSERT INTO shipment (shipment_id, auction_id, address, shipment_status, tracking_number) VALUES (33, 99, 'Shipping Address for buyer124', 'Shipped', 'TRACK000099');
INSERT INTO payment (payment_id, auction_id, buyer_login, buyer_role, amount, payment_status) VALUES (34, 102, 'buyer388', 'Buyer', 542.93, 'Pending');
INSERT INTO shipment (shipment_id, auction_id, address, shipment_status, tracking_number) VALUES (34, 102, 'Shipping Address for buyer388', 'Pending', NULL);
INSERT INTO payment (payment_id, auction_id, buyer_login, buyer_role, amount, payment_status) VALUES (35, 105, 'buyer8', 'Buyer', 279.57, 'Pending');
INSERT INTO shipment (shipment_id, auction_id, address, shipment_status, tracking_number) VALUES (35, 105, 'Shipping Address for buyer8', 'Delivered', 'TRACK000105');
INSERT INTO payment (payment_id, auction_id, buyer_login, buyer_role, amount, payment_status) VALUES (36, 108, 'buyer23', 'Buyer', 609.24, 'Pending');
INSERT INTO shipment (shipment_id, auction_id, address, shipment_status, tracking_number) VALUES (36, 108, 'Shipping Address for buyer23', 'Shipped', 'TRACK000108');
INSERT INTO payment (payment_id, auction_id, buyer_login, buyer_role, amount, payment_status) VALUES (37, 111, 'buyer339', 'Buyer', 460.91, 'Failed');
INSERT INTO shipment (shipment_id, auction_id, address, shipment_status, tracking_number) VALUES (37, 111, 'Shipping Address for buyer339', 'Delivered', 'TRACK000111');
INSERT INTO payment (payment_id, auction_id, buyer_login, buyer_role, amount, payment_status) VALUES (38, 114, 'buyer150', 'Buyer', 356.30, 'Pending');
INSERT INTO shipment (shipment_id, auction_id, address, shipment_status, tracking_number) VALUES (38, 114, 'Shipping Address for buyer150', 'Shipped', 'TRACK000114');
INSERT INTO payment (payment_id, auction_id, buyer_login, buyer_role, amount, payment_status) VALUES (39, 117, 'buyer116', 'Buyer', 358.05, 'Completed');
INSERT INTO shipment (shipment_id, auction_id, address, shipment_status, tracking_number) VALUES (39, 117, 'Shipping Address for buyer116', 'Pending', NULL);
INSERT INTO payment (payment_id, auction_id, buyer_login, buyer_role, amount, payment_status) VALUES (40, 120, 'buyer299', 'Buyer', 601.06, 'Pending');
INSERT INTO shipment (shipment_id, auction_id, address, shipment_status, tracking_number) VALUES (40, 120, 'Shipping Address for buyer299', 'Delivered', 'TRACK000120');
INSERT INTO payment (payment_id, auction_id, buyer_login, buyer_role, amount, payment_status) VALUES (41, 123, 'buyer155', 'Buyer', 533.50, 'Failed');
INSERT INTO shipment (shipment_id, auction_id, address, shipment_status, tracking_number) VALUES (41, 123, 'Shipping Address for buyer155', 'Delivered', 'TRACK000123');
INSERT INTO payment (payment_id, auction_id, buyer_login, buyer_role, amount, payment_status) VALUES (42, 126, 'buyer188', 'Buyer', 400.39, 'Failed');
INSERT INTO shipment (shipment_id, auction_id, address, shipment_status, tracking_number) VALUES (42, 126, 'Shipping Address for buyer188', 'Shipped', 'TRACK000126');
INSERT INTO payment (payment_id, auction_id, buyer_login, buyer_role, amount, payment_status) VALUES (43, 129, 'buyer210', 'Buyer', 363.94, 'Pending');
INSERT INTO shipment (shipment_id, auction_id, address, shipment_status, tracking_number) VALUES (43, 129, 'Shipping Address for buyer210', 'Pending', NULL);
INSERT INTO payment (payment_id, auction_id, buyer_login, buyer_role, amount, payment_status) VALUES (44, 132, 'buyer247', 'Buyer', 431.69, 'Completed');
INSERT INTO shipment (shipment_id, auction_id, address, shipment_status, tracking_number) VALUES (44, 132, 'Shipping Address for buyer247', 'Delivered', 'TRACK000132');
INSERT INTO payment (payment_id, auction_id, buyer_login, buyer_role, amount, payment_status) VALUES (45, 135, 'buyer375', 'Buyer', 396.41, 'Failed');
INSERT INTO shipment (shipment_id, auction_id, address, shipment_status, tracking_number) VALUES (45, 135, 'Shipping Address for buyer375', 'Delivered', 'TRACK000135');
INSERT INTO payment (payment_id, auction_id, buyer_login, buyer_role, amount, payment_status) VALUES (46, 138, 'buyer225', 'Buyer', 278.42, 'Completed');
INSERT INTO shipment (shipment_id, auction_id, address, shipment_status, tracking_number) VALUES (46, 138, 'Shipping Address for buyer225', 'Pending', NULL);
INSERT INTO payment (payment_id, auction_id, buyer_login, buyer_role, amount, payment_status) VALUES (47, 141, 'buyer118', 'Buyer', 524.83, 'Pending');
INSERT INTO shipment (shipment_id, auction_id, address, shipment_status, tracking_number) VALUES (47, 141, 'Shipping Address for buyer118', 'Pending', NULL);
INSERT INTO payment (payment_id, auction_id, buyer_login, buyer_role, amount, payment_status) VALUES (48, 144, 'buyer340', 'Buyer', 657.68, 'Pending');
INSERT INTO shipment (shipment_id, auction_id, address, shipment_status, tracking_number) VALUES (48, 144, 'Shipping Address for buyer340', 'Shipped', 'TRACK000144');
INSERT INTO payment (payment_id, auction_id, buyer_login, buyer_role, amount, payment_status) VALUES (49, 147, 'buyer181', 'Buyer', 73.61, 'Completed');
INSERT INTO shipment (shipment_id, auction_id, address, shipment_status, tracking_number) VALUES (49, 147, 'Shipping Address for buyer181', 'Shipped', 'TRACK000147');
INSERT INTO payment (payment_id, auction_id, buyer_login, buyer_role, amount, payment_status) VALUES (50, 150, 'buyer242', 'Buyer', 354.52, 'Completed');
INSERT INTO shipment (shipment_id, auction_id, address, shipment_status, tracking_number) VALUES (50, 150, 'Shipping Address for buyer242', 'Pending', NULL);
INSERT INTO payment (payment_id, auction_id, buyer_login, buyer_role, amount, payment_status) VALUES (51, 153, 'buyer178', 'Buyer', 436.44, 'Failed');
INSERT INTO shipment (shipment_id, auction_id, address, shipment_status, tracking_number) VALUES (51, 153, 'Shipping Address for buyer178', 'Delivered', 'TRACK000153');
INSERT INTO payment (payment_id, auction_id, buyer_login, buyer_role, amount, payment_status) VALUES (52, 156, 'buyer254', 'Buyer', 221.51, 'Failed');
INSERT INTO shipment (shipment_id, auction_id, address, shipment_status, tracking_number) VALUES (52, 156, 'Shipping Address for buyer254', 'Pending', NULL);
INSERT INTO payment (payment_id, auction_id, buyer_login, buyer_role, amount, payment_status) VALUES (53, 159, 'buyer206', 'Buyer', 530.76, 'Pending');
INSERT INTO shipment (shipment_id, auction_id, address, shipment_status, tracking_number) VALUES (53, 159, 'Shipping Address for buyer206', 'Pending', NULL);
INSERT INTO payment (payment_id, auction_id, buyer_login, buyer_role, amount, payment_status) VALUES (54, 162, 'buyer310', 'Buyer', 188.26, 'Failed');
INSERT INTO shipment (shipment_id, auction_id, address, shipment_status, tracking_number) VALUES (54, 162, 'Shipping Address for buyer310', 'Delivered', 'TRACK000162');
INSERT INTO payment (payment_id, auction_id, buyer_login, buyer_role, amount, payment_status) VALUES (55, 165, 'buyer315', 'Buyer', 555.24, 'Pending');
INSERT INTO shipment (shipment_id, auction_id, address, shipment_status, tracking_number) VALUES (55, 165, 'Shipping Address for buyer315', 'Shipped', 'TRACK000165');
INSERT INTO payment (payment_id, auction_id, buyer_login, buyer_role, amount, payment_status) VALUES (56, 168, 'buyer2', 'Buyer', 306.05, 'Pending');
INSERT INTO shipment (shipment_id, auction_id, address, shipment_status, tracking_number) VALUES (56, 168, 'Shipping Address for buyer2', 'Shipped', 'TRACK000168');
INSERT INTO payment (payment_id, auction_id, buyer_login, buyer_role, amount, payment_status) VALUES (57, 171, 'buyer148', 'Buyer', 355.63, 'Completed');
INSERT INTO shipment (shipment_id, auction_id, address, shipment_status, tracking_number) VALUES (57, 171, 'Shipping Address for buyer148', 'Shipped', 'TRACK000171');
INSERT INTO payment (payment_id, auction_id, buyer_login, buyer_role, amount, payment_status) VALUES (58, 174, 'buyer380', 'Buyer', 342.21, 'Completed');
INSERT INTO shipment (shipment_id, auction_id, address, shipment_status, tracking_number) VALUES (58, 174, 'Shipping Address for buyer380', 'Pending', NULL);
INSERT INTO payment (payment_id, auction_id, buyer_login, buyer_role, amount, payment_status) VALUES (59, 177, 'buyer144', 'Buyer', 540.69, 'Pending');
INSERT INTO shipment (shipment_id, auction_id, address, shipment_status, tracking_number) VALUES (59, 177, 'Shipping Address for buyer144', 'Pending', NULL);
INSERT INTO payment (payment_id, auction_id, buyer_login, buyer_role, amount, payment_status) VALUES (60, 180, 'buyer98', 'Buyer', 674.30, 'Completed');
INSERT INTO shipment (shipment_id, auction_id, address, shipment_status, tracking_number) VALUES (60, 180, 'Shipping Address for buyer98', 'Delivered', 'TRACK000180');
INSERT INTO payment (payment_id, auction_id, buyer_login, buyer_role, amount, payment_status) VALUES (61, 183, 'buyer224', 'Buyer', 426.17, 'Pending');
INSERT INTO shipment (shipment_id, auction_id, address, shipment_status, tracking_number) VALUES (61, 183, 'Shipping Address for buyer224', 'Shipped', 'TRACK000183');
INSERT INTO payment (payment_id, auction_id, buyer_login, buyer_role, amount, payment_status) VALUES (62, 186, 'buyer188', 'Buyer', 732.12, 'Completed');
INSERT INTO shipment (shipment_id, auction_id, address, shipment_status, tracking_number) VALUES (62, 186, 'Shipping Address for buyer188', 'Delivered', 'TRACK000186');
INSERT INTO payment (payment_id, auction_id, buyer_login, buyer_role, amount, payment_status) VALUES (63, 189, 'buyer231', 'Buyer', 675.89, 'Pending');
INSERT INTO shipment (shipment_id, auction_id, address, shipment_status, tracking_number) VALUES (63, 189, 'Shipping Address for buyer231', 'Shipped', 'TRACK000189');
INSERT INTO payment (payment_id, auction_id, buyer_login, buyer_role, amount, payment_status) VALUES (64, 192, 'buyer302', 'Buyer', 266.10, 'Completed');
INSERT INTO shipment (shipment_id, auction_id, address, shipment_status, tracking_number) VALUES (64, 192, 'Shipping Address for buyer302', 'Shipped', 'TRACK000192');
INSERT INTO payment (payment_id, auction_id, buyer_login, buyer_role, amount, payment_status) VALUES (65, 195, 'buyer384', 'Buyer', 391.12, 'Pending');
INSERT INTO shipment (shipment_id, auction_id, address, shipment_status, tracking_number) VALUES (65, 195, 'Shipping Address for buyer384', 'Delivered', 'TRACK000195');
INSERT INTO payment (payment_id, auction_id, buyer_login, buyer_role, amount, payment_status) VALUES (66, 198, 'buyer100', 'Buyer', 627.91, 'Failed');
INSERT INTO shipment (shipment_id, auction_id, address, shipment_status, tracking_number) VALUES (66, 198, 'Shipping Address for buyer100', 'Pending', NULL);
INSERT INTO payment (payment_id, auction_id, buyer_login, buyer_role, amount, payment_status) VALUES (67, 201, 'buyer321', 'Buyer', 522.02, 'Completed');
INSERT INTO shipment (shipment_id, auction_id, address, shipment_status, tracking_number) VALUES (67, 201, 'Shipping Address for buyer321', 'Delivered', 'TRACK000201');
INSERT INTO payment (payment_id, auction_id, buyer_login, buyer_role, amount, payment_status) VALUES (68, 204, 'buyer249', 'Buyer', 659.72, 'Failed');
INSERT INTO shipment (shipment_id, auction_id, address, shipment_status, tracking_number) VALUES (68, 204, 'Shipping Address for buyer249', 'Pending', NULL);
INSERT INTO payment (payment_id, auction_id, buyer_login, buyer_role, amount, payment_status) VALUES (69, 207, 'buyer92', 'Buyer', 197.10, 'Pending');
INSERT INTO shipment (shipment_id, auction_id, address, shipment_status, tracking_number) VALUES (69, 207, 'Shipping Address for buyer92', 'Delivered', 'TRACK000207');
INSERT INTO payment (payment_id, auction_id, buyer_login, buyer_role, amount, payment_status) VALUES (70, 210, 'buyer211', 'Buyer', 268.99, 'Failed');
INSERT INTO shipment (shipment_id, auction_id, address, shipment_status, tracking_number) VALUES (70, 210, 'Shipping Address for buyer211', 'Delivered', 'TRACK000210');
INSERT INTO payment (payment_id, auction_id, buyer_login, buyer_role, amount, payment_status) VALUES (71, 213, 'buyer354', 'Buyer', 487.01, 'Completed');
INSERT INTO shipment (shipment_id, auction_id, address, shipment_status, tracking_number) VALUES (71, 213, 'Shipping Address for buyer354', 'Pending', NULL);
INSERT INTO payment (payment_id, auction_id, buyer_login, buyer_role, amount, payment_status) VALUES (72, 216, 'buyer307', 'Buyer', 110.58, 'Pending');
INSERT INTO shipment (shipment_id, auction_id, address, shipment_status, tracking_number) VALUES (72, 216, 'Shipping Address for buyer307', 'Shipped', 'TRACK000216');
INSERT INTO payment (payment_id, auction_id, buyer_login, buyer_role, amount, payment_status) VALUES (73, 219, 'buyer95', 'Buyer', 454.16, 'Pending');
INSERT INTO shipment (shipment_id, auction_id, address, shipment_status, tracking_number) VALUES (73, 219, 'Shipping Address for buyer95', 'Shipped', 'TRACK000219');
INSERT INTO payment (payment_id, auction_id, buyer_login, buyer_role, amount, payment_status) VALUES (74, 222, 'buyer129', 'Buyer', 472.93, 'Pending');
INSERT INTO shipment (shipment_id, auction_id, address, shipment_status, tracking_number) VALUES (74, 222, 'Shipping Address for buyer129', 'Shipped', 'TRACK000222');
INSERT INTO payment (payment_id, auction_id, buyer_login, buyer_role, amount, payment_status) VALUES (75, 225, 'buyer373', 'Buyer', 300.58, 'Pending');
INSERT INTO shipment (shipment_id, auction_id, address, shipment_status, tracking_number) VALUES (75, 225, 'Shipping Address for buyer373', 'Pending', NULL);
INSERT INTO payment (payment_id, auction_id, buyer_login, buyer_role, amount, payment_status) VALUES (76, 228, 'buyer83', 'Buyer', 319.16, 'Completed');
INSERT INTO shipment (shipment_id, auction_id, address, shipment_status, tracking_number) VALUES (76, 228, 'Shipping Address for buyer83', 'Pending', NULL);
INSERT INTO payment (payment_id, auction_id, buyer_login, buyer_role, amount, payment_status) VALUES (77, 231, 'buyer341', 'Buyer', 204.56, 'Pending');
INSERT INTO shipment (shipment_id, auction_id, address, shipment_status, tracking_number) VALUES (77, 231, 'Shipping Address for buyer341', 'Pending', NULL);
INSERT INTO payment (payment_id, auction_id, buyer_login, buyer_role, amount, payment_status) VALUES (78, 234, 'buyer22', 'Buyer', 528.78, 'Pending');
INSERT INTO shipment (shipment_id, auction_id, address, shipment_status, tracking_number) VALUES (78, 234, 'Shipping Address for buyer22', 'Delivered', 'TRACK000234');
INSERT INTO payment (payment_id, auction_id, buyer_login, buyer_role, amount, payment_status) VALUES (79, 237, 'buyer263', 'Buyer', 395.75, 'Completed');
INSERT INTO shipment (shipment_id, auction_id, address, shipment_status, tracking_number) VALUES (79, 237, 'Shipping Address for buyer263', 'Shipped', 'TRACK000237');
INSERT INTO payment (payment_id, auction_id, buyer_login, buyer_role, amount, payment_status) VALUES (80, 240, 'buyer4', 'Buyer', 392.20, 'Completed');
INSERT INTO shipment (shipment_id, auction_id, address, shipment_status, tracking_number) VALUES (80, 240, 'Shipping Address for buyer4', 'Delivered', 'TRACK000240');
INSERT INTO payment (payment_id, auction_id, buyer_login, buyer_role, amount, payment_status) VALUES (81, 243, 'buyer96', 'Buyer', 534.61, 'Completed');
INSERT INTO shipment (shipment_id, auction_id, address, shipment_status, tracking_number) VALUES (81, 243, 'Shipping Address for buyer96', 'Pending', NULL);
INSERT INTO payment (payment_id, auction_id, buyer_login, buyer_role, amount, payment_status) VALUES (82, 246, 'buyer143', 'Buyer', 359.93, 'Completed');
INSERT INTO shipment (shipment_id, auction_id, address, shipment_status, tracking_number) VALUES (82, 246, 'Shipping Address for buyer143', 'Delivered', 'TRACK000246');
INSERT INTO payment (payment_id, auction_id, buyer_login, buyer_role, amount, payment_status) VALUES (83, 249, 'buyer260', 'Buyer', 503.11, 'Failed');
INSERT INTO shipment (shipment_id, auction_id, address, shipment_status, tracking_number) VALUES (83, 249, 'Shipping Address for buyer260', 'Pending', NULL);
INSERT INTO payment (payment_id, auction_id, buyer_login, buyer_role, amount, payment_status) VALUES (84, 252, 'buyer135', 'Buyer', 395.53, 'Completed');
INSERT INTO shipment (shipment_id, auction_id, address, shipment_status, tracking_number) VALUES (84, 252, 'Shipping Address for buyer135', 'Shipped', 'TRACK000252');
INSERT INTO payment (payment_id, auction_id, buyer_login, buyer_role, amount, payment_status) VALUES (85, 255, 'buyer387', 'Buyer', 632.04, 'Completed');
INSERT INTO shipment (shipment_id, auction_id, address, shipment_status, tracking_number) VALUES (85, 255, 'Shipping Address for buyer387', 'Delivered', 'TRACK000255');
INSERT INTO payment (payment_id, auction_id, buyer_login, buyer_role, amount, payment_status) VALUES (86, 258, 'buyer90', 'Buyer', 425.22, 'Failed');
INSERT INTO shipment (shipment_id, auction_id, address, shipment_status, tracking_number) VALUES (86, 258, 'Shipping Address for buyer90', 'Delivered', 'TRACK000258');
INSERT INTO payment (payment_id, auction_id, buyer_login, buyer_role, amount, payment_status) VALUES (87, 261, 'buyer65', 'Buyer', 174.19, 'Completed');
INSERT INTO shipment (shipment_id, auction_id, address, shipment_status, tracking_number) VALUES (87, 261, 'Shipping Address for buyer65', 'Delivered', 'TRACK000261');
INSERT INTO payment (payment_id, auction_id, buyer_login, buyer_role, amount, payment_status) VALUES (88, 264, 'buyer214', 'Buyer', 686.58, 'Completed');
INSERT INTO shipment (shipment_id, auction_id, address, shipment_status, tracking_number) VALUES (88, 264, 'Shipping Address for buyer214', 'Delivered', 'TRACK000264');
INSERT INTO payment (payment_id, auction_id, buyer_login, buyer_role, amount, payment_status) VALUES (89, 267, 'buyer342', 'Buyer', 434.08, 'Completed');
INSERT INTO shipment (shipment_id, auction_id, address, shipment_status, tracking_number) VALUES (89, 267, 'Shipping Address for buyer342', 'Delivered', 'TRACK000267');
INSERT INTO payment (payment_id, auction_id, buyer_login, buyer_role, amount, payment_status) VALUES (90, 270, 'buyer186', 'Buyer', 480.54, 'Failed');
INSERT INTO shipment (shipment_id, auction_id, address, shipment_status, tracking_number) VALUES (90, 270, 'Shipping Address for buyer186', 'Shipped', 'TRACK000270');
INSERT INTO payment (payment_id, auction_id, buyer_login, buyer_role, amount, payment_status) VALUES (91, 273, 'buyer357', 'Buyer', 609.29, 'Failed');
INSERT INTO shipment (shipment_id, auction_id, address, shipment_status, tracking_number) VALUES (91, 273, 'Shipping Address for buyer357', 'Shipped', 'TRACK000273');
INSERT INTO payment (payment_id, auction_id, buyer_login, buyer_role, amount, payment_status) VALUES (92, 276, 'buyer270', 'Buyer', 454.74, 'Pending');
INSERT INTO shipment (shipment_id, auction_id, address, shipment_status, tracking_number) VALUES (92, 276, 'Shipping Address for buyer270', 'Delivered', 'TRACK000276');
INSERT INTO payment (payment_id, auction_id, buyer_login, buyer_role, amount, payment_status) VALUES (93, 279, 'buyer240', 'Buyer', 463.53, 'Pending');
INSERT INTO shipment (shipment_id, auction_id, address, shipment_status, tracking_number) VALUES (93, 279, 'Shipping Address for buyer240', 'Delivered', 'TRACK000279');
INSERT INTO payment (payment_id, auction_id, buyer_login, buyer_role, amount, payment_status) VALUES (94, 282, 'buyer209', 'Buyer', 362.03, 'Pending');
INSERT INTO shipment (shipment_id, auction_id, address, shipment_status, tracking_number) VALUES (94, 282, 'Shipping Address for buyer209', 'Pending', NULL);
INSERT INTO payment (payment_id, auction_id, buyer_login, buyer_role, amount, payment_status) VALUES (95, 285, 'buyer288', 'Buyer', 474.13, 'Completed');
INSERT INTO shipment (shipment_id, auction_id, address, shipment_status, tracking_number) VALUES (95, 285, 'Shipping Address for buyer288', 'Shipped', 'TRACK000285');
INSERT INTO payment (payment_id, auction_id, buyer_login, buyer_role, amount, payment_status) VALUES (96, 288, 'buyer116', 'Buyer', 279.10, 'Completed');
INSERT INTO shipment (shipment_id, auction_id, address, shipment_status, tracking_number) VALUES (96, 288, 'Shipping Address for buyer116', 'Shipped', 'TRACK000288');
INSERT INTO payment (payment_id, auction_id, buyer_login, buyer_role, amount, payment_status) VALUES (97, 291, 'buyer235', 'Buyer', 187.43, 'Failed');
INSERT INTO shipment (shipment_id, auction_id, address, shipment_status, tracking_number) VALUES (97, 291, 'Shipping Address for buyer235', 'Shipped', 'TRACK000291');
INSERT INTO payment (payment_id, auction_id, buyer_login, buyer_role, amount, payment_status) VALUES (98, 294, 'buyer101', 'Buyer', 356.72, 'Pending');
INSERT INTO shipment (shipment_id, auction_id, address, shipment_status, tracking_number) VALUES (98, 294, 'Shipping Address for buyer101', 'Delivered', 'TRACK000294');
INSERT INTO payment (payment_id, auction_id, buyer_login, buyer_role, amount, payment_status) VALUES (99, 297, 'buyer83', 'Buyer', 654.68, 'Failed');
INSERT INTO shipment (shipment_id, auction_id, address, shipment_status, tracking_number) VALUES (99, 297, 'Shipping Address for buyer83', 'Shipped', 'TRACK000297');
INSERT INTO payment (payment_id, auction_id, buyer_login, buyer_role, amount, payment_status) VALUES (100, 300, 'buyer260', 'Buyer', 535.50, 'Pending');
INSERT INTO shipment (shipment_id, auction_id, address, shipment_status, tracking_number) VALUES (100, 300, 'Shipping Address for buyer260', 'Pending', NULL);
INSERT INTO payment (payment_id, auction_id, buyer_login, buyer_role, amount, payment_status) VALUES (101, 303, 'buyer97', 'Buyer', 453.53, 'Failed');
INSERT INTO shipment (shipment_id, auction_id, address, shipment_status, tracking_number) VALUES (101, 303, 'Shipping Address for buyer97', 'Pending', NULL);
INSERT INTO payment (payment_id, auction_id, buyer_login, buyer_role, amount, payment_status) VALUES (102, 306, 'buyer346', 'Buyer', 355.38, 'Completed');
INSERT INTO shipment (shipment_id, auction_id, address, shipment_status, tracking_number) VALUES (102, 306, 'Shipping Address for buyer346', 'Delivered', 'TRACK000306');
INSERT INTO payment (payment_id, auction_id, buyer_login, buyer_role, amount, payment_status) VALUES (103, 309, 'buyer219', 'Buyer', 666.87, 'Pending');
INSERT INTO shipment (shipment_id, auction_id, address, shipment_status, tracking_number) VALUES (103, 309, 'Shipping Address for buyer219', 'Shipped', 'TRACK000309');
INSERT INTO payment (payment_id, auction_id, buyer_login, buyer_role, amount, payment_status) VALUES (104, 312, 'buyer341', 'Buyer', 525.45, 'Pending');
INSERT INTO shipment (shipment_id, auction_id, address, shipment_status, tracking_number) VALUES (104, 312, 'Shipping Address for buyer341', 'Pending', NULL);
INSERT INTO payment (payment_id, auction_id, buyer_login, buyer_role, amount, payment_status) VALUES (105, 315, 'buyer369', 'Buyer', 615.81, 'Failed');
INSERT INTO shipment (shipment_id, auction_id, address, shipment_status, tracking_number) VALUES (105, 315, 'Shipping Address for buyer369', 'Shipped', 'TRACK000315');
INSERT INTO payment (payment_id, auction_id, buyer_login, buyer_role, amount, payment_status) VALUES (106, 318, 'buyer125', 'Buyer', 562.62, 'Pending');
INSERT INTO shipment (shipment_id, auction_id, address, shipment_status, tracking_number) VALUES (106, 318, 'Shipping Address for buyer125', 'Shipped', 'TRACK000318');
INSERT INTO payment (payment_id, auction_id, buyer_login, buyer_role, amount, payment_status) VALUES (107, 321, 'buyer20', 'Buyer', 487.27, 'Completed');
INSERT INTO shipment (shipment_id, auction_id, address, shipment_status, tracking_number) VALUES (107, 321, 'Shipping Address for buyer20', 'Delivered', 'TRACK000321');
INSERT INTO payment (payment_id, auction_id, buyer_login, buyer_role, amount, payment_status) VALUES (108, 324, 'buyer392', 'Buyer', 412.52, 'Completed');
INSERT INTO shipment (shipment_id, auction_id, address, shipment_status, tracking_number) VALUES (108, 324, 'Shipping Address for buyer392', 'Pending', NULL);
INSERT INTO payment (payment_id, auction_id, buyer_login, buyer_role, amount, payment_status) VALUES (109, 327, 'buyer345', 'Buyer', 453.45, 'Completed');
INSERT INTO shipment (shipment_id, auction_id, address, shipment_status, tracking_number) VALUES (109, 327, 'Shipping Address for buyer345', 'Pending', NULL);
INSERT INTO payment (payment_id, auction_id, buyer_login, buyer_role, amount, payment_status) VALUES (110, 330, 'buyer53', 'Buyer', 274.97, 'Failed');
INSERT INTO shipment (shipment_id, auction_id, address, shipment_status, tracking_number) VALUES (110, 330, 'Shipping Address for buyer53', 'Delivered', 'TRACK000330');
INSERT INTO payment (payment_id, auction_id, buyer_login, buyer_role, amount, payment_status) VALUES (111, 333, 'buyer320', 'Buyer', 559.75, 'Pending');
INSERT INTO shipment (shipment_id, auction_id, address, shipment_status, tracking_number) VALUES (111, 333, 'Shipping Address for buyer320', 'Pending', NULL);
INSERT INTO payment (payment_id, auction_id, buyer_login, buyer_role, amount, payment_status) VALUES (112, 336, 'buyer309', 'Buyer', 357.96, 'Completed');
INSERT INTO shipment (shipment_id, auction_id, address, shipment_status, tracking_number) VALUES (112, 336, 'Shipping Address for buyer309', 'Pending', NULL);
INSERT INTO payment (payment_id, auction_id, buyer_login, buyer_role, amount, payment_status) VALUES (113, 339, 'buyer115', 'Buyer', 533.99, 'Failed');
INSERT INTO shipment (shipment_id, auction_id, address, shipment_status, tracking_number) VALUES (113, 339, 'Shipping Address for buyer115', 'Pending', NULL);
INSERT INTO payment (payment_id, auction_id, buyer_login, buyer_role, amount, payment_status) VALUES (114, 342, 'buyer233', 'Buyer', 371.89, 'Pending');
INSERT INTO shipment (shipment_id, auction_id, address, shipment_status, tracking_number) VALUES (114, 342, 'Shipping Address for buyer233', 'Delivered', 'TRACK000342');
INSERT INTO payment (payment_id, auction_id, buyer_login, buyer_role, amount, payment_status) VALUES (115, 345, 'buyer322', 'Buyer', 642.79, 'Failed');
INSERT INTO shipment (shipment_id, auction_id, address, shipment_status, tracking_number) VALUES (115, 345, 'Shipping Address for buyer322', 'Delivered', 'TRACK000345');
INSERT INTO payment (payment_id, auction_id, buyer_login, buyer_role, amount, payment_status) VALUES (116, 348, 'buyer15', 'Buyer', 649.46, 'Failed');
INSERT INTO shipment (shipment_id, auction_id, address, shipment_status, tracking_number) VALUES (116, 348, 'Shipping Address for buyer15', 'Shipped', 'TRACK000348');
INSERT INTO payment (payment_id, auction_id, buyer_login, buyer_role, amount, payment_status) VALUES (117, 351, 'buyer254', 'Buyer', 340.30, 'Completed');
INSERT INTO shipment (shipment_id, auction_id, address, shipment_status, tracking_number) VALUES (117, 351, 'Shipping Address for buyer254', 'Shipped', 'TRACK000351');
INSERT INTO payment (payment_id, auction_id, buyer_login, buyer_role, amount, payment_status) VALUES (118, 354, 'buyer105', 'Buyer', 577.03, 'Failed');
INSERT INTO shipment (shipment_id, auction_id, address, shipment_status, tracking_number) VALUES (118, 354, 'Shipping Address for buyer105', 'Pending', NULL);
INSERT INTO payment (payment_id, auction_id, buyer_login, buyer_role, amount, payment_status) VALUES (119, 357, 'buyer41', 'Buyer', 597.20, 'Pending');
INSERT INTO shipment (shipment_id, auction_id, address, shipment_status, tracking_number) VALUES (119, 357, 'Shipping Address for buyer41', 'Pending', NULL);
INSERT INTO payment (payment_id, auction_id, buyer_login, buyer_role, amount, payment_status) VALUES (120, 360, 'buyer28', 'Buyer', 557.50, 'Failed');
INSERT INTO shipment (shipment_id, auction_id, address, shipment_status, tracking_number) VALUES (120, 360, 'Shipping Address for buyer28', 'Shipped', 'TRACK000360');
INSERT INTO payment (payment_id, auction_id, buyer_login, buyer_role, amount, payment_status) VALUES (121, 363, 'buyer208', 'Buyer', 246.39, 'Pending');
INSERT INTO shipment (shipment_id, auction_id, address, shipment_status, tracking_number) VALUES (121, 363, 'Shipping Address for buyer208', 'Delivered', 'TRACK000363');
INSERT INTO payment (payment_id, auction_id, buyer_login, buyer_role, amount, payment_status) VALUES (122, 366, 'buyer377', 'Buyer', 539.40, 'Completed');
INSERT INTO shipment (shipment_id, auction_id, address, shipment_status, tracking_number) VALUES (122, 366, 'Shipping Address for buyer377', 'Delivered', 'TRACK000366');
INSERT INTO payment (payment_id, auction_id, buyer_login, buyer_role, amount, payment_status) VALUES (123, 369, 'buyer297', 'Buyer', 558.52, 'Pending');
INSERT INTO shipment (shipment_id, auction_id, address, shipment_status, tracking_number) VALUES (123, 369, 'Shipping Address for buyer297', 'Delivered', 'TRACK000369');
INSERT INTO payment (payment_id, auction_id, buyer_login, buyer_role, amount, payment_status) VALUES (124, 372, 'buyer387', 'Buyer', 326.74, 'Completed');
INSERT INTO shipment (shipment_id, auction_id, address, shipment_status, tracking_number) VALUES (124, 372, 'Shipping Address for buyer387', 'Pending', NULL);
INSERT INTO payment (payment_id, auction_id, buyer_login, buyer_role, amount, payment_status) VALUES (125, 375, 'buyer175', 'Buyer', 420.15, 'Completed');
INSERT INTO shipment (shipment_id, auction_id, address, shipment_status, tracking_number) VALUES (125, 375, 'Shipping Address for buyer175', 'Shipped', 'TRACK000375');
INSERT INTO payment (payment_id, auction_id, buyer_login, buyer_role, amount, payment_status) VALUES (126, 378, 'buyer37', 'Buyer', 347.88, 'Failed');
INSERT INTO shipment (shipment_id, auction_id, address, shipment_status, tracking_number) VALUES (126, 378, 'Shipping Address for buyer37', 'Pending', NULL);
INSERT INTO payment (payment_id, auction_id, buyer_login, buyer_role, amount, payment_status) VALUES (127, 381, 'buyer390', 'Buyer', 176.44, 'Pending');
INSERT INTO shipment (shipment_id, auction_id, address, shipment_status, tracking_number) VALUES (127, 381, 'Shipping Address for buyer390', 'Shipped', 'TRACK000381');
INSERT INTO payment (payment_id, auction_id, buyer_login, buyer_role, amount, payment_status) VALUES (128, 384, 'buyer321', 'Buyer', 270.65, 'Completed');
INSERT INTO shipment (shipment_id, auction_id, address, shipment_status, tracking_number) VALUES (128, 384, 'Shipping Address for buyer321', 'Shipped', 'TRACK000384');
INSERT INTO payment (payment_id, auction_id, buyer_login, buyer_role, amount, payment_status) VALUES (129, 387, 'buyer133', 'Buyer', 342.16, 'Failed');
INSERT INTO shipment (shipment_id, auction_id, address, shipment_status, tracking_number) VALUES (129, 387, 'Shipping Address for buyer133', 'Pending', NULL);
INSERT INTO payment (payment_id, auction_id, buyer_login, buyer_role, amount, payment_status) VALUES (130, 390, 'buyer163', 'Buyer', 620.74, 'Pending');
INSERT INTO shipment (shipment_id, auction_id, address, shipment_status, tracking_number) VALUES (130, 390, 'Shipping Address for buyer163', 'Delivered', 'TRACK000390');
INSERT INTO payment (payment_id, auction_id, buyer_login, buyer_role, amount, payment_status) VALUES (131, 393, 'buyer35', 'Buyer', 539.64, 'Failed');
INSERT INTO shipment (shipment_id, auction_id, address, shipment_status, tracking_number) VALUES (131, 393, 'Shipping Address for buyer35', 'Pending', NULL);
INSERT INTO payment (payment_id, auction_id, buyer_login, buyer_role, amount, payment_status) VALUES (132, 396, 'buyer365', 'Buyer', 603.85, 'Completed');
INSERT INTO shipment (shipment_id, auction_id, address, shipment_status, tracking_number) VALUES (132, 396, 'Shipping Address for buyer365', 'Delivered', 'TRACK000396');
INSERT INTO payment (payment_id, auction_id, buyer_login, buyer_role, amount, payment_status) VALUES (133, 399, 'buyer73', 'Buyer', 327.72, 'Completed');
INSERT INTO shipment (shipment_id, auction_id, address, shipment_status, tracking_number) VALUES (133, 399, 'Shipping Address for buyer73', 'Pending', NULL);
INSERT INTO payment (payment_id, auction_id, buyer_login, buyer_role, amount, payment_status) VALUES (134, 402, 'buyer331', 'Buyer', 454.52, 'Completed');
INSERT INTO shipment (shipment_id, auction_id, address, shipment_status, tracking_number) VALUES (134, 402, 'Shipping Address for buyer331', 'Pending', NULL);
INSERT INTO payment (payment_id, auction_id, buyer_login, buyer_role, amount, payment_status) VALUES (135, 405, 'buyer86', 'Buyer', 316.53, 'Failed');
INSERT INTO shipment (shipment_id, auction_id, address, shipment_status, tracking_number) VALUES (135, 405, 'Shipping Address for buyer86', 'Delivered', 'TRACK000405');
INSERT INTO payment (payment_id, auction_id, buyer_login, buyer_role, amount, payment_status) VALUES (136, 408, 'buyer271', 'Buyer', 437.31, 'Completed');
INSERT INTO shipment (shipment_id, auction_id, address, shipment_status, tracking_number) VALUES (136, 408, 'Shipping Address for buyer271', 'Pending', NULL);
INSERT INTO payment (payment_id, auction_id, buyer_login, buyer_role, amount, payment_status) VALUES (137, 411, 'buyer259', 'Buyer', 240.61, 'Completed');
INSERT INTO shipment (shipment_id, auction_id, address, shipment_status, tracking_number) VALUES (137, 411, 'Shipping Address for buyer259', 'Shipped', 'TRACK000411');
INSERT INTO payment (payment_id, auction_id, buyer_login, buyer_role, amount, payment_status) VALUES (138, 414, 'buyer366', 'Buyer', 358.08, 'Completed');
INSERT INTO shipment (shipment_id, auction_id, address, shipment_status, tracking_number) VALUES (138, 414, 'Shipping Address for buyer366', 'Shipped', 'TRACK000414');
INSERT INTO payment (payment_id, auction_id, buyer_login, buyer_role, amount, payment_status) VALUES (139, 417, 'buyer93', 'Buyer', 438.70, 'Completed');
INSERT INTO shipment (shipment_id, auction_id, address, shipment_status, tracking_number) VALUES (139, 417, 'Shipping Address for buyer93', 'Shipped', 'TRACK000417');
INSERT INTO payment (payment_id, auction_id, buyer_login, buyer_role, amount, payment_status) VALUES (140, 420, 'buyer124', 'Buyer', 276.88, 'Failed');
INSERT INTO shipment (shipment_id, auction_id, address, shipment_status, tracking_number) VALUES (140, 420, 'Shipping Address for buyer124', 'Pending', NULL);
INSERT INTO payment (payment_id, auction_id, buyer_login, buyer_role, amount, payment_status) VALUES (141, 423, 'buyer370', 'Buyer', 484.28, 'Pending');
INSERT INTO shipment (shipment_id, auction_id, address, shipment_status, tracking_number) VALUES (141, 423, 'Shipping Address for buyer370', 'Pending', NULL);
INSERT INTO payment (payment_id, auction_id, buyer_login, buyer_role, amount, payment_status) VALUES (142, 426, 'buyer200', 'Buyer', 591.88, 'Pending');
INSERT INTO shipment (shipment_id, auction_id, address, shipment_status, tracking_number) VALUES (142, 426, 'Shipping Address for buyer200', 'Pending', NULL);
INSERT INTO payment (payment_id, auction_id, buyer_login, buyer_role, amount, payment_status) VALUES (143, 429, 'buyer312', 'Buyer', 498.50, 'Completed');
INSERT INTO shipment (shipment_id, auction_id, address, shipment_status, tracking_number) VALUES (143, 429, 'Shipping Address for buyer312', 'Pending', NULL);
INSERT INTO payment (payment_id, auction_id, buyer_login, buyer_role, amount, payment_status) VALUES (144, 432, 'buyer281', 'Buyer', 218.69, 'Pending');
INSERT INTO shipment (shipment_id, auction_id, address, shipment_status, tracking_number) VALUES (144, 432, 'Shipping Address for buyer281', 'Pending', NULL);
INSERT INTO payment (payment_id, auction_id, buyer_login, buyer_role, amount, payment_status) VALUES (145, 435, 'buyer349', 'Buyer', 387.01, 'Failed');
INSERT INTO shipment (shipment_id, auction_id, address, shipment_status, tracking_number) VALUES (145, 435, 'Shipping Address for buyer349', 'Pending', NULL);
INSERT INTO payment (payment_id, auction_id, buyer_login, buyer_role, amount, payment_status) VALUES (146, 438, 'buyer187', 'Buyer', 625.31, 'Pending');
INSERT INTO shipment (shipment_id, auction_id, address, shipment_status, tracking_number) VALUES (146, 438, 'Shipping Address for buyer187', 'Delivered', 'TRACK000438');
INSERT INTO payment (payment_id, auction_id, buyer_login, buyer_role, amount, payment_status) VALUES (147, 441, 'buyer113', 'Buyer', 333.51, 'Completed');
INSERT INTO shipment (shipment_id, auction_id, address, shipment_status, tracking_number) VALUES (147, 441, 'Shipping Address for buyer113', 'Delivered', 'TRACK000441');
INSERT INTO payment (payment_id, auction_id, buyer_login, buyer_role, amount, payment_status) VALUES (148, 444, 'buyer88', 'Buyer', 356.53, 'Pending');
INSERT INTO shipment (shipment_id, auction_id, address, shipment_status, tracking_number) VALUES (148, 444, 'Shipping Address for buyer88', 'Shipped', 'TRACK000444');
INSERT INTO payment (payment_id, auction_id, buyer_login, buyer_role, amount, payment_status) VALUES (149, 447, 'buyer271', 'Buyer', 598.08, 'Failed');
INSERT INTO shipment (shipment_id, auction_id, address, shipment_status, tracking_number) VALUES (149, 447, 'Shipping Address for buyer271', 'Shipped', 'TRACK000447');
INSERT INTO payment (payment_id, auction_id, buyer_login, buyer_role, amount, payment_status) VALUES (150, 450, 'buyer306', 'Buyer', 629.81, 'Pending');
INSERT INTO shipment (shipment_id, auction_id, address, shipment_status, tracking_number) VALUES (150, 450, 'Shipping Address for buyer306', 'Delivered', 'TRACK000450');
INSERT INTO payment (payment_id, auction_id, buyer_login, buyer_role, amount, payment_status) VALUES (151, 453, 'buyer202', 'Buyer', 573.68, 'Completed');
INSERT INTO shipment (shipment_id, auction_id, address, shipment_status, tracking_number) VALUES (151, 453, 'Shipping Address for buyer202', 'Shipped', 'TRACK000453');
INSERT INTO payment (payment_id, auction_id, buyer_login, buyer_role, amount, payment_status) VALUES (152, 456, 'buyer180', 'Buyer', 752.33, 'Pending');
INSERT INTO shipment (shipment_id, auction_id, address, shipment_status, tracking_number) VALUES (152, 456, 'Shipping Address for buyer180', 'Delivered', 'TRACK000456');
INSERT INTO payment (payment_id, auction_id, buyer_login, buyer_role, amount, payment_status) VALUES (153, 459, 'buyer208', 'Buyer', 560.64, 'Completed');
INSERT INTO shipment (shipment_id, auction_id, address, shipment_status, tracking_number) VALUES (153, 459, 'Shipping Address for buyer208', 'Shipped', 'TRACK000459');
INSERT INTO payment (payment_id, auction_id, buyer_login, buyer_role, amount, payment_status) VALUES (154, 462, 'buyer288', 'Buyer', 368.10, 'Failed');
INSERT INTO shipment (shipment_id, auction_id, address, shipment_status, tracking_number) VALUES (154, 462, 'Shipping Address for buyer288', 'Delivered', 'TRACK000462');
INSERT INTO payment (payment_id, auction_id, buyer_login, buyer_role, amount, payment_status) VALUES (155, 465, 'buyer221', 'Buyer', 344.37, 'Completed');
INSERT INTO shipment (shipment_id, auction_id, address, shipment_status, tracking_number) VALUES (155, 465, 'Shipping Address for buyer221', 'Pending', NULL);
INSERT INTO payment (payment_id, auction_id, buyer_login, buyer_role, amount, payment_status) VALUES (156, 468, 'buyer400', 'Buyer', 181.09, 'Completed');
INSERT INTO shipment (shipment_id, auction_id, address, shipment_status, tracking_number) VALUES (156, 468, 'Shipping Address for buyer400', 'Delivered', 'TRACK000468');
INSERT INTO payment (payment_id, auction_id, buyer_login, buyer_role, amount, payment_status) VALUES (157, 471, 'buyer323', 'Buyer', 602.67, 'Completed');
INSERT INTO shipment (shipment_id, auction_id, address, shipment_status, tracking_number) VALUES (157, 471, 'Shipping Address for buyer323', 'Delivered', 'TRACK000471');
INSERT INTO payment (payment_id, auction_id, buyer_login, buyer_role, amount, payment_status) VALUES (158, 474, 'buyer352', 'Buyer', 377.44, 'Failed');
INSERT INTO shipment (shipment_id, auction_id, address, shipment_status, tracking_number) VALUES (158, 474, 'Shipping Address for buyer352', 'Pending', NULL);
INSERT INTO payment (payment_id, auction_id, buyer_login, buyer_role, amount, payment_status) VALUES (159, 477, 'buyer62', 'Buyer', 161.09, 'Completed');
INSERT INTO shipment (shipment_id, auction_id, address, shipment_status, tracking_number) VALUES (159, 477, 'Shipping Address for buyer62', 'Pending', NULL);
INSERT INTO payment (payment_id, auction_id, buyer_login, buyer_role, amount, payment_status) VALUES (160, 480, 'buyer227', 'Buyer', 448.87, 'Completed');
INSERT INTO shipment (shipment_id, auction_id, address, shipment_status, tracking_number) VALUES (160, 480, 'Shipping Address for buyer227', 'Pending', NULL);
INSERT INTO payment (payment_id, auction_id, buyer_login, buyer_role, amount, payment_status) VALUES (161, 483, 'buyer190', 'Buyer', 413.24, 'Failed');
INSERT INTO shipment (shipment_id, auction_id, address, shipment_status, tracking_number) VALUES (161, 483, 'Shipping Address for buyer190', 'Pending', NULL);
INSERT INTO payment (payment_id, auction_id, buyer_login, buyer_role, amount, payment_status) VALUES (162, 486, 'buyer144', 'Buyer', 235.78, 'Pending');
INSERT INTO shipment (shipment_id, auction_id, address, shipment_status, tracking_number) VALUES (162, 486, 'Shipping Address for buyer144', 'Delivered', 'TRACK000486');
INSERT INTO payment (payment_id, auction_id, buyer_login, buyer_role, amount, payment_status) VALUES (163, 489, 'buyer227', 'Buyer', 413.18, 'Pending');
INSERT INTO shipment (shipment_id, auction_id, address, shipment_status, tracking_number) VALUES (163, 489, 'Shipping Address for buyer227', 'Pending', NULL);
INSERT INTO payment (payment_id, auction_id, buyer_login, buyer_role, amount, payment_status) VALUES (164, 492, 'buyer148', 'Buyer', 648.90, 'Completed');
INSERT INTO shipment (shipment_id, auction_id, address, shipment_status, tracking_number) VALUES (164, 492, 'Shipping Address for buyer148', 'Pending', NULL);
INSERT INTO payment (payment_id, auction_id, buyer_login, buyer_role, amount, payment_status) VALUES (165, 495, 'buyer397', 'Buyer', 398.39, 'Completed');
INSERT INTO shipment (shipment_id, auction_id, address, shipment_status, tracking_number) VALUES (165, 495, 'Shipping Address for buyer397', 'Delivered', 'TRACK000495');
INSERT INTO payment (payment_id, auction_id, buyer_login, buyer_role, amount, payment_status) VALUES (166, 498, 'buyer266', 'Buyer', 349.08, 'Pending');
INSERT INTO shipment (shipment_id, auction_id, address, shipment_status, tracking_number) VALUES (166, 498, 'Shipping Address for buyer266', 'Shipped', 'TRACK000498');
INSERT INTO payment (payment_id, auction_id, buyer_login, buyer_role, amount, payment_status) VALUES (167, 501, 'buyer63', 'Buyer', 418.59, 'Pending');
INSERT INTO shipment (shipment_id, auction_id, address, shipment_status, tracking_number) VALUES (167, 501, 'Shipping Address for buyer63', 'Delivered', 'TRACK000501');
INSERT INTO payment (payment_id, auction_id, buyer_login, buyer_role, amount, payment_status) VALUES (168, 504, 'buyer172', 'Buyer', 694.40, 'Completed');
INSERT INTO shipment (shipment_id, auction_id, address, shipment_status, tracking_number) VALUES (168, 504, 'Shipping Address for buyer172', 'Shipped', 'TRACK000504');
INSERT INTO payment (payment_id, auction_id, buyer_login, buyer_role, amount, payment_status) VALUES (169, 507, 'buyer123', 'Buyer', 747.66, 'Pending');
INSERT INTO shipment (shipment_id, auction_id, address, shipment_status, tracking_number) VALUES (169, 507, 'Shipping Address for buyer123', 'Delivered', 'TRACK000507');
INSERT INTO payment (payment_id, auction_id, buyer_login, buyer_role, amount, payment_status) VALUES (170, 510, 'buyer249', 'Buyer', 464.43, 'Pending');
INSERT INTO shipment (shipment_id, auction_id, address, shipment_status, tracking_number) VALUES (170, 510, 'Shipping Address for buyer249', 'Delivered', 'TRACK000510');
INSERT INTO payment (payment_id, auction_id, buyer_login, buyer_role, amount, payment_status) VALUES (171, 513, 'buyer169', 'Buyer', 133.87, 'Pending');
INSERT INTO shipment (shipment_id, auction_id, address, shipment_status, tracking_number) VALUES (171, 513, 'Shipping Address for buyer169', 'Delivered', 'TRACK000513');
INSERT INTO payment (payment_id, auction_id, buyer_login, buyer_role, amount, payment_status) VALUES (172, 516, 'buyer142', 'Buyer', 138.28, 'Pending');
INSERT INTO shipment (shipment_id, auction_id, address, shipment_status, tracking_number) VALUES (172, 516, 'Shipping Address for buyer142', 'Pending', NULL);
INSERT INTO payment (payment_id, auction_id, buyer_login, buyer_role, amount, payment_status) VALUES (173, 519, 'buyer191', 'Buyer', 447.71, 'Pending');
INSERT INTO shipment (shipment_id, auction_id, address, shipment_status, tracking_number) VALUES (173, 519, 'Shipping Address for buyer191', 'Delivered', 'TRACK000519');
INSERT INTO payment (payment_id, auction_id, buyer_login, buyer_role, amount, payment_status) VALUES (174, 522, 'buyer86', 'Buyer', 79.12, 'Completed');
INSERT INTO shipment (shipment_id, auction_id, address, shipment_status, tracking_number) VALUES (174, 522, 'Shipping Address for buyer86', 'Pending', NULL);
INSERT INTO payment (payment_id, auction_id, buyer_login, buyer_role, amount, payment_status) VALUES (175, 525, 'buyer145', 'Buyer', 415.22, 'Completed');
INSERT INTO shipment (shipment_id, auction_id, address, shipment_status, tracking_number) VALUES (175, 525, 'Shipping Address for buyer145', 'Delivered', 'TRACK000525');
INSERT INTO payment (payment_id, auction_id, buyer_login, buyer_role, amount, payment_status) VALUES (176, 528, 'buyer344', 'Buyer', 207.97, 'Completed');
INSERT INTO shipment (shipment_id, auction_id, address, shipment_status, tracking_number) VALUES (176, 528, 'Shipping Address for buyer344', 'Delivered', 'TRACK000528');
INSERT INTO payment (payment_id, auction_id, buyer_login, buyer_role, amount, payment_status) VALUES (177, 531, 'buyer352', 'Buyer', 302.09, 'Pending');
INSERT INTO shipment (shipment_id, auction_id, address, shipment_status, tracking_number) VALUES (177, 531, 'Shipping Address for buyer352', 'Shipped', 'TRACK000531');
INSERT INTO payment (payment_id, auction_id, buyer_login, buyer_role, amount, payment_status) VALUES (178, 534, 'buyer330', 'Buyer', 538.75, 'Pending');
INSERT INTO shipment (shipment_id, auction_id, address, shipment_status, tracking_number) VALUES (178, 534, 'Shipping Address for buyer330', 'Delivered', 'TRACK000534');
INSERT INTO payment (payment_id, auction_id, buyer_login, buyer_role, amount, payment_status) VALUES (179, 537, 'buyer98', 'Buyer', 619.40, 'Pending');
INSERT INTO shipment (shipment_id, auction_id, address, shipment_status, tracking_number) VALUES (179, 537, 'Shipping Address for buyer98', 'Shipped', 'TRACK000537');
INSERT INTO payment (payment_id, auction_id, buyer_login, buyer_role, amount, payment_status) VALUES (180, 540, 'buyer288', 'Buyer', 654.02, 'Completed');
INSERT INTO shipment (shipment_id, auction_id, address, shipment_status, tracking_number) VALUES (180, 540, 'Shipping Address for buyer288', 'Pending', NULL);
INSERT INTO payment (payment_id, auction_id, buyer_login, buyer_role, amount, payment_status) VALUES (181, 543, 'buyer201', 'Buyer', 586.21, 'Pending');
INSERT INTO shipment (shipment_id, auction_id, address, shipment_status, tracking_number) VALUES (181, 543, 'Shipping Address for buyer201', 'Shipped', 'TRACK000543');
INSERT INTO payment (payment_id, auction_id, buyer_login, buyer_role, amount, payment_status) VALUES (182, 546, 'buyer322', 'Buyer', 460.98, 'Pending');
INSERT INTO shipment (shipment_id, auction_id, address, shipment_status, tracking_number) VALUES (182, 546, 'Shipping Address for buyer322', 'Shipped', 'TRACK000546');
INSERT INTO payment (payment_id, auction_id, buyer_login, buyer_role, amount, payment_status) VALUES (183, 549, 'buyer362', 'Buyer', 246.23, 'Failed');
INSERT INTO shipment (shipment_id, auction_id, address, shipment_status, tracking_number) VALUES (183, 549, 'Shipping Address for buyer362', 'Delivered', 'TRACK000549');
INSERT INTO payment (payment_id, auction_id, buyer_login, buyer_role, amount, payment_status) VALUES (184, 552, 'buyer364', 'Buyer', 210.10, 'Pending');
INSERT INTO shipment (shipment_id, auction_id, address, shipment_status, tracking_number) VALUES (184, 552, 'Shipping Address for buyer364', 'Shipped', 'TRACK000552');
INSERT INTO payment (payment_id, auction_id, buyer_login, buyer_role, amount, payment_status) VALUES (185, 555, 'buyer305', 'Buyer', 462.77, 'Failed');
INSERT INTO shipment (shipment_id, auction_id, address, shipment_status, tracking_number) VALUES (185, 555, 'Shipping Address for buyer305', 'Delivered', 'TRACK000555');
INSERT INTO payment (payment_id, auction_id, buyer_login, buyer_role, amount, payment_status) VALUES (186, 558, 'buyer339', 'Buyer', 430.89, 'Failed');
INSERT INTO shipment (shipment_id, auction_id, address, shipment_status, tracking_number) VALUES (186, 558, 'Shipping Address for buyer339', 'Pending', NULL);
INSERT INTO payment (payment_id, auction_id, buyer_login, buyer_role, amount, payment_status) VALUES (187, 561, 'buyer203', 'Buyer', 619.35, 'Completed');
INSERT INTO shipment (shipment_id, auction_id, address, shipment_status, tracking_number) VALUES (187, 561, 'Shipping Address for buyer203', 'Shipped', 'TRACK000561');
INSERT INTO payment (payment_id, auction_id, buyer_login, buyer_role, amount, payment_status) VALUES (188, 564, 'buyer150', 'Buyer', 187.17, 'Failed');
INSERT INTO shipment (shipment_id, auction_id, address, shipment_status, tracking_number) VALUES (188, 564, 'Shipping Address for buyer150', 'Pending', NULL);
INSERT INTO payment (payment_id, auction_id, buyer_login, buyer_role, amount, payment_status) VALUES (189, 567, 'buyer296', 'Buyer', 597.33, 'Failed');
INSERT INTO shipment (shipment_id, auction_id, address, shipment_status, tracking_number) VALUES (189, 567, 'Shipping Address for buyer296', 'Delivered', 'TRACK000567');
INSERT INTO payment (payment_id, auction_id, buyer_login, buyer_role, amount, payment_status) VALUES (190, 570, 'buyer83', 'Buyer', 336.75, 'Completed');
INSERT INTO shipment (shipment_id, auction_id, address, shipment_status, tracking_number) VALUES (190, 570, 'Shipping Address for buyer83', 'Pending', NULL);
INSERT INTO payment (payment_id, auction_id, buyer_login, buyer_role, amount, payment_status) VALUES (191, 573, 'buyer172', 'Buyer', 213.18, 'Completed');
INSERT INTO shipment (shipment_id, auction_id, address, shipment_status, tracking_number) VALUES (191, 573, 'Shipping Address for buyer172', 'Delivered', 'TRACK000573');
INSERT INTO payment (payment_id, auction_id, buyer_login, buyer_role, amount, payment_status) VALUES (192, 576, 'buyer207', 'Buyer', 562.83, 'Pending');
INSERT INTO shipment (shipment_id, auction_id, address, shipment_status, tracking_number) VALUES (192, 576, 'Shipping Address for buyer207', 'Shipped', 'TRACK000576');
INSERT INTO payment (payment_id, auction_id, buyer_login, buyer_role, amount, payment_status) VALUES (193, 579, 'buyer7', 'Buyer', 507.57, 'Pending');
INSERT INTO shipment (shipment_id, auction_id, address, shipment_status, tracking_number) VALUES (193, 579, 'Shipping Address for buyer7', 'Delivered', 'TRACK000579');
INSERT INTO payment (payment_id, auction_id, buyer_login, buyer_role, amount, payment_status) VALUES (194, 582, 'buyer114', 'Buyer', 493.78, 'Failed');
INSERT INTO shipment (shipment_id, auction_id, address, shipment_status, tracking_number) VALUES (194, 582, 'Shipping Address for buyer114', 'Shipped', 'TRACK000582');
INSERT INTO payment (payment_id, auction_id, buyer_login, buyer_role, amount, payment_status) VALUES (195, 585, 'buyer258', 'Buyer', 52.41, 'Failed');
INSERT INTO shipment (shipment_id, auction_id, address, shipment_status, tracking_number) VALUES (195, 585, 'Shipping Address for buyer258', 'Pending', NULL);
INSERT INTO payment (payment_id, auction_id, buyer_login, buyer_role, amount, payment_status) VALUES (196, 588, 'buyer367', 'Buyer', 311.44, 'Completed');
INSERT INTO shipment (shipment_id, auction_id, address, shipment_status, tracking_number) VALUES (196, 588, 'Shipping Address for buyer367', 'Pending', NULL);
INSERT INTO payment (payment_id, auction_id, buyer_login, buyer_role, amount, payment_status) VALUES (197, 591, 'buyer80', 'Buyer', 496.41, 'Failed');
INSERT INTO shipment (shipment_id, auction_id, address, shipment_status, tracking_number) VALUES (197, 591, 'Shipping Address for buyer80', 'Delivered', 'TRACK000591');
INSERT INTO payment (payment_id, auction_id, buyer_login, buyer_role, amount, payment_status) VALUES (198, 594, 'buyer201', 'Buyer', 559.13, 'Failed');
INSERT INTO shipment (shipment_id, auction_id, address, shipment_status, tracking_number) VALUES (198, 594, 'Shipping Address for buyer201', 'Delivered', 'TRACK000594');
INSERT INTO payment (payment_id, auction_id, buyer_login, buyer_role, amount, payment_status) VALUES (199, 597, 'buyer88', 'Buyer', 269.39, 'Pending');
INSERT INTO shipment (shipment_id, auction_id, address, shipment_status, tracking_number) VALUES (199, 597, 'Shipping Address for buyer88', 'Pending', NULL);
INSERT INTO payment (payment_id, auction_id, buyer_login, buyer_role, amount, payment_status) VALUES (200, 600, 'buyer23', 'Buyer', 585.10, 'Failed');
INSERT INTO shipment (shipment_id, auction_id, address, shipment_status, tracking_number) VALUES (200, 600, 'Shipping Address for buyer23', 'Pending', NULL);
INSERT INTO payment (payment_id, auction_id, buyer_login, buyer_role, amount, payment_status) VALUES (201, 603, 'buyer117', 'Buyer', 372.63, 'Failed');
INSERT INTO shipment (shipment_id, auction_id, address, shipment_status, tracking_number) VALUES (201, 603, 'Shipping Address for buyer117', 'Pending', NULL);
INSERT INTO payment (payment_id, auction_id, buyer_login, buyer_role, amount, payment_status) VALUES (202, 606, 'buyer16', 'Buyer', 458.74, 'Failed');
INSERT INTO shipment (shipment_id, auction_id, address, shipment_status, tracking_number) VALUES (202, 606, 'Shipping Address for buyer16', 'Pending', NULL);
INSERT INTO payment (payment_id, auction_id, buyer_login, buyer_role, amount, payment_status) VALUES (203, 609, 'buyer145', 'Buyer', 548.28, 'Completed');
INSERT INTO shipment (shipment_id, auction_id, address, shipment_status, tracking_number) VALUES (203, 609, 'Shipping Address for buyer145', 'Shipped', 'TRACK000609');
INSERT INTO payment (payment_id, auction_id, buyer_login, buyer_role, amount, payment_status) VALUES (204, 612, 'buyer55', 'Buyer', 405.25, 'Failed');
INSERT INTO shipment (shipment_id, auction_id, address, shipment_status, tracking_number) VALUES (204, 612, 'Shipping Address for buyer55', 'Delivered', 'TRACK000612');
INSERT INTO payment (payment_id, auction_id, buyer_login, buyer_role, amount, payment_status) VALUES (205, 615, 'buyer267', 'Buyer', 477.64, 'Failed');
INSERT INTO shipment (shipment_id, auction_id, address, shipment_status, tracking_number) VALUES (205, 615, 'Shipping Address for buyer267', 'Delivered', 'TRACK000615');
INSERT INTO payment (payment_id, auction_id, buyer_login, buyer_role, amount, payment_status) VALUES (206, 618, 'buyer191', 'Buyer', 296.56, 'Completed');
INSERT INTO shipment (shipment_id, auction_id, address, shipment_status, tracking_number) VALUES (206, 618, 'Shipping Address for buyer191', 'Shipped', 'TRACK000618');
INSERT INTO payment (payment_id, auction_id, buyer_login, buyer_role, amount, payment_status) VALUES (207, 621, 'buyer280', 'Buyer', 645.15, 'Completed');
INSERT INTO shipment (shipment_id, auction_id, address, shipment_status, tracking_number) VALUES (207, 621, 'Shipping Address for buyer280', 'Pending', NULL);
INSERT INTO payment (payment_id, auction_id, buyer_login, buyer_role, amount, payment_status) VALUES (208, 624, 'buyer336', 'Buyer', 391.96, 'Pending');
INSERT INTO shipment (shipment_id, auction_id, address, shipment_status, tracking_number) VALUES (208, 624, 'Shipping Address for buyer336', 'Shipped', 'TRACK000624');
INSERT INTO payment (payment_id, auction_id, buyer_login, buyer_role, amount, payment_status) VALUES (209, 627, 'buyer267', 'Buyer', 447.25, 'Completed');
INSERT INTO shipment (shipment_id, auction_id, address, shipment_status, tracking_number) VALUES (209, 627, 'Shipping Address for buyer267', 'Shipped', 'TRACK000627');
INSERT INTO payment (payment_id, auction_id, buyer_login, buyer_role, amount, payment_status) VALUES (210, 630, 'buyer80', 'Buyer', 503.31, 'Failed');
INSERT INTO shipment (shipment_id, auction_id, address, shipment_status, tracking_number) VALUES (210, 630, 'Shipping Address for buyer80', 'Delivered', 'TRACK000630');
INSERT INTO payment (payment_id, auction_id, buyer_login, buyer_role, amount, payment_status) VALUES (211, 633, 'buyer286', 'Buyer', 256.41, 'Failed');
INSERT INTO shipment (shipment_id, auction_id, address, shipment_status, tracking_number) VALUES (211, 633, 'Shipping Address for buyer286', 'Pending', NULL);
INSERT INTO payment (payment_id, auction_id, buyer_login, buyer_role, amount, payment_status) VALUES (212, 636, 'buyer366', 'Buyer', 143.46, 'Completed');
INSERT INTO shipment (shipment_id, auction_id, address, shipment_status, tracking_number) VALUES (212, 636, 'Shipping Address for buyer366', 'Shipped', 'TRACK000636');
INSERT INTO payment (payment_id, auction_id, buyer_login, buyer_role, amount, payment_status) VALUES (213, 639, 'buyer349', 'Buyer', 142.49, 'Failed');
INSERT INTO shipment (shipment_id, auction_id, address, shipment_status, tracking_number) VALUES (213, 639, 'Shipping Address for buyer349', 'Delivered', 'TRACK000639');
INSERT INTO payment (payment_id, auction_id, buyer_login, buyer_role, amount, payment_status) VALUES (214, 642, 'buyer309', 'Buyer', 434.52, 'Pending');
INSERT INTO shipment (shipment_id, auction_id, address, shipment_status, tracking_number) VALUES (214, 642, 'Shipping Address for buyer309', 'Shipped', 'TRACK000642');
INSERT INTO payment (payment_id, auction_id, buyer_login, buyer_role, amount, payment_status) VALUES (215, 645, 'buyer313', 'Buyer', 290.23, 'Completed');
INSERT INTO shipment (shipment_id, auction_id, address, shipment_status, tracking_number) VALUES (215, 645, 'Shipping Address for buyer313', 'Delivered', 'TRACK000645');
INSERT INTO payment (payment_id, auction_id, buyer_login, buyer_role, amount, payment_status) VALUES (216, 648, 'buyer141', 'Buyer', 389.22, 'Pending');
INSERT INTO shipment (shipment_id, auction_id, address, shipment_status, tracking_number) VALUES (216, 648, 'Shipping Address for buyer141', 'Shipped', 'TRACK000648');
INSERT INTO payment (payment_id, auction_id, buyer_login, buyer_role, amount, payment_status) VALUES (217, 651, 'buyer184', 'Buyer', 754.59, 'Pending');
INSERT INTO shipment (shipment_id, auction_id, address, shipment_status, tracking_number) VALUES (217, 651, 'Shipping Address for buyer184', 'Pending', NULL);
INSERT INTO payment (payment_id, auction_id, buyer_login, buyer_role, amount, payment_status) VALUES (218, 654, 'buyer33', 'Buyer', 707.43, 'Pending');
INSERT INTO shipment (shipment_id, auction_id, address, shipment_status, tracking_number) VALUES (218, 654, 'Shipping Address for buyer33', 'Pending', NULL);
INSERT INTO payment (payment_id, auction_id, buyer_login, buyer_role, amount, payment_status) VALUES (219, 657, 'buyer322', 'Buyer', 151.47, 'Completed');
INSERT INTO shipment (shipment_id, auction_id, address, shipment_status, tracking_number) VALUES (219, 657, 'Shipping Address for buyer322', 'Delivered', 'TRACK000657');
INSERT INTO payment (payment_id, auction_id, buyer_login, buyer_role, amount, payment_status) VALUES (220, 660, 'buyer18', 'Buyer', 503.27, 'Pending');
INSERT INTO shipment (shipment_id, auction_id, address, shipment_status, tracking_number) VALUES (220, 660, 'Shipping Address for buyer18', 'Pending', NULL);
INSERT INTO payment (payment_id, auction_id, buyer_login, buyer_role, amount, payment_status) VALUES (221, 663, 'buyer381', 'Buyer', 520.46, 'Pending');
INSERT INTO shipment (shipment_id, auction_id, address, shipment_status, tracking_number) VALUES (221, 663, 'Shipping Address for buyer381', 'Shipped', 'TRACK000663');
INSERT INTO payment (payment_id, auction_id, buyer_login, buyer_role, amount, payment_status) VALUES (222, 666, 'buyer83', 'Buyer', 299.17, 'Pending');
INSERT INTO shipment (shipment_id, auction_id, address, shipment_status, tracking_number) VALUES (222, 666, 'Shipping Address for buyer83', 'Shipped', 'TRACK000666');
INSERT INTO payment (payment_id, auction_id, buyer_login, buyer_role, amount, payment_status) VALUES (223, 669, 'buyer285', 'Buyer', 363.39, 'Pending');
INSERT INTO shipment (shipment_id, auction_id, address, shipment_status, tracking_number) VALUES (223, 669, 'Shipping Address for buyer285', 'Delivered', 'TRACK000669');
INSERT INTO payment (payment_id, auction_id, buyer_login, buyer_role, amount, payment_status) VALUES (224, 672, 'buyer4', 'Buyer', 468.81, 'Failed');
INSERT INTO shipment (shipment_id, auction_id, address, shipment_status, tracking_number) VALUES (224, 672, 'Shipping Address for buyer4', 'Pending', NULL);
INSERT INTO payment (payment_id, auction_id, buyer_login, buyer_role, amount, payment_status) VALUES (225, 675, 'buyer230', 'Buyer', 425.06, 'Pending');
INSERT INTO shipment (shipment_id, auction_id, address, shipment_status, tracking_number) VALUES (225, 675, 'Shipping Address for buyer230', 'Pending', NULL);
INSERT INTO payment (payment_id, auction_id, buyer_login, buyer_role, amount, payment_status) VALUES (226, 678, 'buyer309', 'Buyer', 285.79, 'Completed');
INSERT INTO shipment (shipment_id, auction_id, address, shipment_status, tracking_number) VALUES (226, 678, 'Shipping Address for buyer309', 'Delivered', 'TRACK000678');
INSERT INTO payment (payment_id, auction_id, buyer_login, buyer_role, amount, payment_status) VALUES (227, 681, 'buyer249', 'Buyer', 346.02, 'Pending');
INSERT INTO shipment (shipment_id, auction_id, address, shipment_status, tracking_number) VALUES (227, 681, 'Shipping Address for buyer249', 'Pending', NULL);
INSERT INTO payment (payment_id, auction_id, buyer_login, buyer_role, amount, payment_status) VALUES (228, 684, 'buyer14', 'Buyer', 519.70, 'Failed');
INSERT INTO shipment (shipment_id, auction_id, address, shipment_status, tracking_number) VALUES (228, 684, 'Shipping Address for buyer14', 'Pending', NULL);
INSERT INTO payment (payment_id, auction_id, buyer_login, buyer_role, amount, payment_status) VALUES (229, 687, 'buyer352', 'Buyer', 278.04, 'Completed');
INSERT INTO shipment (shipment_id, auction_id, address, shipment_status, tracking_number) VALUES (229, 687, 'Shipping Address for buyer352', 'Pending', NULL);
INSERT INTO payment (payment_id, auction_id, buyer_login, buyer_role, amount, payment_status) VALUES (230, 690, 'buyer91', 'Buyer', 233.29, 'Completed');
INSERT INTO shipment (shipment_id, auction_id, address, shipment_status, tracking_number) VALUES (230, 690, 'Shipping Address for buyer91', 'Pending', NULL);
INSERT INTO payment (payment_id, auction_id, buyer_login, buyer_role, amount, payment_status) VALUES (231, 693, 'buyer75', 'Buyer', 275.88, 'Pending');
INSERT INTO shipment (shipment_id, auction_id, address, shipment_status, tracking_number) VALUES (231, 693, 'Shipping Address for buyer75', 'Shipped', 'TRACK000693');
INSERT INTO payment (payment_id, auction_id, buyer_login, buyer_role, amount, payment_status) VALUES (232, 696, 'buyer282', 'Buyer', 505.27, 'Failed');
INSERT INTO shipment (shipment_id, auction_id, address, shipment_status, tracking_number) VALUES (232, 696, 'Shipping Address for buyer282', 'Shipped', 'TRACK000696');
INSERT INTO payment (payment_id, auction_id, buyer_login, buyer_role, amount, payment_status) VALUES (233, 699, 'buyer91', 'Buyer', 442.52, 'Completed');
INSERT INTO shipment (shipment_id, auction_id, address, shipment_status, tracking_number) VALUES (233, 699, 'Shipping Address for buyer91', 'Shipped', 'TRACK000699');
INSERT INTO payment (payment_id, auction_id, buyer_login, buyer_role, amount, payment_status) VALUES (234, 702, 'buyer29', 'Buyer', 320.61, 'Completed');
INSERT INTO shipment (shipment_id, auction_id, address, shipment_status, tracking_number) VALUES (234, 702, 'Shipping Address for buyer29', 'Pending', NULL);
INSERT INTO payment (payment_id, auction_id, buyer_login, buyer_role, amount, payment_status) VALUES (235, 705, 'buyer125', 'Buyer', 551.40, 'Failed');
INSERT INTO shipment (shipment_id, auction_id, address, shipment_status, tracking_number) VALUES (235, 705, 'Shipping Address for buyer125', 'Shipped', 'TRACK000705');
INSERT INTO payment (payment_id, auction_id, buyer_login, buyer_role, amount, payment_status) VALUES (236, 708, 'buyer332', 'Buyer', 366.85, 'Failed');
INSERT INTO shipment (shipment_id, auction_id, address, shipment_status, tracking_number) VALUES (236, 708, 'Shipping Address for buyer332', 'Shipped', 'TRACK000708');
INSERT INTO payment (payment_id, auction_id, buyer_login, buyer_role, amount, payment_status) VALUES (237, 711, 'buyer57', 'Buyer', 669.90, 'Failed');
INSERT INTO shipment (shipment_id, auction_id, address, shipment_status, tracking_number) VALUES (237, 711, 'Shipping Address for buyer57', 'Pending', NULL);
INSERT INTO payment (payment_id, auction_id, buyer_login, buyer_role, amount, payment_status) VALUES (238, 714, 'buyer123', 'Buyer', 307.66, 'Pending');
INSERT INTO shipment (shipment_id, auction_id, address, shipment_status, tracking_number) VALUES (238, 714, 'Shipping Address for buyer123', 'Shipped', 'TRACK000714');
INSERT INTO payment (payment_id, auction_id, buyer_login, buyer_role, amount, payment_status) VALUES (239, 717, 'buyer302', 'Buyer', 489.40, 'Pending');
INSERT INTO shipment (shipment_id, auction_id, address, shipment_status, tracking_number) VALUES (239, 717, 'Shipping Address for buyer302', 'Shipped', 'TRACK000717');
INSERT INTO payment (payment_id, auction_id, buyer_login, buyer_role, amount, payment_status) VALUES (240, 720, 'buyer148', 'Buyer', 673.35, 'Failed');
INSERT INTO shipment (shipment_id, auction_id, address, shipment_status, tracking_number) VALUES (240, 720, 'Shipping Address for buyer148', 'Pending', NULL);
INSERT INTO payment (payment_id, auction_id, buyer_login, buyer_role, amount, payment_status) VALUES (241, 723, 'buyer98', 'Buyer', 454.93, 'Pending');
INSERT INTO shipment (shipment_id, auction_id, address, shipment_status, tracking_number) VALUES (241, 723, 'Shipping Address for buyer98', 'Delivered', 'TRACK000723');
INSERT INTO payment (payment_id, auction_id, buyer_login, buyer_role, amount, payment_status) VALUES (242, 726, 'buyer299', 'Buyer', 178.21, 'Failed');
INSERT INTO shipment (shipment_id, auction_id, address, shipment_status, tracking_number) VALUES (242, 726, 'Shipping Address for buyer299', 'Pending', NULL);
INSERT INTO payment (payment_id, auction_id, buyer_login, buyer_role, amount, payment_status) VALUES (243, 729, 'buyer183', 'Buyer', 514.42, 'Failed');
INSERT INTO shipment (shipment_id, auction_id, address, shipment_status, tracking_number) VALUES (243, 729, 'Shipping Address for buyer183', 'Delivered', 'TRACK000729');
INSERT INTO payment (payment_id, auction_id, buyer_login, buyer_role, amount, payment_status) VALUES (244, 732, 'buyer307', 'Buyer', 378.78, 'Failed');
INSERT INTO shipment (shipment_id, auction_id, address, shipment_status, tracking_number) VALUES (244, 732, 'Shipping Address for buyer307', 'Shipped', 'TRACK000732');
INSERT INTO payment (payment_id, auction_id, buyer_login, buyer_role, amount, payment_status) VALUES (245, 735, 'buyer350', 'Buyer', 338.57, 'Pending');
INSERT INTO shipment (shipment_id, auction_id, address, shipment_status, tracking_number) VALUES (245, 735, 'Shipping Address for buyer350', 'Delivered', 'TRACK000735');
INSERT INTO payment (payment_id, auction_id, buyer_login, buyer_role, amount, payment_status) VALUES (246, 738, 'buyer19', 'Buyer', 693.06, 'Completed');
INSERT INTO shipment (shipment_id, auction_id, address, shipment_status, tracking_number) VALUES (246, 738, 'Shipping Address for buyer19', 'Delivered', 'TRACK000738');
INSERT INTO payment (payment_id, auction_id, buyer_login, buyer_role, amount, payment_status) VALUES (247, 741, 'buyer5', 'Buyer', 271.70, 'Pending');
INSERT INTO shipment (shipment_id, auction_id, address, shipment_status, tracking_number) VALUES (247, 741, 'Shipping Address for buyer5', 'Pending', NULL);
INSERT INTO payment (payment_id, auction_id, buyer_login, buyer_role, amount, payment_status) VALUES (248, 744, 'buyer148', 'Buyer', 318.96, 'Completed');
INSERT INTO shipment (shipment_id, auction_id, address, shipment_status, tracking_number) VALUES (248, 744, 'Shipping Address for buyer148', 'Delivered', 'TRACK000744');
INSERT INTO payment (payment_id, auction_id, buyer_login, buyer_role, amount, payment_status) VALUES (249, 747, 'buyer19', 'Buyer', 333.24, 'Pending');
INSERT INTO shipment (shipment_id, auction_id, address, shipment_status, tracking_number) VALUES (249, 747, 'Shipping Address for buyer19', 'Delivered', 'TRACK000747');
INSERT INTO payment (payment_id, auction_id, buyer_login, buyer_role, amount, payment_status) VALUES (250, 750, 'buyer229', 'Buyer', 29.30, 'Pending');
INSERT INTO shipment (shipment_id, auction_id, address, shipment_status, tracking_number) VALUES (250, 750, 'Shipping Address for buyer229', 'Shipped', 'TRACK000750');
INSERT INTO payment (payment_id, auction_id, buyer_login, buyer_role, amount, payment_status) VALUES (251, 753, 'buyer198', 'Buyer', 583.77, 'Failed');
INSERT INTO shipment (shipment_id, auction_id, address, shipment_status, tracking_number) VALUES (251, 753, 'Shipping Address for buyer198', 'Pending', NULL);
INSERT INTO payment (payment_id, auction_id, buyer_login, buyer_role, amount, payment_status) VALUES (252, 756, 'buyer181', 'Buyer', 647.46, 'Pending');
INSERT INTO shipment (shipment_id, auction_id, address, shipment_status, tracking_number) VALUES (252, 756, 'Shipping Address for buyer181', 'Delivered', 'TRACK000756');
INSERT INTO payment (payment_id, auction_id, buyer_login, buyer_role, amount, payment_status) VALUES (253, 759, 'buyer106', 'Buyer', 299.61, 'Failed');
INSERT INTO shipment (shipment_id, auction_id, address, shipment_status, tracking_number) VALUES (253, 759, 'Shipping Address for buyer106', 'Shipped', 'TRACK000759');
INSERT INTO payment (payment_id, auction_id, buyer_login, buyer_role, amount, payment_status) VALUES (254, 762, 'buyer375', 'Buyer', 162.87, 'Pending');
INSERT INTO shipment (shipment_id, auction_id, address, shipment_status, tracking_number) VALUES (254, 762, 'Shipping Address for buyer375', 'Pending', NULL);
INSERT INTO payment (payment_id, auction_id, buyer_login, buyer_role, amount, payment_status) VALUES (255, 765, 'buyer166', 'Buyer', 660.83, 'Failed');
INSERT INTO shipment (shipment_id, auction_id, address, shipment_status, tracking_number) VALUES (255, 765, 'Shipping Address for buyer166', 'Delivered', 'TRACK000765');
INSERT INTO payment (payment_id, auction_id, buyer_login, buyer_role, amount, payment_status) VALUES (256, 768, 'buyer302', 'Buyer', 139.43, 'Pending');
INSERT INTO shipment (shipment_id, auction_id, address, shipment_status, tracking_number) VALUES (256, 768, 'Shipping Address for buyer302', 'Pending', NULL);
INSERT INTO payment (payment_id, auction_id, buyer_login, buyer_role, amount, payment_status) VALUES (257, 771, 'buyer373', 'Buyer', 428.33, 'Pending');
INSERT INTO shipment (shipment_id, auction_id, address, shipment_status, tracking_number) VALUES (257, 771, 'Shipping Address for buyer373', 'Pending', NULL);
INSERT INTO payment (payment_id, auction_id, buyer_login, buyer_role, amount, payment_status) VALUES (258, 774, 'buyer177', 'Buyer', 586.31, 'Pending');
INSERT INTO shipment (shipment_id, auction_id, address, shipment_status, tracking_number) VALUES (258, 774, 'Shipping Address for buyer177', 'Pending', NULL);
INSERT INTO payment (payment_id, auction_id, buyer_login, buyer_role, amount, payment_status) VALUES (259, 777, 'buyer265', 'Buyer', 598.57, 'Completed');
INSERT INTO shipment (shipment_id, auction_id, address, shipment_status, tracking_number) VALUES (259, 777, 'Shipping Address for buyer265', 'Pending', NULL);
INSERT INTO payment (payment_id, auction_id, buyer_login, buyer_role, amount, payment_status) VALUES (260, 780, 'buyer24', 'Buyer', 271.02, 'Pending');
INSERT INTO shipment (shipment_id, auction_id, address, shipment_status, tracking_number) VALUES (260, 780, 'Shipping Address for buyer24', 'Shipped', 'TRACK000780');
INSERT INTO payment (payment_id, auction_id, buyer_login, buyer_role, amount, payment_status) VALUES (261, 783, 'buyer17', 'Buyer', 625.66, 'Failed');
INSERT INTO shipment (shipment_id, auction_id, address, shipment_status, tracking_number) VALUES (261, 783, 'Shipping Address for buyer17', 'Delivered', 'TRACK000783');
INSERT INTO payment (payment_id, auction_id, buyer_login, buyer_role, amount, payment_status) VALUES (262, 786, 'buyer100', 'Buyer', 76.98, 'Pending');
INSERT INTO shipment (shipment_id, auction_id, address, shipment_status, tracking_number) VALUES (262, 786, 'Shipping Address for buyer100', 'Pending', NULL);
INSERT INTO payment (payment_id, auction_id, buyer_login, buyer_role, amount, payment_status) VALUES (263, 789, 'buyer378', 'Buyer', 152.49, 'Failed');
INSERT INTO shipment (shipment_id, auction_id, address, shipment_status, tracking_number) VALUES (263, 789, 'Shipping Address for buyer378', 'Shipped', 'TRACK000789');
INSERT INTO payment (payment_id, auction_id, buyer_login, buyer_role, amount, payment_status) VALUES (264, 792, 'buyer284', 'Buyer', 579.51, 'Pending');
INSERT INTO shipment (shipment_id, auction_id, address, shipment_status, tracking_number) VALUES (264, 792, 'Shipping Address for buyer284', 'Shipped', 'TRACK000792');
INSERT INTO payment (payment_id, auction_id, buyer_login, buyer_role, amount, payment_status) VALUES (265, 795, 'buyer35', 'Buyer', 39.93, 'Pending');
INSERT INTO shipment (shipment_id, auction_id, address, shipment_status, tracking_number) VALUES (265, 795, 'Shipping Address for buyer35', 'Delivered', 'TRACK000795');
INSERT INTO payment (payment_id, auction_id, buyer_login, buyer_role, amount, payment_status) VALUES (266, 798, 'buyer318', 'Buyer', 266.42, 'Pending');
INSERT INTO shipment (shipment_id, auction_id, address, shipment_status, tracking_number) VALUES (266, 798, 'Shipping Address for buyer318', 'Shipped', 'TRACK000798');
INSERT INTO payment (payment_id, auction_id, buyer_login, buyer_role, amount, payment_status) VALUES (267, 801, 'buyer349', 'Buyer', 692.35, 'Pending');
INSERT INTO shipment (shipment_id, auction_id, address, shipment_status, tracking_number) VALUES (267, 801, 'Shipping Address for buyer349', 'Delivered', 'TRACK000801');
INSERT INTO payment (payment_id, auction_id, buyer_login, buyer_role, amount, payment_status) VALUES (268, 804, 'buyer390', 'Buyer', 325.18, 'Pending');
INSERT INTO shipment (shipment_id, auction_id, address, shipment_status, tracking_number) VALUES (268, 804, 'Shipping Address for buyer390', 'Shipped', 'TRACK000804');
INSERT INTO payment (payment_id, auction_id, buyer_login, buyer_role, amount, payment_status) VALUES (269, 807, 'buyer388', 'Buyer', 578.96, 'Failed');
INSERT INTO shipment (shipment_id, auction_id, address, shipment_status, tracking_number) VALUES (269, 807, 'Shipping Address for buyer388', 'Delivered', 'TRACK000807');
INSERT INTO payment (payment_id, auction_id, buyer_login, buyer_role, amount, payment_status) VALUES (270, 810, 'buyer158', 'Buyer', 462.06, 'Pending');
INSERT INTO shipment (shipment_id, auction_id, address, shipment_status, tracking_number) VALUES (270, 810, 'Shipping Address for buyer158', 'Pending', NULL);
INSERT INTO payment (payment_id, auction_id, buyer_login, buyer_role, amount, payment_status) VALUES (271, 813, 'buyer204', 'Buyer', 237.17, 'Completed');
INSERT INTO shipment (shipment_id, auction_id, address, shipment_status, tracking_number) VALUES (271, 813, 'Shipping Address for buyer204', 'Shipped', 'TRACK000813');
INSERT INTO payment (payment_id, auction_id, buyer_login, buyer_role, amount, payment_status) VALUES (272, 816, 'buyer221', 'Buyer', 229.61, 'Failed');
INSERT INTO shipment (shipment_id, auction_id, address, shipment_status, tracking_number) VALUES (272, 816, 'Shipping Address for buyer221', 'Pending', NULL);
INSERT INTO payment (payment_id, auction_id, buyer_login, buyer_role, amount, payment_status) VALUES (273, 819, 'buyer308', 'Buyer', 270.21, 'Completed');
INSERT INTO shipment (shipment_id, auction_id, address, shipment_status, tracking_number) VALUES (273, 819, 'Shipping Address for buyer308', 'Delivered', 'TRACK000819');
INSERT INTO payment (payment_id, auction_id, buyer_login, buyer_role, amount, payment_status) VALUES (274, 822, 'buyer228', 'Buyer', 430.96, 'Failed');
INSERT INTO shipment (shipment_id, auction_id, address, shipment_status, tracking_number) VALUES (274, 822, 'Shipping Address for buyer228', 'Delivered', 'TRACK000822');
INSERT INTO payment (payment_id, auction_id, buyer_login, buyer_role, amount, payment_status) VALUES (275, 825, 'buyer389', 'Buyer', 540.45, 'Failed');
INSERT INTO shipment (shipment_id, auction_id, address, shipment_status, tracking_number) VALUES (275, 825, 'Shipping Address for buyer389', 'Shipped', 'TRACK000825');
INSERT INTO payment (payment_id, auction_id, buyer_login, buyer_role, amount, payment_status) VALUES (276, 828, 'buyer140', 'Buyer', 359.18, 'Completed');
INSERT INTO shipment (shipment_id, auction_id, address, shipment_status, tracking_number) VALUES (276, 828, 'Shipping Address for buyer140', 'Shipped', 'TRACK000828');
INSERT INTO payment (payment_id, auction_id, buyer_login, buyer_role, amount, payment_status) VALUES (277, 831, 'buyer375', 'Buyer', 282.03, 'Pending');
INSERT INTO shipment (shipment_id, auction_id, address, shipment_status, tracking_number) VALUES (277, 831, 'Shipping Address for buyer375', 'Delivered', 'TRACK000831');
INSERT INTO payment (payment_id, auction_id, buyer_login, buyer_role, amount, payment_status) VALUES (278, 834, 'buyer101', 'Buyer', 350.62, 'Failed');
INSERT INTO shipment (shipment_id, auction_id, address, shipment_status, tracking_number) VALUES (278, 834, 'Shipping Address for buyer101', 'Shipped', 'TRACK000834');
INSERT INTO payment (payment_id, auction_id, buyer_login, buyer_role, amount, payment_status) VALUES (279, 837, 'buyer118', 'Buyer', 599.65, 'Completed');
INSERT INTO shipment (shipment_id, auction_id, address, shipment_status, tracking_number) VALUES (279, 837, 'Shipping Address for buyer118', 'Shipped', 'TRACK000837');
INSERT INTO payment (payment_id, auction_id, buyer_login, buyer_role, amount, payment_status) VALUES (280, 840, 'buyer115', 'Buyer', 657.38, 'Completed');
INSERT INTO shipment (shipment_id, auction_id, address, shipment_status, tracking_number) VALUES (280, 840, 'Shipping Address for buyer115', 'Shipped', 'TRACK000840');
INSERT INTO payment (payment_id, auction_id, buyer_login, buyer_role, amount, payment_status) VALUES (281, 843, 'buyer171', 'Buyer', 442.90, 'Failed');
INSERT INTO shipment (shipment_id, auction_id, address, shipment_status, tracking_number) VALUES (281, 843, 'Shipping Address for buyer171', 'Delivered', 'TRACK000843');
INSERT INTO payment (payment_id, auction_id, buyer_login, buyer_role, amount, payment_status) VALUES (282, 846, 'buyer268', 'Buyer', 561.85, 'Completed');
INSERT INTO shipment (shipment_id, auction_id, address, shipment_status, tracking_number) VALUES (282, 846, 'Shipping Address for buyer268', 'Pending', NULL);
INSERT INTO payment (payment_id, auction_id, buyer_login, buyer_role, amount, payment_status) VALUES (283, 849, 'buyer236', 'Buyer', 559.82, 'Pending');
INSERT INTO shipment (shipment_id, auction_id, address, shipment_status, tracking_number) VALUES (283, 849, 'Shipping Address for buyer236', 'Pending', NULL);
INSERT INTO payment (payment_id, auction_id, buyer_login, buyer_role, amount, payment_status) VALUES (284, 852, 'buyer378', 'Buyer', 205.04, 'Completed');
INSERT INTO shipment (shipment_id, auction_id, address, shipment_status, tracking_number) VALUES (284, 852, 'Shipping Address for buyer378', 'Delivered', 'TRACK000852');
INSERT INTO payment (payment_id, auction_id, buyer_login, buyer_role, amount, payment_status) VALUES (285, 855, 'buyer138', 'Buyer', 287.21, 'Pending');
INSERT INTO shipment (shipment_id, auction_id, address, shipment_status, tracking_number) VALUES (285, 855, 'Shipping Address for buyer138', 'Shipped', 'TRACK000855');
INSERT INTO payment (payment_id, auction_id, buyer_login, buyer_role, amount, payment_status) VALUES (286, 858, 'buyer274', 'Buyer', 534.17, 'Completed');
INSERT INTO shipment (shipment_id, auction_id, address, shipment_status, tracking_number) VALUES (286, 858, 'Shipping Address for buyer274', 'Delivered', 'TRACK000858');
INSERT INTO payment (payment_id, auction_id, buyer_login, buyer_role, amount, payment_status) VALUES (287, 861, 'buyer166', 'Buyer', 161.98, 'Completed');
INSERT INTO shipment (shipment_id, auction_id, address, shipment_status, tracking_number) VALUES (287, 861, 'Shipping Address for buyer166', 'Pending', NULL);
INSERT INTO payment (payment_id, auction_id, buyer_login, buyer_role, amount, payment_status) VALUES (288, 864, 'buyer393', 'Buyer', 386.30, 'Failed');
INSERT INTO shipment (shipment_id, auction_id, address, shipment_status, tracking_number) VALUES (288, 864, 'Shipping Address for buyer393', 'Shipped', 'TRACK000864');
INSERT INTO payment (payment_id, auction_id, buyer_login, buyer_role, amount, payment_status) VALUES (289, 867, 'buyer51', 'Buyer', 301.11, 'Completed');
INSERT INTO shipment (shipment_id, auction_id, address, shipment_status, tracking_number) VALUES (289, 867, 'Shipping Address for buyer51', 'Shipped', 'TRACK000867');
INSERT INTO payment (payment_id, auction_id, buyer_login, buyer_role, amount, payment_status) VALUES (290, 870, 'buyer114', 'Buyer', 591.11, 'Pending');
INSERT INTO shipment (shipment_id, auction_id, address, shipment_status, tracking_number) VALUES (290, 870, 'Shipping Address for buyer114', 'Pending', NULL);
INSERT INTO payment (payment_id, auction_id, buyer_login, buyer_role, amount, payment_status) VALUES (291, 873, 'buyer326', 'Buyer', 182.47, 'Failed');
INSERT INTO shipment (shipment_id, auction_id, address, shipment_status, tracking_number) VALUES (291, 873, 'Shipping Address for buyer326', 'Delivered', 'TRACK000873');
INSERT INTO payment (payment_id, auction_id, buyer_login, buyer_role, amount, payment_status) VALUES (292, 876, 'buyer25', 'Buyer', 461.31, 'Failed');
INSERT INTO shipment (shipment_id, auction_id, address, shipment_status, tracking_number) VALUES (292, 876, 'Shipping Address for buyer25', 'Pending', NULL);
INSERT INTO payment (payment_id, auction_id, buyer_login, buyer_role, amount, payment_status) VALUES (293, 879, 'buyer10', 'Buyer', 237.46, 'Pending');
INSERT INTO shipment (shipment_id, auction_id, address, shipment_status, tracking_number) VALUES (293, 879, 'Shipping Address for buyer10', 'Pending', NULL);
INSERT INTO payment (payment_id, auction_id, buyer_login, buyer_role, amount, payment_status) VALUES (294, 882, 'buyer302', 'Buyer', 81.16, 'Completed');
INSERT INTO shipment (shipment_id, auction_id, address, shipment_status, tracking_number) VALUES (294, 882, 'Shipping Address for buyer302', 'Delivered', 'TRACK000882');
INSERT INTO payment (payment_id, auction_id, buyer_login, buyer_role, amount, payment_status) VALUES (295, 885, 'buyer256', 'Buyer', 720.92, 'Failed');
INSERT INTO shipment (shipment_id, auction_id, address, shipment_status, tracking_number) VALUES (295, 885, 'Shipping Address for buyer256', 'Pending', NULL);
INSERT INTO payment (payment_id, auction_id, buyer_login, buyer_role, amount, payment_status) VALUES (296, 888, 'buyer182', 'Buyer', 606.75, 'Completed');
INSERT INTO shipment (shipment_id, auction_id, address, shipment_status, tracking_number) VALUES (296, 888, 'Shipping Address for buyer182', 'Delivered', 'TRACK000888');
INSERT INTO payment (payment_id, auction_id, buyer_login, buyer_role, amount, payment_status) VALUES (297, 891, 'buyer157', 'Buyer', 384.26, 'Pending');
INSERT INTO shipment (shipment_id, auction_id, address, shipment_status, tracking_number) VALUES (297, 891, 'Shipping Address for buyer157', 'Delivered', 'TRACK000891');
INSERT INTO payment (payment_id, auction_id, buyer_login, buyer_role, amount, payment_status) VALUES (298, 894, 'buyer16', 'Buyer', 118.48, 'Completed');
INSERT INTO shipment (shipment_id, auction_id, address, shipment_status, tracking_number) VALUES (298, 894, 'Shipping Address for buyer16', 'Shipped', 'TRACK000894');
INSERT INTO payment (payment_id, auction_id, buyer_login, buyer_role, amount, payment_status) VALUES (299, 897, 'buyer398', 'Buyer', 393.16, 'Completed');
INSERT INTO shipment (shipment_id, auction_id, address, shipment_status, tracking_number) VALUES (299, 897, 'Shipping Address for buyer398', 'Shipped', 'TRACK000897');
INSERT INTO payment (payment_id, auction_id, buyer_login, buyer_role, amount, payment_status) VALUES (300, 900, 'buyer216', 'Buyer', 530.72, 'Completed');
INSERT INTO shipment (shipment_id, auction_id, address, shipment_status, tracking_number) VALUES (300, 900, 'Shipping Address for buyer216', 'Shipped', 'TRACK000900');
INSERT INTO payment (payment_id, auction_id, buyer_login, buyer_role, amount, payment_status) VALUES (301, 903, 'buyer186', 'Buyer', 617.27, 'Failed');
INSERT INTO shipment (shipment_id, auction_id, address, shipment_status, tracking_number) VALUES (301, 903, 'Shipping Address for buyer186', 'Pending', NULL);
INSERT INTO payment (payment_id, auction_id, buyer_login, buyer_role, amount, payment_status) VALUES (302, 906, 'buyer294', 'Buyer', 228.84, 'Completed');
INSERT INTO shipment (shipment_id, auction_id, address, shipment_status, tracking_number) VALUES (302, 906, 'Shipping Address for buyer294', 'Delivered', 'TRACK000906');
INSERT INTO payment (payment_id, auction_id, buyer_login, buyer_role, amount, payment_status) VALUES (303, 909, 'buyer306', 'Buyer', 401.26, 'Completed');
INSERT INTO shipment (shipment_id, auction_id, address, shipment_status, tracking_number) VALUES (303, 909, 'Shipping Address for buyer306', 'Shipped', 'TRACK000909');
INSERT INTO payment (payment_id, auction_id, buyer_login, buyer_role, amount, payment_status) VALUES (304, 912, 'buyer381', 'Buyer', 467.95, 'Failed');
INSERT INTO shipment (shipment_id, auction_id, address, shipment_status, tracking_number) VALUES (304, 912, 'Shipping Address for buyer381', 'Shipped', 'TRACK000912');
INSERT INTO payment (payment_id, auction_id, buyer_login, buyer_role, amount, payment_status) VALUES (305, 915, 'buyer67', 'Buyer', 696.49, 'Completed');
INSERT INTO shipment (shipment_id, auction_id, address, shipment_status, tracking_number) VALUES (305, 915, 'Shipping Address for buyer67', 'Delivered', 'TRACK000915');
INSERT INTO payment (payment_id, auction_id, buyer_login, buyer_role, amount, payment_status) VALUES (306, 918, 'buyer58', 'Buyer', 512.49, 'Pending');
INSERT INTO shipment (shipment_id, auction_id, address, shipment_status, tracking_number) VALUES (306, 918, 'Shipping Address for buyer58', 'Pending', NULL);
INSERT INTO payment (payment_id, auction_id, buyer_login, buyer_role, amount, payment_status) VALUES (307, 921, 'buyer330', 'Buyer', 615.36, 'Pending');
INSERT INTO shipment (shipment_id, auction_id, address, shipment_status, tracking_number) VALUES (307, 921, 'Shipping Address for buyer330', 'Delivered', 'TRACK000921');
INSERT INTO payment (payment_id, auction_id, buyer_login, buyer_role, amount, payment_status) VALUES (308, 924, 'buyer366', 'Buyer', 284.45, 'Pending');
INSERT INTO shipment (shipment_id, auction_id, address, shipment_status, tracking_number) VALUES (308, 924, 'Shipping Address for buyer366', 'Delivered', 'TRACK000924');
INSERT INTO payment (payment_id, auction_id, buyer_login, buyer_role, amount, payment_status) VALUES (309, 927, 'buyer220', 'Buyer', 306.00, 'Pending');
INSERT INTO shipment (shipment_id, auction_id, address, shipment_status, tracking_number) VALUES (309, 927, 'Shipping Address for buyer220', 'Pending', NULL);
INSERT INTO payment (payment_id, auction_id, buyer_login, buyer_role, amount, payment_status) VALUES (310, 930, 'buyer62', 'Buyer', 210.67, 'Failed');
INSERT INTO shipment (shipment_id, auction_id, address, shipment_status, tracking_number) VALUES (310, 930, 'Shipping Address for buyer62', 'Pending', NULL);
INSERT INTO payment (payment_id, auction_id, buyer_login, buyer_role, amount, payment_status) VALUES (311, 933, 'buyer239', 'Buyer', 400.85, 'Failed');
INSERT INTO shipment (shipment_id, auction_id, address, shipment_status, tracking_number) VALUES (311, 933, 'Shipping Address for buyer239', 'Shipped', 'TRACK000933');
INSERT INTO payment (payment_id, auction_id, buyer_login, buyer_role, amount, payment_status) VALUES (312, 936, 'buyer389', 'Buyer', 415.05, 'Completed');
INSERT INTO shipment (shipment_id, auction_id, address, shipment_status, tracking_number) VALUES (312, 936, 'Shipping Address for buyer389', 'Shipped', 'TRACK000936');
INSERT INTO payment (payment_id, auction_id, buyer_login, buyer_role, amount, payment_status) VALUES (313, 939, 'buyer163', 'Buyer', 109.60, 'Pending');
INSERT INTO shipment (shipment_id, auction_id, address, shipment_status, tracking_number) VALUES (313, 939, 'Shipping Address for buyer163', 'Delivered', 'TRACK000939');
INSERT INTO payment (payment_id, auction_id, buyer_login, buyer_role, amount, payment_status) VALUES (314, 942, 'buyer71', 'Buyer', 436.46, 'Failed');
INSERT INTO shipment (shipment_id, auction_id, address, shipment_status, tracking_number) VALUES (314, 942, 'Shipping Address for buyer71', 'Shipped', 'TRACK000942');
INSERT INTO payment (payment_id, auction_id, buyer_login, buyer_role, amount, payment_status) VALUES (315, 945, 'buyer68', 'Buyer', 647.87, 'Completed');
INSERT INTO shipment (shipment_id, auction_id, address, shipment_status, tracking_number) VALUES (315, 945, 'Shipping Address for buyer68', 'Shipped', 'TRACK000945');
INSERT INTO payment (payment_id, auction_id, buyer_login, buyer_role, amount, payment_status) VALUES (316, 948, 'buyer189', 'Buyer', 643.04, 'Completed');
INSERT INTO shipment (shipment_id, auction_id, address, shipment_status, tracking_number) VALUES (316, 948, 'Shipping Address for buyer189', 'Shipped', 'TRACK000948');
INSERT INTO payment (payment_id, auction_id, buyer_login, buyer_role, amount, payment_status) VALUES (317, 951, 'buyer47', 'Buyer', 340.46, 'Completed');
INSERT INTO shipment (shipment_id, auction_id, address, shipment_status, tracking_number) VALUES (317, 951, 'Shipping Address for buyer47', 'Pending', NULL);
INSERT INTO payment (payment_id, auction_id, buyer_login, buyer_role, amount, payment_status) VALUES (318, 954, 'buyer191', 'Buyer', 241.95, 'Completed');
INSERT INTO shipment (shipment_id, auction_id, address, shipment_status, tracking_number) VALUES (318, 954, 'Shipping Address for buyer191', 'Delivered', 'TRACK000954');
INSERT INTO payment (payment_id, auction_id, buyer_login, buyer_role, amount, payment_status) VALUES (319, 957, 'buyer180', 'Buyer', 402.95, 'Failed');
INSERT INTO shipment (shipment_id, auction_id, address, shipment_status, tracking_number) VALUES (319, 957, 'Shipping Address for buyer180', 'Pending', NULL);
INSERT INTO payment (payment_id, auction_id, buyer_login, buyer_role, amount, payment_status) VALUES (320, 960, 'buyer379', 'Buyer', 343.96, 'Failed');
INSERT INTO shipment (shipment_id, auction_id, address, shipment_status, tracking_number) VALUES (320, 960, 'Shipping Address for buyer379', 'Pending', NULL);
INSERT INTO payment (payment_id, auction_id, buyer_login, buyer_role, amount, payment_status) VALUES (321, 963, 'buyer243', 'Buyer', 340.00, 'Pending');
INSERT INTO shipment (shipment_id, auction_id, address, shipment_status, tracking_number) VALUES (321, 963, 'Shipping Address for buyer243', 'Delivered', 'TRACK000963');
INSERT INTO payment (payment_id, auction_id, buyer_login, buyer_role, amount, payment_status) VALUES (322, 966, 'buyer88', 'Buyer', 359.21, 'Pending');
INSERT INTO shipment (shipment_id, auction_id, address, shipment_status, tracking_number) VALUES (322, 966, 'Shipping Address for buyer88', 'Delivered', 'TRACK000966');
INSERT INTO payment (payment_id, auction_id, buyer_login, buyer_role, amount, payment_status) VALUES (323, 969, 'buyer399', 'Buyer', 729.91, 'Completed');
INSERT INTO shipment (shipment_id, auction_id, address, shipment_status, tracking_number) VALUES (323, 969, 'Shipping Address for buyer399', 'Delivered', 'TRACK000969');
INSERT INTO payment (payment_id, auction_id, buyer_login, buyer_role, amount, payment_status) VALUES (324, 972, 'buyer66', 'Buyer', 407.04, 'Failed');
INSERT INTO shipment (shipment_id, auction_id, address, shipment_status, tracking_number) VALUES (324, 972, 'Shipping Address for buyer66', 'Shipped', 'TRACK000972');
INSERT INTO payment (payment_id, auction_id, buyer_login, buyer_role, amount, payment_status) VALUES (325, 975, 'buyer348', 'Buyer', 429.74, 'Pending');
INSERT INTO shipment (shipment_id, auction_id, address, shipment_status, tracking_number) VALUES (325, 975, 'Shipping Address for buyer348', 'Pending', NULL);
INSERT INTO payment (payment_id, auction_id, buyer_login, buyer_role, amount, payment_status) VALUES (326, 978, 'buyer5', 'Buyer', 303.89, 'Failed');
INSERT INTO shipment (shipment_id, auction_id, address, shipment_status, tracking_number) VALUES (326, 978, 'Shipping Address for buyer5', 'Pending', NULL);
INSERT INTO payment (payment_id, auction_id, buyer_login, buyer_role, amount, payment_status) VALUES (327, 981, 'buyer95', 'Buyer', 279.22, 'Failed');
INSERT INTO shipment (shipment_id, auction_id, address, shipment_status, tracking_number) VALUES (327, 981, 'Shipping Address for buyer95', 'Shipped', 'TRACK000981');
INSERT INTO payment (payment_id, auction_id, buyer_login, buyer_role, amount, payment_status) VALUES (328, 984, 'buyer275', 'Buyer', 273.36, 'Completed');
INSERT INTO shipment (shipment_id, auction_id, address, shipment_status, tracking_number) VALUES (328, 984, 'Shipping Address for buyer275', 'Pending', NULL);
INSERT INTO payment (payment_id, auction_id, buyer_login, buyer_role, amount, payment_status) VALUES (329, 987, 'buyer359', 'Buyer', 573.41, 'Pending');
INSERT INTO shipment (shipment_id, auction_id, address, shipment_status, tracking_number) VALUES (329, 987, 'Shipping Address for buyer359', 'Delivered', 'TRACK000987');
INSERT INTO payment (payment_id, auction_id, buyer_login, buyer_role, amount, payment_status) VALUES (330, 990, 'buyer127', 'Buyer', 629.84, 'Completed');
INSERT INTO shipment (shipment_id, auction_id, address, shipment_status, tracking_number) VALUES (330, 990, 'Shipping Address for buyer127', 'Pending', NULL);
INSERT INTO payment (payment_id, auction_id, buyer_login, buyer_role, amount, payment_status) VALUES (331, 993, 'buyer86', 'Buyer', 405.94, 'Failed');
INSERT INTO shipment (shipment_id, auction_id, address, shipment_status, tracking_number) VALUES (331, 993, 'Shipping Address for buyer86', 'Delivered', 'TRACK000993');
INSERT INTO payment (payment_id, auction_id, buyer_login, buyer_role, amount, payment_status) VALUES (332, 996, 'buyer267', 'Buyer', 326.03, 'Pending');
INSERT INTO shipment (shipment_id, auction_id, address, shipment_status, tracking_number) VALUES (332, 996, 'Shipping Address for buyer267', 'Delivered', 'TRACK000996');
INSERT INTO payment (payment_id, auction_id, buyer_login, buyer_role, amount, payment_status) VALUES (333, 999, 'buyer138', 'Buyer', 626.18, 'Pending');
INSERT INTO shipment (shipment_id, auction_id, address, shipment_status, tracking_number) VALUES (333, 999, 'Shipping Address for buyer138', 'Shipped', 'TRACK000999');

COMMIT;